/*
MySQL Backup
Source Server Version: 5.6.15
Source Database: cf
Date: 2019/4/7 14:49:12
*/

SET FOREIGN_KEY_CHECKS=0;

-- ----------------------------
--  Table structure for `act_evt_log`
-- ----------------------------
DROP TABLE IF EXISTS `act_evt_log`;
CREATE TABLE `act_evt_log` (
  `LOG_NR_` bigint(20) NOT NULL AUTO_INCREMENT,
  `TYPE_` varchar(64) COLLATE utf8_bin DEFAULT NULL,
  `PROC_DEF_ID_` varchar(64) COLLATE utf8_bin DEFAULT NULL,
  `PROC_INST_ID_` varchar(64) COLLATE utf8_bin DEFAULT NULL,
  `EXECUTION_ID_` varchar(64) COLLATE utf8_bin DEFAULT NULL,
  `TASK_ID_` varchar(64) COLLATE utf8_bin DEFAULT NULL,
  `TIME_STAMP_` timestamp(3) NOT NULL DEFAULT CURRENT_TIMESTAMP(3) ON UPDATE CURRENT_TIMESTAMP(3),
  `USER_ID_` varchar(255) COLLATE utf8_bin DEFAULT NULL,
  `DATA_` longblob,
  `LOCK_OWNER_` varchar(255) COLLATE utf8_bin DEFAULT NULL,
  `LOCK_TIME_` timestamp(3) NULL DEFAULT NULL,
  `IS_PROCESSED_` tinyint(4) DEFAULT '0',
  PRIMARY KEY (`LOG_NR_`)
) ENGINE=InnoDB DEFAULT CHARSET=utf8 COLLATE=utf8_bin;

-- ----------------------------
--  Table structure for `act_ge_bytearray`
-- ----------------------------
DROP TABLE IF EXISTS `act_ge_bytearray`;
CREATE TABLE `act_ge_bytearray` (
  `ID_` varchar(64) COLLATE utf8_bin NOT NULL,
  `REV_` int(11) DEFAULT NULL,
  `NAME_` varchar(255) COLLATE utf8_bin DEFAULT NULL,
  `DEPLOYMENT_ID_` varchar(64) COLLATE utf8_bin DEFAULT NULL,
  `BYTES_` longblob,
  `GENERATED_` tinyint(4) DEFAULT NULL,
  PRIMARY KEY (`ID_`),
  KEY `ACT_FK_BYTEARR_DEPL` (`DEPLOYMENT_ID_`),
  CONSTRAINT `ACT_FK_BYTEARR_DEPL` FOREIGN KEY (`DEPLOYMENT_ID_`) REFERENCES `act_re_deployment` (`ID_`)
) ENGINE=InnoDB DEFAULT CHARSET=utf8 COLLATE=utf8_bin;

-- ----------------------------
--  Table structure for `act_ge_property`
-- ----------------------------
DROP TABLE IF EXISTS `act_ge_property`;
CREATE TABLE `act_ge_property` (
  `NAME_` varchar(64) COLLATE utf8_bin NOT NULL,
  `VALUE_` varchar(300) COLLATE utf8_bin DEFAULT NULL,
  `REV_` int(11) DEFAULT NULL,
  PRIMARY KEY (`NAME_`)
) ENGINE=InnoDB DEFAULT CHARSET=utf8 COLLATE=utf8_bin;

-- ----------------------------
--  Table structure for `act_hi_actinst`
-- ----------------------------
DROP TABLE IF EXISTS `act_hi_actinst`;
CREATE TABLE `act_hi_actinst` (
  `ID_` varchar(64) COLLATE utf8_bin NOT NULL,
  `PROC_DEF_ID_` varchar(64) COLLATE utf8_bin NOT NULL,
  `PROC_INST_ID_` varchar(64) COLLATE utf8_bin NOT NULL,
  `EXECUTION_ID_` varchar(64) COLLATE utf8_bin NOT NULL,
  `ACT_ID_` varchar(255) COLLATE utf8_bin NOT NULL,
  `TASK_ID_` varchar(64) COLLATE utf8_bin DEFAULT NULL,
  `CALL_PROC_INST_ID_` varchar(64) COLLATE utf8_bin DEFAULT NULL,
  `ACT_NAME_` varchar(255) COLLATE utf8_bin DEFAULT NULL,
  `ACT_TYPE_` varchar(255) COLLATE utf8_bin NOT NULL,
  `ASSIGNEE_` varchar(255) COLLATE utf8_bin DEFAULT NULL,
  `START_TIME_` datetime(3) NOT NULL,
  `END_TIME_` datetime(3) DEFAULT NULL,
  `DURATION_` bigint(20) DEFAULT NULL,
  `TENANT_ID_` varchar(255) COLLATE utf8_bin DEFAULT '',
  PRIMARY KEY (`ID_`),
  KEY `ACT_IDX_HI_ACT_INST_START` (`START_TIME_`),
  KEY `ACT_IDX_HI_ACT_INST_END` (`END_TIME_`),
  KEY `ACT_IDX_HI_ACT_INST_PROCINST` (`PROC_INST_ID_`,`ACT_ID_`),
  KEY `ACT_IDX_HI_ACT_INST_EXEC` (`EXECUTION_ID_`,`ACT_ID_`)
) ENGINE=InnoDB DEFAULT CHARSET=utf8 COLLATE=utf8_bin;

-- ----------------------------
--  Table structure for `act_hi_attachment`
-- ----------------------------
DROP TABLE IF EXISTS `act_hi_attachment`;
CREATE TABLE `act_hi_attachment` (
  `ID_` varchar(64) COLLATE utf8_bin NOT NULL,
  `REV_` int(11) DEFAULT NULL,
  `USER_ID_` varchar(255) COLLATE utf8_bin DEFAULT NULL,
  `NAME_` varchar(255) COLLATE utf8_bin DEFAULT NULL,
  `DESCRIPTION_` varchar(4000) COLLATE utf8_bin DEFAULT NULL,
  `TYPE_` varchar(255) COLLATE utf8_bin DEFAULT NULL,
  `TASK_ID_` varchar(64) COLLATE utf8_bin DEFAULT NULL,
  `PROC_INST_ID_` varchar(64) COLLATE utf8_bin DEFAULT NULL,
  `URL_` varchar(4000) COLLATE utf8_bin DEFAULT NULL,
  `CONTENT_ID_` varchar(64) COLLATE utf8_bin DEFAULT NULL,
  `TIME_` datetime(3) DEFAULT NULL,
  PRIMARY KEY (`ID_`)
) ENGINE=InnoDB DEFAULT CHARSET=utf8 COLLATE=utf8_bin;

-- ----------------------------
--  Table structure for `act_hi_comment`
-- ----------------------------
DROP TABLE IF EXISTS `act_hi_comment`;
CREATE TABLE `act_hi_comment` (
  `ID_` varchar(64) COLLATE utf8_bin NOT NULL,
  `TYPE_` varchar(255) COLLATE utf8_bin DEFAULT NULL,
  `TIME_` datetime(3) NOT NULL,
  `USER_ID_` varchar(255) COLLATE utf8_bin DEFAULT NULL,
  `TASK_ID_` varchar(64) COLLATE utf8_bin DEFAULT NULL,
  `PROC_INST_ID_` varchar(64) COLLATE utf8_bin DEFAULT NULL,
  `ACTION_` varchar(255) COLLATE utf8_bin DEFAULT NULL,
  `MESSAGE_` varchar(4000) COLLATE utf8_bin DEFAULT NULL,
  `FULL_MSG_` longblob,
  PRIMARY KEY (`ID_`)
) ENGINE=InnoDB DEFAULT CHARSET=utf8 COLLATE=utf8_bin;

-- ----------------------------
--  Table structure for `act_hi_detail`
-- ----------------------------
DROP TABLE IF EXISTS `act_hi_detail`;
CREATE TABLE `act_hi_detail` (
  `ID_` varchar(64) COLLATE utf8_bin NOT NULL,
  `TYPE_` varchar(255) COLLATE utf8_bin NOT NULL,
  `PROC_INST_ID_` varchar(64) COLLATE utf8_bin DEFAULT NULL,
  `EXECUTION_ID_` varchar(64) COLLATE utf8_bin DEFAULT NULL,
  `TASK_ID_` varchar(64) COLLATE utf8_bin DEFAULT NULL,
  `ACT_INST_ID_` varchar(64) COLLATE utf8_bin DEFAULT NULL,
  `NAME_` varchar(255) COLLATE utf8_bin NOT NULL,
  `VAR_TYPE_` varchar(255) COLLATE utf8_bin DEFAULT NULL,
  `REV_` int(11) DEFAULT NULL,
  `TIME_` datetime(3) NOT NULL,
  `BYTEARRAY_ID_` varchar(64) COLLATE utf8_bin DEFAULT NULL,
  `DOUBLE_` double DEFAULT NULL,
  `LONG_` bigint(20) DEFAULT NULL,
  `TEXT_` varchar(4000) COLLATE utf8_bin DEFAULT NULL,
  `TEXT2_` varchar(4000) COLLATE utf8_bin DEFAULT NULL,
  PRIMARY KEY (`ID_`),
  KEY `ACT_IDX_HI_DETAIL_PROC_INST` (`PROC_INST_ID_`),
  KEY `ACT_IDX_HI_DETAIL_ACT_INST` (`ACT_INST_ID_`),
  KEY `ACT_IDX_HI_DETAIL_TIME` (`TIME_`),
  KEY `ACT_IDX_HI_DETAIL_NAME` (`NAME_`),
  KEY `ACT_IDX_HI_DETAIL_TASK_ID` (`TASK_ID_`)
) ENGINE=InnoDB DEFAULT CHARSET=utf8 COLLATE=utf8_bin;

-- ----------------------------
--  Table structure for `act_hi_identitylink`
-- ----------------------------
DROP TABLE IF EXISTS `act_hi_identitylink`;
CREATE TABLE `act_hi_identitylink` (
  `ID_` varchar(64) COLLATE utf8_bin NOT NULL,
  `GROUP_ID_` varchar(255) COLLATE utf8_bin DEFAULT NULL,
  `TYPE_` varchar(255) COLLATE utf8_bin DEFAULT NULL,
  `USER_ID_` varchar(255) COLLATE utf8_bin DEFAULT NULL,
  `TASK_ID_` varchar(64) COLLATE utf8_bin DEFAULT NULL,
  `PROC_INST_ID_` varchar(64) COLLATE utf8_bin DEFAULT NULL,
  PRIMARY KEY (`ID_`),
  KEY `ACT_IDX_HI_IDENT_LNK_USER` (`USER_ID_`),
  KEY `ACT_IDX_HI_IDENT_LNK_TASK` (`TASK_ID_`),
  KEY `ACT_IDX_HI_IDENT_LNK_PROCINST` (`PROC_INST_ID_`)
) ENGINE=InnoDB DEFAULT CHARSET=utf8 COLLATE=utf8_bin;

-- ----------------------------
--  Table structure for `act_hi_procinst`
-- ----------------------------
DROP TABLE IF EXISTS `act_hi_procinst`;
CREATE TABLE `act_hi_procinst` (
  `ID_` varchar(64) COLLATE utf8_bin NOT NULL,
  `PROC_INST_ID_` varchar(64) COLLATE utf8_bin NOT NULL,
  `BUSINESS_KEY_` varchar(255) COLLATE utf8_bin DEFAULT NULL,
  `PROC_DEF_ID_` varchar(64) COLLATE utf8_bin NOT NULL,
  `START_TIME_` datetime(3) NOT NULL,
  `END_TIME_` datetime(3) DEFAULT NULL,
  `DURATION_` bigint(20) DEFAULT NULL,
  `START_USER_ID_` varchar(255) COLLATE utf8_bin DEFAULT NULL,
  `START_ACT_ID_` varchar(255) COLLATE utf8_bin DEFAULT NULL,
  `END_ACT_ID_` varchar(255) COLLATE utf8_bin DEFAULT NULL,
  `SUPER_PROCESS_INSTANCE_ID_` varchar(64) COLLATE utf8_bin DEFAULT NULL,
  `DELETE_REASON_` varchar(4000) COLLATE utf8_bin DEFAULT NULL,
  `TENANT_ID_` varchar(255) COLLATE utf8_bin DEFAULT '',
  `NAME_` varchar(255) COLLATE utf8_bin DEFAULT NULL,
  PRIMARY KEY (`ID_`),
  UNIQUE KEY `PROC_INST_ID_` (`PROC_INST_ID_`),
  KEY `ACT_IDX_HI_PRO_INST_END` (`END_TIME_`),
  KEY `ACT_IDX_HI_PRO_I_BUSKEY` (`BUSINESS_KEY_`)
) ENGINE=InnoDB DEFAULT CHARSET=utf8 COLLATE=utf8_bin;

-- ----------------------------
--  Table structure for `act_hi_taskinst`
-- ----------------------------
DROP TABLE IF EXISTS `act_hi_taskinst`;
CREATE TABLE `act_hi_taskinst` (
  `ID_` varchar(64) COLLATE utf8_bin NOT NULL,
  `PROC_DEF_ID_` varchar(64) COLLATE utf8_bin DEFAULT NULL,
  `TASK_DEF_KEY_` varchar(255) COLLATE utf8_bin DEFAULT NULL,
  `PROC_INST_ID_` varchar(64) COLLATE utf8_bin DEFAULT NULL,
  `EXECUTION_ID_` varchar(64) COLLATE utf8_bin DEFAULT NULL,
  `NAME_` varchar(255) COLLATE utf8_bin DEFAULT NULL,
  `PARENT_TASK_ID_` varchar(64) COLLATE utf8_bin DEFAULT NULL,
  `DESCRIPTION_` varchar(4000) COLLATE utf8_bin DEFAULT NULL,
  `OWNER_` varchar(255) COLLATE utf8_bin DEFAULT NULL,
  `ASSIGNEE_` varchar(255) COLLATE utf8_bin DEFAULT NULL,
  `START_TIME_` datetime(3) NOT NULL,
  `CLAIM_TIME_` datetime(3) DEFAULT NULL,
  `END_TIME_` datetime(3) DEFAULT NULL,
  `DURATION_` bigint(20) DEFAULT NULL,
  `DELETE_REASON_` varchar(4000) COLLATE utf8_bin DEFAULT NULL,
  `PRIORITY_` int(11) DEFAULT NULL,
  `DUE_DATE_` datetime(3) DEFAULT NULL,
  `FORM_KEY_` varchar(255) COLLATE utf8_bin DEFAULT NULL,
  `CATEGORY_` varchar(255) COLLATE utf8_bin DEFAULT NULL,
  `TENANT_ID_` varchar(255) COLLATE utf8_bin DEFAULT '',
  PRIMARY KEY (`ID_`),
  KEY `ACT_IDX_HI_TASK_INST_PROCINST` (`PROC_INST_ID_`)
) ENGINE=InnoDB DEFAULT CHARSET=utf8 COLLATE=utf8_bin;

-- ----------------------------
--  Table structure for `act_hi_varinst`
-- ----------------------------
DROP TABLE IF EXISTS `act_hi_varinst`;
CREATE TABLE `act_hi_varinst` (
  `ID_` varchar(64) COLLATE utf8_bin NOT NULL,
  `PROC_INST_ID_` varchar(64) COLLATE utf8_bin DEFAULT NULL,
  `EXECUTION_ID_` varchar(64) COLLATE utf8_bin DEFAULT NULL,
  `TASK_ID_` varchar(64) COLLATE utf8_bin DEFAULT NULL,
  `NAME_` varchar(255) COLLATE utf8_bin NOT NULL,
  `VAR_TYPE_` varchar(100) COLLATE utf8_bin DEFAULT NULL,
  `REV_` int(11) DEFAULT NULL,
  `BYTEARRAY_ID_` varchar(64) COLLATE utf8_bin DEFAULT NULL,
  `DOUBLE_` double DEFAULT NULL,
  `LONG_` bigint(20) DEFAULT NULL,
  `TEXT_` varchar(4000) COLLATE utf8_bin DEFAULT NULL,
  `TEXT2_` varchar(4000) COLLATE utf8_bin DEFAULT NULL,
  `CREATE_TIME_` datetime(3) DEFAULT NULL,
  `LAST_UPDATED_TIME_` datetime(3) DEFAULT NULL,
  PRIMARY KEY (`ID_`),
  KEY `ACT_IDX_HI_PROCVAR_PROC_INST` (`PROC_INST_ID_`),
  KEY `ACT_IDX_HI_PROCVAR_NAME_TYPE` (`NAME_`,`VAR_TYPE_`),
  KEY `ACT_IDX_HI_PROCVAR_TASK_ID` (`TASK_ID_`)
) ENGINE=InnoDB DEFAULT CHARSET=utf8 COLLATE=utf8_bin;

-- ----------------------------
--  Table structure for `act_id_group`
-- ----------------------------
DROP TABLE IF EXISTS `act_id_group`;
CREATE TABLE `act_id_group` (
  `ID_` varchar(64) COLLATE utf8_bin NOT NULL,
  `REV_` int(11) DEFAULT NULL,
  `NAME_` varchar(255) COLLATE utf8_bin DEFAULT NULL,
  `TYPE_` varchar(255) COLLATE utf8_bin DEFAULT NULL,
  PRIMARY KEY (`ID_`)
) ENGINE=InnoDB DEFAULT CHARSET=utf8 COLLATE=utf8_bin;

-- ----------------------------
--  Table structure for `act_id_info`
-- ----------------------------
DROP TABLE IF EXISTS `act_id_info`;
CREATE TABLE `act_id_info` (
  `ID_` varchar(64) COLLATE utf8_bin NOT NULL,
  `REV_` int(11) DEFAULT NULL,
  `USER_ID_` varchar(64) COLLATE utf8_bin DEFAULT NULL,
  `TYPE_` varchar(64) COLLATE utf8_bin DEFAULT NULL,
  `KEY_` varchar(255) COLLATE utf8_bin DEFAULT NULL,
  `VALUE_` varchar(255) COLLATE utf8_bin DEFAULT NULL,
  `PASSWORD_` longblob,
  `PARENT_ID_` varchar(255) COLLATE utf8_bin DEFAULT NULL,
  PRIMARY KEY (`ID_`)
) ENGINE=InnoDB DEFAULT CHARSET=utf8 COLLATE=utf8_bin;

-- ----------------------------
--  Table structure for `act_id_membership`
-- ----------------------------
DROP TABLE IF EXISTS `act_id_membership`;
CREATE TABLE `act_id_membership` (
  `USER_ID_` varchar(64) COLLATE utf8_bin NOT NULL,
  `GROUP_ID_` varchar(64) COLLATE utf8_bin NOT NULL,
  PRIMARY KEY (`USER_ID_`,`GROUP_ID_`),
  KEY `ACT_FK_MEMB_GROUP` (`GROUP_ID_`),
  CONSTRAINT `ACT_FK_MEMB_GROUP` FOREIGN KEY (`GROUP_ID_`) REFERENCES `act_id_group` (`ID_`),
  CONSTRAINT `ACT_FK_MEMB_USER` FOREIGN KEY (`USER_ID_`) REFERENCES `act_id_user` (`ID_`)
) ENGINE=InnoDB DEFAULT CHARSET=utf8 COLLATE=utf8_bin;

-- ----------------------------
--  Table structure for `act_id_user`
-- ----------------------------
DROP TABLE IF EXISTS `act_id_user`;
CREATE TABLE `act_id_user` (
  `ID_` varchar(64) COLLATE utf8_bin NOT NULL,
  `REV_` int(11) DEFAULT NULL,
  `FIRST_` varchar(255) COLLATE utf8_bin DEFAULT NULL,
  `LAST_` varchar(255) COLLATE utf8_bin DEFAULT NULL,
  `EMAIL_` varchar(255) COLLATE utf8_bin DEFAULT NULL,
  `PWD_` varchar(255) COLLATE utf8_bin DEFAULT NULL,
  `PICTURE_ID_` varchar(64) COLLATE utf8_bin DEFAULT NULL,
  PRIMARY KEY (`ID_`)
) ENGINE=InnoDB DEFAULT CHARSET=utf8 COLLATE=utf8_bin;

-- ----------------------------
--  Table structure for `act_procdef_info`
-- ----------------------------
DROP TABLE IF EXISTS `act_procdef_info`;
CREATE TABLE `act_procdef_info` (
  `ID_` varchar(64) COLLATE utf8_bin NOT NULL,
  `PROC_DEF_ID_` varchar(64) COLLATE utf8_bin NOT NULL,
  `REV_` int(11) DEFAULT NULL,
  `INFO_JSON_ID_` varchar(64) COLLATE utf8_bin DEFAULT NULL,
  PRIMARY KEY (`ID_`),
  UNIQUE KEY `ACT_UNIQ_INFO_PROCDEF` (`PROC_DEF_ID_`),
  KEY `ACT_IDX_INFO_PROCDEF` (`PROC_DEF_ID_`),
  KEY `ACT_FK_INFO_JSON_BA` (`INFO_JSON_ID_`),
  CONSTRAINT `ACT_FK_INFO_JSON_BA` FOREIGN KEY (`INFO_JSON_ID_`) REFERENCES `act_ge_bytearray` (`ID_`),
  CONSTRAINT `ACT_FK_INFO_PROCDEF` FOREIGN KEY (`PROC_DEF_ID_`) REFERENCES `act_re_procdef` (`ID_`)
) ENGINE=InnoDB DEFAULT CHARSET=utf8 COLLATE=utf8_bin;

-- ----------------------------
--  Table structure for `act_re_deployment`
-- ----------------------------
DROP TABLE IF EXISTS `act_re_deployment`;
CREATE TABLE `act_re_deployment` (
  `ID_` varchar(64) COLLATE utf8_bin NOT NULL,
  `NAME_` varchar(255) COLLATE utf8_bin DEFAULT NULL,
  `CATEGORY_` varchar(255) COLLATE utf8_bin DEFAULT NULL,
  `TENANT_ID_` varchar(255) COLLATE utf8_bin DEFAULT '',
  `DEPLOY_TIME_` timestamp(3) NULL DEFAULT NULL,
  PRIMARY KEY (`ID_`)
) ENGINE=InnoDB DEFAULT CHARSET=utf8 COLLATE=utf8_bin;

-- ----------------------------
--  Table structure for `act_re_model`
-- ----------------------------
DROP TABLE IF EXISTS `act_re_model`;
CREATE TABLE `act_re_model` (
  `ID_` varchar(64) COLLATE utf8_bin NOT NULL,
  `REV_` int(11) DEFAULT NULL,
  `NAME_` varchar(255) COLLATE utf8_bin DEFAULT NULL,
  `KEY_` varchar(255) COLLATE utf8_bin DEFAULT NULL,
  `CATEGORY_` varchar(255) COLLATE utf8_bin DEFAULT NULL,
  `CREATE_TIME_` timestamp(3) NULL DEFAULT NULL,
  `LAST_UPDATE_TIME_` timestamp(3) NULL DEFAULT NULL,
  `VERSION_` int(11) DEFAULT NULL,
  `META_INFO_` varchar(4000) COLLATE utf8_bin DEFAULT NULL,
  `DEPLOYMENT_ID_` varchar(64) COLLATE utf8_bin DEFAULT NULL,
  `EDITOR_SOURCE_VALUE_ID_` varchar(64) COLLATE utf8_bin DEFAULT NULL,
  `EDITOR_SOURCE_EXTRA_VALUE_ID_` varchar(64) COLLATE utf8_bin DEFAULT NULL,
  `TENANT_ID_` varchar(255) COLLATE utf8_bin DEFAULT '',
  PRIMARY KEY (`ID_`),
  KEY `ACT_FK_MODEL_SOURCE` (`EDITOR_SOURCE_VALUE_ID_`),
  KEY `ACT_FK_MODEL_SOURCE_EXTRA` (`EDITOR_SOURCE_EXTRA_VALUE_ID_`),
  KEY `ACT_FK_MODEL_DEPLOYMENT` (`DEPLOYMENT_ID_`),
  CONSTRAINT `ACT_FK_MODEL_DEPLOYMENT` FOREIGN KEY (`DEPLOYMENT_ID_`) REFERENCES `act_re_deployment` (`ID_`),
  CONSTRAINT `ACT_FK_MODEL_SOURCE` FOREIGN KEY (`EDITOR_SOURCE_VALUE_ID_`) REFERENCES `act_ge_bytearray` (`ID_`),
  CONSTRAINT `ACT_FK_MODEL_SOURCE_EXTRA` FOREIGN KEY (`EDITOR_SOURCE_EXTRA_VALUE_ID_`) REFERENCES `act_ge_bytearray` (`ID_`)
) ENGINE=InnoDB DEFAULT CHARSET=utf8 COLLATE=utf8_bin;

-- ----------------------------
--  Table structure for `act_re_procdef`
-- ----------------------------
DROP TABLE IF EXISTS `act_re_procdef`;
CREATE TABLE `act_re_procdef` (
  `ID_` varchar(64) COLLATE utf8_bin NOT NULL,
  `REV_` int(11) DEFAULT NULL,
  `CATEGORY_` varchar(255) COLLATE utf8_bin DEFAULT NULL,
  `NAME_` varchar(255) COLLATE utf8_bin DEFAULT NULL,
  `KEY_` varchar(255) COLLATE utf8_bin NOT NULL,
  `VERSION_` int(11) NOT NULL,
  `DEPLOYMENT_ID_` varchar(64) COLLATE utf8_bin DEFAULT NULL,
  `RESOURCE_NAME_` varchar(4000) COLLATE utf8_bin DEFAULT NULL,
  `DGRM_RESOURCE_NAME_` varchar(4000) COLLATE utf8_bin DEFAULT NULL,
  `DESCRIPTION_` varchar(4000) COLLATE utf8_bin DEFAULT NULL,
  `HAS_START_FORM_KEY_` tinyint(4) DEFAULT NULL,
  `HAS_GRAPHICAL_NOTATION_` tinyint(4) DEFAULT NULL,
  `SUSPENSION_STATE_` int(11) DEFAULT NULL,
  `TENANT_ID_` varchar(255) COLLATE utf8_bin DEFAULT '',
  PRIMARY KEY (`ID_`),
  UNIQUE KEY `ACT_UNIQ_PROCDEF` (`KEY_`,`VERSION_`,`TENANT_ID_`)
) ENGINE=InnoDB DEFAULT CHARSET=utf8 COLLATE=utf8_bin;

-- ----------------------------
--  Table structure for `act_ru_event_subscr`
-- ----------------------------
DROP TABLE IF EXISTS `act_ru_event_subscr`;
CREATE TABLE `act_ru_event_subscr` (
  `ID_` varchar(64) COLLATE utf8_bin NOT NULL,
  `REV_` int(11) DEFAULT NULL,
  `EVENT_TYPE_` varchar(255) COLLATE utf8_bin NOT NULL,
  `EVENT_NAME_` varchar(255) COLLATE utf8_bin DEFAULT NULL,
  `EXECUTION_ID_` varchar(64) COLLATE utf8_bin DEFAULT NULL,
  `PROC_INST_ID_` varchar(64) COLLATE utf8_bin DEFAULT NULL,
  `ACTIVITY_ID_` varchar(64) COLLATE utf8_bin DEFAULT NULL,
  `CONFIGURATION_` varchar(255) COLLATE utf8_bin DEFAULT NULL,
  `CREATED_` timestamp(3) NOT NULL DEFAULT CURRENT_TIMESTAMP(3),
  `PROC_DEF_ID_` varchar(64) COLLATE utf8_bin DEFAULT NULL,
  `TENANT_ID_` varchar(255) COLLATE utf8_bin DEFAULT '',
  PRIMARY KEY (`ID_`),
  KEY `ACT_IDX_EVENT_SUBSCR_CONFIG_` (`CONFIGURATION_`),
  KEY `ACT_FK_EVENT_EXEC` (`EXECUTION_ID_`),
  CONSTRAINT `ACT_FK_EVENT_EXEC` FOREIGN KEY (`EXECUTION_ID_`) REFERENCES `act_ru_execution` (`ID_`)
) ENGINE=InnoDB DEFAULT CHARSET=utf8 COLLATE=utf8_bin;

-- ----------------------------
--  Table structure for `act_ru_execution`
-- ----------------------------
DROP TABLE IF EXISTS `act_ru_execution`;
CREATE TABLE `act_ru_execution` (
  `ID_` varchar(64) COLLATE utf8_bin NOT NULL,
  `REV_` int(11) DEFAULT NULL,
  `PROC_INST_ID_` varchar(64) COLLATE utf8_bin DEFAULT NULL,
  `BUSINESS_KEY_` varchar(255) COLLATE utf8_bin DEFAULT NULL,
  `PARENT_ID_` varchar(64) COLLATE utf8_bin DEFAULT NULL,
  `PROC_DEF_ID_` varchar(64) COLLATE utf8_bin DEFAULT NULL,
  `SUPER_EXEC_` varchar(64) COLLATE utf8_bin DEFAULT NULL,
  `ACT_ID_` varchar(255) COLLATE utf8_bin DEFAULT NULL,
  `IS_ACTIVE_` tinyint(4) DEFAULT NULL,
  `IS_CONCURRENT_` tinyint(4) DEFAULT NULL,
  `IS_SCOPE_` tinyint(4) DEFAULT NULL,
  `IS_EVENT_SCOPE_` tinyint(4) DEFAULT NULL,
  `SUSPENSION_STATE_` int(11) DEFAULT NULL,
  `CACHED_ENT_STATE_` int(11) DEFAULT NULL,
  `TENANT_ID_` varchar(255) COLLATE utf8_bin DEFAULT '',
  `NAME_` varchar(255) COLLATE utf8_bin DEFAULT NULL,
  `LOCK_TIME_` timestamp(3) NULL DEFAULT NULL,
  PRIMARY KEY (`ID_`),
  KEY `ACT_IDX_EXEC_BUSKEY` (`BUSINESS_KEY_`),
  KEY `ACT_FK_EXE_PROCINST` (`PROC_INST_ID_`),
  KEY `ACT_FK_EXE_PARENT` (`PARENT_ID_`),
  KEY `ACT_FK_EXE_SUPER` (`SUPER_EXEC_`),
  KEY `ACT_FK_EXE_PROCDEF` (`PROC_DEF_ID_`),
  CONSTRAINT `ACT_FK_EXE_PARENT` FOREIGN KEY (`PARENT_ID_`) REFERENCES `act_ru_execution` (`ID_`),
  CONSTRAINT `ACT_FK_EXE_PROCDEF` FOREIGN KEY (`PROC_DEF_ID_`) REFERENCES `act_re_procdef` (`ID_`),
  CONSTRAINT `ACT_FK_EXE_PROCINST` FOREIGN KEY (`PROC_INST_ID_`) REFERENCES `act_ru_execution` (`ID_`) ON DELETE CASCADE ON UPDATE CASCADE,
  CONSTRAINT `ACT_FK_EXE_SUPER` FOREIGN KEY (`SUPER_EXEC_`) REFERENCES `act_ru_execution` (`ID_`)
) ENGINE=InnoDB DEFAULT CHARSET=utf8 COLLATE=utf8_bin;

-- ----------------------------
--  Table structure for `act_ru_identitylink`
-- ----------------------------
DROP TABLE IF EXISTS `act_ru_identitylink`;
CREATE TABLE `act_ru_identitylink` (
  `ID_` varchar(64) COLLATE utf8_bin NOT NULL,
  `REV_` int(11) DEFAULT NULL,
  `GROUP_ID_` varchar(255) COLLATE utf8_bin DEFAULT NULL,
  `TYPE_` varchar(255) COLLATE utf8_bin DEFAULT NULL,
  `USER_ID_` varchar(255) COLLATE utf8_bin DEFAULT NULL,
  `TASK_ID_` varchar(64) COLLATE utf8_bin DEFAULT NULL,
  `PROC_INST_ID_` varchar(64) COLLATE utf8_bin DEFAULT NULL,
  `PROC_DEF_ID_` varchar(64) COLLATE utf8_bin DEFAULT NULL,
  PRIMARY KEY (`ID_`),
  KEY `ACT_IDX_IDENT_LNK_USER` (`USER_ID_`),
  KEY `ACT_IDX_IDENT_LNK_GROUP` (`GROUP_ID_`),
  KEY `ACT_IDX_ATHRZ_PROCEDEF` (`PROC_DEF_ID_`),
  KEY `ACT_FK_TSKASS_TASK` (`TASK_ID_`),
  KEY `ACT_FK_IDL_PROCINST` (`PROC_INST_ID_`),
  CONSTRAINT `ACT_FK_ATHRZ_PROCEDEF` FOREIGN KEY (`PROC_DEF_ID_`) REFERENCES `act_re_procdef` (`ID_`),
  CONSTRAINT `ACT_FK_IDL_PROCINST` FOREIGN KEY (`PROC_INST_ID_`) REFERENCES `act_ru_execution` (`ID_`),
  CONSTRAINT `ACT_FK_TSKASS_TASK` FOREIGN KEY (`TASK_ID_`) REFERENCES `act_ru_task` (`ID_`)
) ENGINE=InnoDB DEFAULT CHARSET=utf8 COLLATE=utf8_bin;

-- ----------------------------
--  Table structure for `act_ru_job`
-- ----------------------------
DROP TABLE IF EXISTS `act_ru_job`;
CREATE TABLE `act_ru_job` (
  `ID_` varchar(64) COLLATE utf8_bin NOT NULL,
  `REV_` int(11) DEFAULT NULL,
  `TYPE_` varchar(255) COLLATE utf8_bin NOT NULL,
  `LOCK_EXP_TIME_` timestamp(3) NULL DEFAULT NULL,
  `LOCK_OWNER_` varchar(255) COLLATE utf8_bin DEFAULT NULL,
  `EXCLUSIVE_` tinyint(1) DEFAULT NULL,
  `EXECUTION_ID_` varchar(64) COLLATE utf8_bin DEFAULT NULL,
  `PROCESS_INSTANCE_ID_` varchar(64) COLLATE utf8_bin DEFAULT NULL,
  `PROC_DEF_ID_` varchar(64) COLLATE utf8_bin DEFAULT NULL,
  `RETRIES_` int(11) DEFAULT NULL,
  `EXCEPTION_STACK_ID_` varchar(64) COLLATE utf8_bin DEFAULT NULL,
  `EXCEPTION_MSG_` varchar(4000) COLLATE utf8_bin DEFAULT NULL,
  `DUEDATE_` timestamp(3) NULL DEFAULT NULL,
  `REPEAT_` varchar(255) COLLATE utf8_bin DEFAULT NULL,
  `HANDLER_TYPE_` varchar(255) COLLATE utf8_bin DEFAULT NULL,
  `HANDLER_CFG_` varchar(4000) COLLATE utf8_bin DEFAULT NULL,
  `TENANT_ID_` varchar(255) COLLATE utf8_bin DEFAULT '',
  PRIMARY KEY (`ID_`),
  KEY `ACT_FK_JOB_EXCEPTION` (`EXCEPTION_STACK_ID_`),
  CONSTRAINT `ACT_FK_JOB_EXCEPTION` FOREIGN KEY (`EXCEPTION_STACK_ID_`) REFERENCES `act_ge_bytearray` (`ID_`)
) ENGINE=InnoDB DEFAULT CHARSET=utf8 COLLATE=utf8_bin;

-- ----------------------------
--  Table structure for `act_ru_task`
-- ----------------------------
DROP TABLE IF EXISTS `act_ru_task`;
CREATE TABLE `act_ru_task` (
  `ID_` varchar(64) COLLATE utf8_bin NOT NULL,
  `REV_` int(11) DEFAULT NULL,
  `EXECUTION_ID_` varchar(64) COLLATE utf8_bin DEFAULT NULL,
  `PROC_INST_ID_` varchar(64) COLLATE utf8_bin DEFAULT NULL,
  `PROC_DEF_ID_` varchar(64) COLLATE utf8_bin DEFAULT NULL,
  `NAME_` varchar(255) COLLATE utf8_bin DEFAULT NULL,
  `PARENT_TASK_ID_` varchar(64) COLLATE utf8_bin DEFAULT NULL,
  `DESCRIPTION_` varchar(4000) COLLATE utf8_bin DEFAULT NULL,
  `TASK_DEF_KEY_` varchar(255) COLLATE utf8_bin DEFAULT NULL,
  `OWNER_` varchar(255) COLLATE utf8_bin DEFAULT NULL,
  `ASSIGNEE_` varchar(255) COLLATE utf8_bin DEFAULT NULL,
  `DELEGATION_` varchar(64) COLLATE utf8_bin DEFAULT NULL,
  `PRIORITY_` int(11) DEFAULT NULL,
  `CREATE_TIME_` timestamp(3) NULL DEFAULT NULL,
  `DUE_DATE_` datetime(3) DEFAULT NULL,
  `CATEGORY_` varchar(255) COLLATE utf8_bin DEFAULT NULL,
  `SUSPENSION_STATE_` int(11) DEFAULT NULL,
  `TENANT_ID_` varchar(255) COLLATE utf8_bin DEFAULT '',
  `FORM_KEY_` varchar(255) COLLATE utf8_bin DEFAULT NULL,
  PRIMARY KEY (`ID_`),
  KEY `ACT_IDX_TASK_CREATE` (`CREATE_TIME_`),
  KEY `ACT_FK_TASK_EXE` (`EXECUTION_ID_`),
  KEY `ACT_FK_TASK_PROCINST` (`PROC_INST_ID_`),
  KEY `ACT_FK_TASK_PROCDEF` (`PROC_DEF_ID_`),
  CONSTRAINT `ACT_FK_TASK_EXE` FOREIGN KEY (`EXECUTION_ID_`) REFERENCES `act_ru_execution` (`ID_`),
  CONSTRAINT `ACT_FK_TASK_PROCDEF` FOREIGN KEY (`PROC_DEF_ID_`) REFERENCES `act_re_procdef` (`ID_`),
  CONSTRAINT `ACT_FK_TASK_PROCINST` FOREIGN KEY (`PROC_INST_ID_`) REFERENCES `act_ru_execution` (`ID_`)
) ENGINE=InnoDB DEFAULT CHARSET=utf8 COLLATE=utf8_bin;

-- ----------------------------
--  Table structure for `act_ru_variable`
-- ----------------------------
DROP TABLE IF EXISTS `act_ru_variable`;
CREATE TABLE `act_ru_variable` (
  `ID_` varchar(64) COLLATE utf8_bin NOT NULL,
  `REV_` int(11) DEFAULT NULL,
  `TYPE_` varchar(255) COLLATE utf8_bin NOT NULL,
  `NAME_` varchar(255) COLLATE utf8_bin NOT NULL,
  `EXECUTION_ID_` varchar(64) COLLATE utf8_bin DEFAULT NULL,
  `PROC_INST_ID_` varchar(64) COLLATE utf8_bin DEFAULT NULL,
  `TASK_ID_` varchar(64) COLLATE utf8_bin DEFAULT NULL,
  `BYTEARRAY_ID_` varchar(64) COLLATE utf8_bin DEFAULT NULL,
  `DOUBLE_` double DEFAULT NULL,
  `LONG_` bigint(20) DEFAULT NULL,
  `TEXT_` varchar(4000) COLLATE utf8_bin DEFAULT NULL,
  `TEXT2_` varchar(4000) COLLATE utf8_bin DEFAULT NULL,
  PRIMARY KEY (`ID_`),
  KEY `ACT_IDX_VARIABLE_TASK_ID` (`TASK_ID_`),
  KEY `ACT_FK_VAR_EXE` (`EXECUTION_ID_`),
  KEY `ACT_FK_VAR_PROCINST` (`PROC_INST_ID_`),
  KEY `ACT_FK_VAR_BYTEARRAY` (`BYTEARRAY_ID_`),
  CONSTRAINT `ACT_FK_VAR_BYTEARRAY` FOREIGN KEY (`BYTEARRAY_ID_`) REFERENCES `act_ge_bytearray` (`ID_`),
  CONSTRAINT `ACT_FK_VAR_EXE` FOREIGN KEY (`EXECUTION_ID_`) REFERENCES `act_ru_execution` (`ID_`),
  CONSTRAINT `ACT_FK_VAR_PROCINST` FOREIGN KEY (`PROC_INST_ID_`) REFERENCES `act_ru_execution` (`ID_`)
) ENGINE=InnoDB DEFAULT CHARSET=utf8 COLLATE=utf8_bin;

-- ----------------------------
--  Table structure for `t_base_file`
-- ----------------------------
DROP TABLE IF EXISTS `t_base_file`;
CREATE TABLE `t_base_file` (
  `FILE_ID` varchar(32) NOT NULL COMMENT '文件编号',
  `FILE_CODE` varchar(32) DEFAULT NULL COMMENT '文件编码',
  `FILE_NAME` varchar(32) DEFAULT NULL COMMENT '文件名称',
  `FILE_SYS_ID` varchar(32) DEFAULT NULL COMMENT '文件所属系统(由上传方维护)',
  `FILE_MODULE_ID` varchar(32) DEFAULT NULL COMMENT '文件所属模块(由上传方维护)',
  `FILE_REF_ID` varchar(32) DEFAULT NULL COMMENT '异构系统关联编号(由上传方维护)',
  `FILE_PATH` varchar(500) DEFAULT NULL COMMENT '文件存储路径',
  `FILE_URL` varchar(255) DEFAULT NULL COMMENT '文件访问路径',
  `FILE_TYPE` varchar(255) DEFAULT NULL COMMENT '文件类型(由上传方维护）',
  `FILE_EXTRA_INFO` varchar(500) DEFAULT NULL COMMENT '上传附件过程中传递过来的额外信息(由上传方维护)',
  `DOWNLOAD_TIME` varchar(32) DEFAULT NULL COMMENT '最近一次下载时间',
  `SEQ_NO` int(10) DEFAULT NULL COMMENT '附件顺序(由上传方维护)',
  `CREATE_USER` varchar(32) DEFAULT NULL COMMENT '创建人',
  `CREATE_TIME` varchar(32) DEFAULT NULL COMMENT '创建日期',
  `CREATE_IP` varchar(32) DEFAULT NULL COMMENT '创建人IP地址',
  `MODIFY_USER` varchar(32) DEFAULT NULL COMMENT '修改人',
  `MODIFY_TIME` varchar(32) DEFAULT NULL COMMENT '修改日期',
  `MODIFY_IP` varchar(32) DEFAULT NULL COMMENT '修改人IP',
  `CLIENT_LICENSE_ID` varchar(32) DEFAULT NULL COMMENT '授权标示',
  PRIMARY KEY (`FILE_ID`)
) ENGINE=InnoDB DEFAULT CHARSET=utf8 ROW_FORMAT=COMPACT;

-- ----------------------------
--  Table structure for `t_car_info`
-- ----------------------------
DROP TABLE IF EXISTS `t_car_info`;
CREATE TABLE `t_car_info` (
  `CAR_ID` varchar(32) NOT NULL COMMENT '编号',
  `CAR_CODE` varchar(300) DEFAULT NULL COMMENT '编码',
  `CAR_NAME` varchar(300) DEFAULT NULL COMMENT '名称',
  `CAR_PARENT_ID` varchar(32) DEFAULT NULL COMMENT '父级编号',
  `PATH_IDS` varchar(1000) DEFAULT NULL COMMENT '父亲编号',
  `PATH_CODES` varchar(1000) DEFAULT NULL COMMENT '父亲编码',
  `PATH_NAMES` varchar(1000) DEFAULT NULL COMMENT '父亲名称',
  `GUID_PRICE` varchar(32) DEFAULT NULL COMMENT '车辆指导价',
  `SEATS_NUM` varchar(32) DEFAULT NULL COMMENT '车辆座位数',
  `OUT_COLOR` varchar(255) DEFAULT NULL COMMENT '外观颜色',
  `IN_COLOR` varchar(255) DEFAULT NULL COMMENT '内饰颜色',
  `OUT_VOLUMN` varchar(32) DEFAULT NULL COMMENT '排量',
  `CAR_TYPE` varchar(255) DEFAULT NULL COMMENT '车辆类型',
  `TYPE_FLAG` int(2) DEFAULT NULL COMMENT '数据类型:1、品牌；2、制造商；4、车型；8、车系',
  `REMARK` varchar(32) DEFAULT NULL COMMENT '备注',
  `BASE_PINYIN` varchar(64) DEFAULT NULL COMMENT '信息-拼音',
  `BASE_PINYIN_SHORT` varchar(32) DEFAULT NULL COMMENT '信息-简拼',
  `CREATE_USER` varchar(32) DEFAULT NULL COMMENT '创建人',
  `CREATE_TIME` varchar(32) DEFAULT NULL COMMENT '创建日期',
  `CREATE_IP` varchar(32) DEFAULT NULL COMMENT '创建人IP地址',
  `MODIFY_USER` varchar(32) DEFAULT NULL COMMENT '修改人',
  `MODIFY_TIME` varchar(32) DEFAULT NULL COMMENT '修改日期',
  `MODIFY_IP` varchar(32) DEFAULT NULL COMMENT '修改人IP',
  `CLIENT_LICENSE_ID` varchar(32) DEFAULT NULL COMMENT '授权标示',
  PRIMARY KEY (`CAR_ID`)
) ENGINE=InnoDB DEFAULT CHARSET=utf8 ROW_FORMAT=COMPACT;

-- ----------------------------
--  Table structure for `t_car_info_extra`
-- ----------------------------
DROP TABLE IF EXISTS `t_car_info_extra`;
CREATE TABLE `t_car_info_extra` (
  `CAR_EXTRA_ID` varchar(32) NOT NULL COMMENT '编号，主键',
  `CAR_ID` varchar(32) DEFAULT NULL COMMENT '所属组织',
  `ATTR_KEY` varchar(32) DEFAULT NULL COMMENT '数据键',
  `ATTR_VALUE` varchar(32) DEFAULT NULL COMMENT '数据值',
  `ATTR_REMARK` varchar(500) DEFAULT NULL COMMENT '数据备注字段',
  `CREATE_USER` varchar(32) DEFAULT NULL COMMENT '创建人',
  `CREATE_TIME` varchar(32) DEFAULT NULL COMMENT '创建日期',
  `CREATE_IP` varchar(32) DEFAULT NULL COMMENT '创建人IP地址',
  `MODIFY_USER` varchar(32) DEFAULT NULL COMMENT '修改人',
  `MODIFY_TIME` varchar(32) DEFAULT NULL COMMENT '修改日期',
  `MODIFY_IP` varchar(32) DEFAULT NULL COMMENT '修改人IP',
  `CLIENT_LICENSE_ID` varchar(32) DEFAULT NULL COMMENT '授权标示',
  PRIMARY KEY (`CAR_EXTRA_ID`)
) ENGINE=InnoDB DEFAULT CHARSET=utf8 ROW_FORMAT=COMPACT COMMENT='组织机构-扩展字段(列转行)';

-- ----------------------------
--  Table structure for `t_company`
-- ----------------------------
DROP TABLE IF EXISTS `t_company`;
CREATE TABLE `t_company` (
  `COMPANY_ID` varchar(32) NOT NULL COMMENT '编号',
  `COMPANY_SHORT_NAME` varchar(1000) DEFAULT NULL COMMENT '名称简称',
  `COMPANY_NAME` varchar(1000) DEFAULT NULL COMMENT '名称全称',
  `LEGAL_REPRESENT` varchar(1000) DEFAULT NULL COMMENT '法定代表人',
  `REGISTER_CAPITAL` varchar(32) DEFAULT NULL COMMENT '注册资金(万元)',
  `UNIT_PROPERTIES` varchar(1000) DEFAULT NULL COMMENT '单位性质',
  `BUSINESS_LICENSE_NUMBER` varchar(100) DEFAULT NULL COMMENT '营业执照号码',
  `ORGANIZATION_CODE` varchar(100) DEFAULT NULL COMMENT '组织机构代码',
  `TAX_REGISTER_NUMBER` varchar(100) DEFAULT NULL COMMENT '税务登记证号',
  `INSTITUTION_CREDIT_NUMBER` varchar(100) DEFAULT NULL COMMENT '机构信用代码证号',
  `INDUSTRY_TYPE` varchar(100) DEFAULT NULL COMMENT '行业类型',
  `UNIT_COMMUNICATE_ADDRESS` varchar(1000) DEFAULT NULL COMMENT '单位通信地址',
  `MAIN_BUSINESS` varchar(1000) DEFAULT NULL COMMENT '主营业务',
  `BUSINESS_SCOPE` varchar(1000) DEFAULT NULL COMMENT '营业范围',
  `OPENING_BANK_NAME` varchar(100) DEFAULT NULL COMMENT '开户行名称',
  `BASIC_BANK_NUMBER` varchar(100) DEFAULT NULL COMMENT '银行基本户或其他主要银行账号',
  `UNIT_TEL` varchar(100) DEFAULT NULL COMMENT '单位联系电话',
  `ZIP_CODE` varchar(100) DEFAULT NULL COMMENT '邮编',
  `LEGAL_MOBILE` varchar(100) DEFAULT NULL COMMENT '手机电话(法定代表人)',
  `CREATE_USER` varchar(32) DEFAULT NULL COMMENT '创建人',
  `CREATE_TIME` varchar(32) DEFAULT NULL COMMENT '创建日期',
  `CREATE_IP` varchar(32) DEFAULT NULL COMMENT '创建人IP地址',
  `MODIFY_USER` varchar(32) DEFAULT NULL COMMENT '修改人',
  `MODIFY_TIME` varchar(32) DEFAULT NULL COMMENT '修改日期',
  `MODIFY_IP` varchar(32) DEFAULT NULL COMMENT '修改人IP',
  `CLIENT_LICENSE_ID` varchar(32) DEFAULT NULL COMMENT '授权标示',
  PRIMARY KEY (`COMPANY_ID`)
) ENGINE=InnoDB DEFAULT CHARSET=utf8 ROW_FORMAT=COMPACT;

-- ----------------------------
--  Table structure for `t_company_extra`
-- ----------------------------
DROP TABLE IF EXISTS `t_company_extra`;
CREATE TABLE `t_company_extra` (
  `COMPANY_EXTRA_ID` varchar(32) NOT NULL COMMENT '编号',
  `COMPANY_ID` varchar(32) NOT NULL COMMENT '企业编号',
  `ATTR_KEY` varchar(32) DEFAULT NULL COMMENT '数据键',
  `ATTR_VALUE` varchar(32) DEFAULT NULL COMMENT '数据值',
  `ATTR_REMARK` varchar(500) DEFAULT NULL COMMENT '数据备注字段',
  `CREATE_USER` varchar(32) DEFAULT NULL COMMENT '创建人',
  `CREATE_TIME` varchar(32) DEFAULT NULL COMMENT '创建日期',
  `CREATE_IP` varchar(32) DEFAULT NULL COMMENT '创建人IP地址',
  `MODIFY_USER` varchar(32) DEFAULT NULL COMMENT '修改人',
  `MODIFY_TIME` varchar(32) DEFAULT NULL COMMENT '修改日期',
  `MODIFY_IP` varchar(32) DEFAULT NULL COMMENT '修改人IP',
  `CLIENT_LICENSE_ID` varchar(32) DEFAULT NULL COMMENT '授权标示',
  PRIMARY KEY (`COMPANY_EXTRA_ID`)
) ENGINE=InnoDB DEFAULT CHARSET=utf8 ROW_FORMAT=COMPACT;

-- ----------------------------
--  Table structure for `t_customer_address`
-- ----------------------------
DROP TABLE IF EXISTS `t_customer_address`;
CREATE TABLE `t_customer_address` (
  `CUSTOMER_ADDRESS_ID` varchar(32) NOT NULL COMMENT '客户地址编号',
  `CUSTOMER_INFO_ID` varchar(32) DEFAULT NULL COMMENT '所属用户',
  `PROVINCE_ID` varchar(32) DEFAULT NULL COMMENT '省份编号',
  `PROVINCE_NAME` varchar(32) DEFAULT NULL COMMENT '省份名称',
  `CITY_ID` varchar(32) DEFAULT NULL COMMENT '市信息编号',
  `CITY_NAME` varchar(32) DEFAULT NULL COMMENT '市信息名称',
  `AREA_ID` varchar(32) DEFAULT NULL COMMENT '区域编号',
  `AREA_NAME` varchar(32) DEFAULT NULL COMMENT '区域名称',
  `ADDRESS` varchar(255) DEFAULT NULL COMMENT '详细地址',
  `RECEIVER_NAME` varchar(255) DEFAULT NULL COMMENT '收货人姓名',
  `RECEIVER_MOBILE` varchar(255) DEFAULT NULL COMMENT '收货人联系方式',
  `TAG` varchar(255) DEFAULT NULL COMMENT '标签:家/单位',
  `DEFAULT_FLAG` tinyint(255) DEFAULT NULL COMMENT '默认地址标识:1为默认地址',
  `SEQ_NO` int(10) DEFAULT NULL COMMENT '顺序',
  `CREATE_USER` varchar(32) DEFAULT NULL COMMENT '创建人',
  `CREATE_TIME` varchar(32) DEFAULT NULL COMMENT '创建日期',
  `CREATE_IP` varchar(32) DEFAULT NULL COMMENT '创建人IP地址',
  `MODIFY_USER` varchar(32) DEFAULT NULL COMMENT '修改人',
  `MODIFY_TIME` varchar(32) DEFAULT NULL COMMENT '修改日期',
  `MODIFY_IP` varchar(32) DEFAULT NULL COMMENT '修改人IP',
  `CLIENT_LICENSE_ID` varchar(32) DEFAULT NULL COMMENT '授权标示',
  PRIMARY KEY (`CUSTOMER_ADDRESS_ID`)
) ENGINE=InnoDB DEFAULT CHARSET=utf8;

-- ----------------------------
--  Table structure for `t_customer_info`
-- ----------------------------
DROP TABLE IF EXISTS `t_customer_info`;
CREATE TABLE `t_customer_info` (
  `CUSTOMER_INFO_ID` varchar(32) NOT NULL COMMENT '编号',
  `CUSTOMER_INFO_CODE` varchar(32) DEFAULT NULL COMMENT '编码',
  `CUSTOMER_INFO_NAME` varchar(32) DEFAULT NULL COMMENT '名称',
  `ID_CARD_TYPE` varchar(32) DEFAULT NULL COMMENT '证件类型',
  `ID_CARD_NUMBER` varchar(32) DEFAULT NULL COMMENT '证件号码',
  `ID_CARD_START_TIME` varchar(32) DEFAULT NULL COMMENT '证件有效期开始时间',
  `ID_CARD_END_TIME` varchar(32) DEFAULT NULL COMMENT '证件有效期截止时间',
  `SEX` varchar(32) DEFAULT NULL COMMENT '性别',
  `BIRTHDAY` varchar(32) DEFAULT NULL COMMENT '出生日期',
  `MARRIAGE` varchar(32) DEFAULT NULL COMMENT '婚姻状况',
  `HOUSEHOLD_ADDRESS_CODES` varchar(32) DEFAULT NULL COMMENT '户籍省市区编码',
  `HOUSEHOLD_ADDRESS_NAMES` varchar(32) DEFAULT NULL COMMENT '户籍省市区名称',
  `HOUSEHOLD_ADDRESS_DETAIL` varchar(32) DEFAULT NULL COMMENT '户籍明细地址',
  `HOUSEHOLD_TYPE` varchar(32) DEFAULT NULL COMMENT '户口性质',
  `MOBILE` varchar(32) DEFAULT NULL COMMENT '手机号码',
  `HOME_PHONE` varchar(32) DEFAULT NULL COMMENT '住宅电话',
  `WORK_PHONE` varchar(32) DEFAULT NULL COMMENT '单位电话',
  `POSTAL_ADDRESS_CODES` varchar(32) DEFAULT NULL COMMENT '通讯地址省市区编码',
  `POSTAL_ADDRESS_NAMES` varchar(32) DEFAULT NULL COMMENT '通讯地址省市区名称',
  `POSTAL_ADDRESS_DETAIL` varchar(32) DEFAULT NULL COMMENT '通讯地址详细地址',
  `POSTAL_ADDRESS_ZIPCODE` varchar(32) DEFAULT NULL COMMENT '通讯地址邮政编码',
  `EMAIL` varchar(32) DEFAULT NULL COMMENT '电子邮件',
  `EDUCATION` varchar(32) DEFAULT NULL COMMENT '最高学历',
  `DEGREE` varchar(32) DEFAULT NULL COMMENT '最高学位',
  `LIVING_ADDRESS_CODES` varchar(32) DEFAULT NULL COMMENT '居住地省市区编码',
  `LIVING_ADDRESS_NAMES` varchar(32) DEFAULT NULL COMMENT '居住地省市区名称',
  `LIVING_ADDRESS_DETAIL` varchar(32) DEFAULT NULL COMMENT '居住地详细地址',
  `LIVING_ADDRESS_ZIPCODE` varchar(32) DEFAULT NULL COMMENT '居住地址邮政编码',
  `LIVING_STATUS` varchar(32) DEFAULT NULL COMMENT '居住状况',
  `PROFESSION` varchar(32) DEFAULT NULL COMMENT '职业',
  `TECH_TITLE` varchar(32) DEFAULT NULL COMMENT '职称',
  `COMPANY_NAME` varchar(32) DEFAULT NULL COMMENT '单位名称',
  `COMPANY_ADDRESS_CODES` varchar(32) DEFAULT NULL COMMENT '单位地址省市区编码',
  `COMPANY_ADDRESS_NAMES` varchar(32) DEFAULT NULL COMMENT '单位地址省市区名称',
  `COMPANY_ADDRESS_DETAIL` varchar(32) DEFAULT NULL COMMENT '单位地址详细地址',
  `COMPANY_INDUSTRY` varchar(32) DEFAULT NULL COMMENT '单位所属行业',
  `COMPANY_ADDRESS_ZIPCODE` varchar(32) DEFAULT NULL COMMENT '单位地址邮政编码',
  `JOB_TITLE` varchar(32) DEFAULT NULL COMMENT '职务',
  `JOB_START_TIME` varchar(32) DEFAULT NULL COMMENT '本单位工作开始时间',
  `ANNUAL_INCOME` varchar(32) DEFAULT NULL COMMENT '年收入',
  `MATE_NAME` varchar(32) DEFAULT NULL COMMENT '配偶姓名',
  `MATE_ID_CARD_TYPE` varchar(32) DEFAULT NULL COMMENT '配偶证件类型',
  `MATE_ID_CARD_START_TIME` varchar(32) DEFAULT NULL COMMENT '配偶证件开始日期',
  `MATE_ID_CARD_END_TIME` varchar(32) DEFAULT NULL COMMENT '配偶证件截止日期',
  `MATE_MOBILE` varchar(32) DEFAULT NULL COMMENT '配偶联系电话',
  `MATE_WORKING_NAME` varchar(32) DEFAULT NULL COMMENT '配偶工作单位',
  `EMERGENCY_NAME` varchar(32) DEFAULT NULL COMMENT '紧急联系人姓名',
  `ENERGENCY_RELATIONSHIP` varchar(32) DEFAULT NULL COMMENT '紧急联系人关系',
  `ENERGENCY_MOBILE` varchar(32) DEFAULT NULL COMMENT '紧急联系人电话',
  `ENERGENCY_ID_CARD_NUMBER` varchar(32) DEFAULT NULL COMMENT '配偶证件号码',
  `STATUS_FLAG` varchar(32) DEFAULT NULL COMMENT '状态',
  `CREATE_USER` varchar(32) DEFAULT NULL COMMENT '创建人',
  `CREATE_TIME` varchar(32) DEFAULT NULL COMMENT '创建日期',
  `CREATE_IP` varchar(32) DEFAULT NULL COMMENT '创建人IP地址',
  `MODIFY_USER` varchar(32) DEFAULT NULL COMMENT '修改人',
  `MODIFY_TIME` varchar(32) DEFAULT NULL COMMENT '修改日期',
  `MODIFY_IP` varchar(32) DEFAULT NULL COMMENT '修改人IP',
  `CLIENT_LICENSE_ID` varchar(32) DEFAULT NULL COMMENT '授权标示',
  PRIMARY KEY (`CUSTOMER_INFO_ID`)
) ENGINE=InnoDB DEFAULT CHARSET=utf8 ROW_FORMAT=COMPACT;

-- ----------------------------
--  Table structure for `t_customer_info_extra`
-- ----------------------------
DROP TABLE IF EXISTS `t_customer_info_extra`;
CREATE TABLE `t_customer_info_extra` (
  `CUSTOMER_INFO_EXTRA_ID` varchar(32) NOT NULL COMMENT '编号',
  `CUSTOMER_INFO_ID` varchar(32) NOT NULL COMMENT '企业编号',
  `ATTR_KEY` varchar(32) DEFAULT NULL COMMENT '数据键',
  `ATTR_VALUE` varchar(32) DEFAULT NULL COMMENT '数据值',
  `ATTR_REMARK` varchar(500) DEFAULT NULL COMMENT '数据备注字段',
  `CREATE_USER` varchar(32) DEFAULT NULL COMMENT '创建人',
  `CREATE_TIME` varchar(32) DEFAULT NULL COMMENT '创建日期',
  `CREATE_IP` varchar(32) DEFAULT NULL COMMENT '创建人IP地址',
  `MODIFY_USER` varchar(32) DEFAULT NULL COMMENT '修改人',
  `MODIFY_TIME` varchar(32) DEFAULT NULL COMMENT '修改日期',
  `MODIFY_IP` varchar(32) DEFAULT NULL COMMENT '修改人IP',
  `CLIENT_LICENSE_ID` varchar(32) DEFAULT NULL COMMENT '授权标示',
  PRIMARY KEY (`CUSTOMER_INFO_EXTRA_ID`)
) ENGINE=InnoDB DEFAULT CHARSET=utf8 ROW_FORMAT=COMPACT;

-- ----------------------------
--  Table structure for `t_customer_info_rel`
-- ----------------------------
DROP TABLE IF EXISTS `t_customer_info_rel`;
CREATE TABLE `t_customer_info_rel` (
  `CUSTOMER_INFO_REL_ID` varchar(32) NOT NULL COMMENT '编号',
  `CUSTOMER_INFO_ID` varchar(32) DEFAULT NULL COMMENT '关联主客户信息编码',
  `CUSTOMER_INFO_RELATION` varchar(32) DEFAULT NULL COMMENT '与主客户信息的关系',
  `CUSTOMER_INFO_REL_NAME` varchar(32) DEFAULT NULL COMMENT '名称',
  `ID_CARD_TYPE` varchar(32) DEFAULT NULL COMMENT '证件类型',
  `ID_CARD_NUMBER` varchar(32) DEFAULT NULL COMMENT '证件号码',
  `SEX` varchar(32) DEFAULT NULL COMMENT '性别',
  `MOBILE` varchar(32) DEFAULT NULL COMMENT '手机号码',
  `HOUSEHOLD_ADDRESS_CODES` varchar(32) DEFAULT NULL COMMENT '户籍省市区编码',
  `HOUSEHOLD_ADDRESS_NAMES` varchar(32) DEFAULT NULL COMMENT '户籍省市区名称',
  `HOUSEHOLD_ADDRESS_DETAIL` varchar(32) DEFAULT NULL COMMENT '户籍明细地址',
  `CREATE_USER` varchar(32) DEFAULT NULL COMMENT '创建人',
  `CREATE_TIME` varchar(32) DEFAULT NULL COMMENT '创建日期',
  `CREATE_IP` varchar(32) DEFAULT NULL COMMENT '创建人IP地址',
  `MODIFY_USER` varchar(32) DEFAULT NULL COMMENT '修改人',
  `MODIFY_TIME` varchar(32) DEFAULT NULL COMMENT '修改日期',
  `MODIFY_IP` varchar(32) DEFAULT NULL COMMENT '修改人IP',
  `CLIENT_LICENSE_ID` varchar(32) DEFAULT NULL COMMENT '授权标示',
  PRIMARY KEY (`CUSTOMER_INFO_REL_ID`)
) ENGINE=InnoDB DEFAULT CHARSET=utf8 ROW_FORMAT=COMPACT;

-- ----------------------------
--  Table structure for `t_data_area`
-- ----------------------------
DROP TABLE IF EXISTS `t_data_area`;
CREATE TABLE `t_data_area` (
  `AREA_ID` varchar(255) COLLATE utf8_bin NOT NULL COMMENT '编号',
  `AREA_NAME` varchar(255) COLLATE utf8_bin DEFAULT NULL COMMENT '名称',
  `AREA_PARENT_ID` varchar(255) COLLATE utf8_bin DEFAULT NULL COMMENT '父级编号',
  `LEVEL` varchar(255) COLLATE utf8_bin DEFAULT NULL COMMENT '级别',
  `CREATE_USER` varchar(32) CHARACTER SET utf8 DEFAULT NULL COMMENT '创建人',
  `CREATE_TIME` varchar(32) CHARACTER SET utf8 DEFAULT NULL COMMENT '创建日期',
  `CREATE_IP` varchar(32) CHARACTER SET utf8 DEFAULT NULL COMMENT '创建人IP地址',
  `MODIFY_USER` varchar(32) CHARACTER SET utf8 DEFAULT NULL COMMENT '修改人',
  `MODIFY_TIME` varchar(32) CHARACTER SET utf8 DEFAULT NULL COMMENT '修改日期',
  `MODIFY_IP` varchar(32) CHARACTER SET utf8 DEFAULT NULL COMMENT '修改人IP',
  `CLIENT_LICENSE_ID` varchar(32) CHARACTER SET utf8 DEFAULT NULL COMMENT '授权标示',
  PRIMARY KEY (`AREA_ID`)
) ENGINE=InnoDB DEFAULT CHARSET=utf8 COLLATE=utf8_bin ROW_FORMAT=COMPACT;

-- ----------------------------
--  Table structure for `t_data_atlas`
-- ----------------------------
DROP TABLE IF EXISTS `t_data_atlas`;
CREATE TABLE `t_data_atlas` (
  `ATLAS_ID` varchar(38) NOT NULL COMMENT '编号',
  `ATLAS_CODE` varchar(32) DEFAULT NULL COMMENT '编码',
  `ATLAS_NAME` varchar(32) DEFAULT NULL COMMENT '名称',
  `REMARK` varchar(1000) DEFAULT NULL COMMENT '备注',
  `ORDER_NO` varchar(32) DEFAULT NULL COMMENT '排序号',
  `ATLAS_TYPE` varchar(32) DEFAULT NULL COMMENT '类型',
  `CREATE_USER` varchar(32) DEFAULT NULL COMMENT '创建人',
  `CREATE_TIME` varchar(32) DEFAULT NULL COMMENT '创建日期',
  `CREATE_IP` varchar(32) DEFAULT NULL COMMENT '创建人IP地址',
  `MODIFY_USER` varchar(32) DEFAULT NULL COMMENT '修改人',
  `MODIFY_TIME` varchar(32) DEFAULT NULL COMMENT '修改日期',
  `MODIFY_IP` varchar(32) DEFAULT NULL COMMENT '修改人IP',
  `CLIENT_LICENSE_ID` varchar(32) DEFAULT NULL COMMENT '授权标示',
  PRIMARY KEY (`ATLAS_ID`)
) ENGINE=InnoDB DEFAULT CHARSET=utf8 ROW_FORMAT=COMPACT;

-- ----------------------------
--  Table structure for `t_data_atlas_detail`
-- ----------------------------
DROP TABLE IF EXISTS `t_data_atlas_detail`;
CREATE TABLE `t_data_atlas_detail` (
  `ATLAS__DETAIL_ID` varchar(38) NOT NULL COMMENT '编号',
  `ATLAS__DETAIL_CODE` varchar(32) DEFAULT NULL COMMENT '编码',
  `ATLAS__DETAIL_NAME` varchar(32) DEFAULT NULL COMMENT '名称',
  `ATLAS_ID` varchar(38) DEFAULT NULL COMMENT '所属图集编号',
  `FILE_NAME` varchar(255) DEFAULT NULL COMMENT '文件名称',
  `FILE_URL` varchar(255) DEFAULT NULL COMMENT '文件路径',
  `FILE_REMARK` varchar(255) DEFAULT NULL COMMENT '文件备注',
  `CREATE_USER` varchar(32) DEFAULT NULL COMMENT '创建人',
  `CREATE_TIME` varchar(32) DEFAULT NULL COMMENT '创建日期',
  `CREATE_IP` varchar(32) DEFAULT NULL COMMENT '创建人IP地址',
  `MODIFY_USER` varchar(32) DEFAULT NULL COMMENT '修改人',
  `MODIFY_TIME` varchar(32) DEFAULT NULL COMMENT '修改日期',
  `MODIFY_IP` varchar(32) DEFAULT NULL COMMENT '修改人IP',
  `CLIENT_LICENSE_ID` varchar(32) DEFAULT NULL COMMENT '授权标示',
  PRIMARY KEY (`ATLAS__DETAIL_ID`)
) ENGINE=InnoDB DEFAULT CHARSET=utf8 ROW_FORMAT=COMPACT;

-- ----------------------------
--  Table structure for `t_data_dict`
-- ----------------------------
DROP TABLE IF EXISTS `t_data_dict`;
CREATE TABLE `t_data_dict` (
  `DICT_ID` varchar(38) NOT NULL COMMENT '编号',
  `DICT_CODE` varchar(32) DEFAULT NULL COMMENT '编码',
  `DICT_NAME` varchar(32) DEFAULT NULL COMMENT '名称',
  `REMARK` varchar(1000) DEFAULT NULL COMMENT '备注',
  `ORDER_NO` varchar(32) DEFAULT NULL COMMENT '排序号',
  `DICT_TYPE` varchar(32) DEFAULT NULL COMMENT '字典类型',
  `CREATE_USER` varchar(32) DEFAULT NULL COMMENT '创建人',
  `CREATE_TIME` varchar(32) DEFAULT NULL COMMENT '创建日期',
  `CREATE_IP` varchar(32) DEFAULT NULL COMMENT '创建人IP地址',
  `MODIFY_USER` varchar(32) DEFAULT NULL COMMENT '修改人',
  `MODIFY_TIME` varchar(32) DEFAULT NULL COMMENT '修改日期',
  `MODIFY_IP` varchar(32) DEFAULT NULL COMMENT '修改人IP',
  `CLIENT_LICENSE_ID` varchar(32) DEFAULT NULL COMMENT '授权标示',
  PRIMARY KEY (`DICT_ID`)
) ENGINE=InnoDB DEFAULT CHARSET=utf8 ROW_FORMAT=COMPACT;

-- ----------------------------
--  Table structure for `t_data_dict_detail`
-- ----------------------------
DROP TABLE IF EXISTS `t_data_dict_detail`;
CREATE TABLE `t_data_dict_detail` (
  `DICT__DETAIL_ID` varchar(38) NOT NULL COMMENT '编号',
  `DICT__DETAIL_CODE` varchar(32) DEFAULT NULL COMMENT '编码',
  `DICT__DETAIL_NAME` varchar(32) DEFAULT NULL COMMENT '名称',
  `DICT_ID` varchar(38) DEFAULT NULL COMMENT '所属字典编号',
  `NUM_VALUE` varchar(255) DEFAULT NULL COMMENT '数据值',
  `STR_VALUE` varchar(255) DEFAULT NULL COMMENT '字符值',
  `CREATE_USER` varchar(32) DEFAULT NULL COMMENT '创建人',
  `CREATE_TIME` varchar(32) DEFAULT NULL COMMENT '创建日期',
  `CREATE_IP` varchar(32) DEFAULT NULL COMMENT '创建人IP地址',
  `MODIFY_USER` varchar(32) DEFAULT NULL COMMENT '修改人',
  `MODIFY_TIME` varchar(32) DEFAULT NULL COMMENT '修改日期',
  `MODIFY_IP` varchar(32) DEFAULT NULL COMMENT '修改人IP',
  `CLIENT_LICENSE_ID` varchar(32) DEFAULT NULL COMMENT '授权标示',
  PRIMARY KEY (`DICT__DETAIL_ID`)
) ENGINE=InnoDB DEFAULT CHARSET=utf8 ROW_FORMAT=COMPACT;

-- ----------------------------
--  Table structure for `t_item_brand`
-- ----------------------------
DROP TABLE IF EXISTS `t_item_brand`;
CREATE TABLE `t_item_brand` (
  `ITEM_BRAND_ID` varchar(32) NOT NULL COMMENT '商品品牌编号',
  `ITEM_BRAND_CODE` varchar(32) DEFAULT NULL COMMENT '商品品牌编码',
  `ITEM_BRAND_NAME` varchar(32) DEFAULT NULL COMMENT '商品品牌名称',
  `TELEPHONE` varchar(255) DEFAULT NULL COMMENT '联系电话',
  `BRAND_URL` varchar(500) DEFAULT NULL COMMENT '品牌官网',
  `BRAND_LOGO` varchar(500) DEFAULT NULL COMMENT '品牌LOGO',
  `BRAND_DESC` varchar(1000) DEFAULT NULL COMMENT '品牌描述',
  `DISABLE_FLAG` varchar(255) DEFAULT NULL COMMENT '可用状态标示(Y可用/N不可)',
  `SEQ_NO` int(10) DEFAULT NULL COMMENT '排序号',
  `CREATE_USER` varchar(32) DEFAULT NULL COMMENT '创建人',
  `CREATE_TIME` varchar(32) DEFAULT NULL COMMENT '创建日期',
  `CREATE_IP` varchar(32) DEFAULT NULL COMMENT '创建人IP地址',
  `MODIFY_USER` varchar(32) DEFAULT NULL COMMENT '修改人',
  `MODIFY_TIME` varchar(32) DEFAULT NULL COMMENT '修改日期',
  `MODIFY_IP` varchar(32) DEFAULT NULL COMMENT '修改人IP',
  `CLIENT_LICENSE_ID` varchar(32) DEFAULT NULL COMMENT '授权标示',
  PRIMARY KEY (`ITEM_BRAND_ID`)
) ENGINE=InnoDB DEFAULT CHARSET=utf8 ROW_FORMAT=COMPACT COMMENT='商品类目';

-- ----------------------------
--  Table structure for `t_item_category`
-- ----------------------------
DROP TABLE IF EXISTS `t_item_category`;
CREATE TABLE `t_item_category` (
  `ITEM_CATEGORY_ID` varchar(32) NOT NULL COMMENT '商品类目编号',
  `ITEM_CATEGORY_CODE` varchar(32) DEFAULT NULL COMMENT '商品类目编码',
  `ITEM_CATEGORY_NAME` varchar(32) DEFAULT NULL COMMENT '商品类目名称',
  `ITEM_CATEGORY_PARENT_ID` varchar(255) DEFAULT NULL COMMENT '父级商品类目编号',
  `PATH_IDS` varchar(500) DEFAULT NULL COMMENT '编号路径集合',
  `PATH_CODES` varchar(500) DEFAULT NULL COMMENT '业务编码路径集合',
  `PATH_NAMES` varchar(1000) DEFAULT NULL COMMENT '名称路径集合',
  `SEQ_NO` int(10) DEFAULT NULL COMMENT '附件顺序(由上传方维护)',
  `CREATE_USER` varchar(32) DEFAULT NULL COMMENT '创建人',
  `CREATE_TIME` varchar(32) DEFAULT NULL COMMENT '创建日期',
  `CREATE_IP` varchar(32) DEFAULT NULL COMMENT '创建人IP地址',
  `MODIFY_USER` varchar(32) DEFAULT NULL COMMENT '修改人',
  `MODIFY_TIME` varchar(32) DEFAULT NULL COMMENT '修改日期',
  `MODIFY_IP` varchar(32) DEFAULT NULL COMMENT '修改人IP',
  `CLIENT_LICENSE_ID` varchar(32) DEFAULT NULL COMMENT '授权标示',
  PRIMARY KEY (`ITEM_CATEGORY_ID`)
) ENGINE=InnoDB DEFAULT CHARSET=utf8 ROW_FORMAT=COMPACT COMMENT='商品类目';

-- ----------------------------
--  Table structure for `t_item_category_attr_key`
-- ----------------------------
DROP TABLE IF EXISTS `t_item_category_attr_key`;
CREATE TABLE `t_item_category_attr_key` (
  `ITEM_CATEGORY_ATTR_KEY_ID` varchar(32) NOT NULL COMMENT '商品类目编码',
  `ITEM_CATEGORY_ATTR_KEY_NAME` varchar(32) DEFAULT NULL COMMENT '商品类目名称',
  `ITEM_CATEGORY_ID` varchar(32) NOT NULL COMMENT '商品类目编号',
  `ALAIS_FLAG` varchar(255) DEFAULT NULL COMMENT '是否允许别名',
  `ENUM_FLAG` varchar(255) DEFAULT NULL COMMENT '枚举属性(N选1)',
  `MULTIPLE_FLAG` varchar(255) DEFAULT NULL COMMENT '多选属性(N选K)',
  `INPUT_FLAG` varchar(255) DEFAULT NULL COMMENT '输入属性(允许输入)',
  `KEY_FLAG` varchar(255) DEFAULT NULL COMMENT '关键属性(确定货品的关键属性)',
  `SALE_FLAG` varchar(255) DEFAULT NULL COMMENT '销售属性(扩展确定SKU)',
  `NO_KEY_FLAG` varchar(255) DEFAULT NULL COMMENT '非关键属性(属性扩展便于明确信息)',
  `REQUIRED_FLAG` varchar(255) DEFAULT NULL COMMENT '是否必选(必须选择确定)',
  `SEARCH_FLAG` varchar(255) DEFAULT NULL COMMENT '是否搜索属性',
  `REMARK` varchar(255) DEFAULT NULL COMMENT '备注',
  `SEQ_NO` int(10) DEFAULT NULL COMMENT '排序号',
  `CREATE_USER` varchar(32) DEFAULT NULL COMMENT '创建人',
  `CREATE_TIME` varchar(32) DEFAULT NULL COMMENT '创建日期',
  `CREATE_IP` varchar(32) DEFAULT NULL COMMENT '创建人IP地址',
  `MODIFY_USER` varchar(32) DEFAULT NULL COMMENT '修改人',
  `MODIFY_TIME` varchar(32) DEFAULT NULL COMMENT '修改日期',
  `MODIFY_IP` varchar(32) DEFAULT NULL COMMENT '修改人IP',
  `CLIENT_LICENSE_ID` varchar(32) DEFAULT NULL COMMENT '授权标示',
  PRIMARY KEY (`ITEM_CATEGORY_ATTR_KEY_ID`)
) ENGINE=InnoDB DEFAULT CHARSET=utf8 ROW_FORMAT=COMPACT COMMENT='商品类目-属性扩展';

-- ----------------------------
--  Table structure for `t_item_category_attr_value`
-- ----------------------------
DROP TABLE IF EXISTS `t_item_category_attr_value`;
CREATE TABLE `t_item_category_attr_value` (
  `ITEM_CATEGORY_ATTR_VALUE_ID` varchar(32) NOT NULL COMMENT '商品类目编码',
  `ITEM_CATEGORY_ATTR_VALUE_NAME` varchar(32) DEFAULT NULL COMMENT '商品类目名称',
  `ITEM_CATEGORY_ATTR_KEY_ID` varchar(255) DEFAULT NULL COMMENT '所属分类扩展属性值',
  `ITEM_CATEGORY_ID` varchar(32) DEFAULT NULL COMMENT '所属分类',
  `REMARK` varchar(255) DEFAULT NULL COMMENT '备注',
  `SEQ_NO` int(10) DEFAULT NULL COMMENT '排序号',
  `CREATE_USER` varchar(32) DEFAULT NULL COMMENT '创建人',
  `CREATE_TIME` varchar(32) DEFAULT NULL COMMENT '创建日期',
  `CREATE_IP` varchar(32) DEFAULT NULL COMMENT '创建人IP地址',
  `MODIFY_USER` varchar(32) DEFAULT NULL COMMENT '修改人',
  `MODIFY_TIME` varchar(32) DEFAULT NULL COMMENT '修改日期',
  `MODIFY_IP` varchar(32) DEFAULT NULL COMMENT '修改人IP',
  `CLIENT_LICENSE_ID` varchar(32) DEFAULT NULL COMMENT '授权标示',
  PRIMARY KEY (`ITEM_CATEGORY_ATTR_VALUE_ID`)
) ENGINE=InnoDB DEFAULT CHARSET=utf8 ROW_FORMAT=COMPACT COMMENT='商品类目-属性扩展值';

-- ----------------------------
--  Table structure for `t_item_product`
-- ----------------------------
DROP TABLE IF EXISTS `t_item_product`;
CREATE TABLE `t_item_product` (
  `ITEM_PRODUCT_ID` varchar(32) NOT NULL COMMENT '货品编号',
  `ITEM_PRODUCT_CODE` varchar(32) DEFAULT NULL COMMENT '货品编码',
  `ITEM_PRODUCT_NAME` varchar(32) DEFAULT NULL COMMENT '货品名称',
  `ITEM_PRODUCT_PARENT_ID` varchar(255) DEFAULT NULL COMMENT '父级货品编号',
  `ITEM_BRAND_ID` varchar(32) DEFAULT NULL COMMENT '所属商品品牌',
  `ITEM_CATEGORY_ID` varchar(255) DEFAULT NULL COMMENT '所属商品类目',
  `PATH_IDS` varchar(500) DEFAULT NULL COMMENT '编号路径集合',
  `PATH_CODES` varchar(500) DEFAULT NULL COMMENT '编码路径集合',
  `PATH_NAMES` varchar(1000) DEFAULT NULL COMMENT '名称路径集合',
  `REMARK` varchar(255) DEFAULT NULL COMMENT '备注',
  `SEQ_NO` int(10) DEFAULT NULL COMMENT '顺序号',
  `CREATE_USER` varchar(32) DEFAULT NULL COMMENT '创建人',
  `CREATE_TIME` varchar(32) DEFAULT NULL COMMENT '创建日期',
  `CREATE_IP` varchar(32) DEFAULT NULL COMMENT '创建人IP地址',
  `MODIFY_USER` varchar(32) DEFAULT NULL COMMENT '修改人',
  `MODIFY_TIME` varchar(32) DEFAULT NULL COMMENT '修改日期',
  `MODIFY_IP` varchar(32) DEFAULT NULL COMMENT '修改人IP',
  `CLIENT_LICENSE_ID` varchar(32) DEFAULT NULL COMMENT '授权标示',
  PRIMARY KEY (`ITEM_PRODUCT_ID`)
) ENGINE=InnoDB DEFAULT CHARSET=utf8 ROW_FORMAT=COMPACT COMMENT='商品货品信息-父子结构';

-- ----------------------------
--  Table structure for `t_item_product_detail`
-- ----------------------------
DROP TABLE IF EXISTS `t_item_product_detail`;
CREATE TABLE `t_item_product_detail` (
  `ITEM_PRODUCT_DETAIL_ID` varchar(32) NOT NULL COMMENT '货品扩展属性编号',
  `ITEM_PRODUCT_ID` varchar(32) DEFAULT NULL COMMENT '所属货品',
  `ITEM_CATEGORY_ATTR_KEY_ID` varchar(32) DEFAULT NULL COMMENT '所属商品类目属性',
  `ITEM_CATEGORY_ATTR_VALUE_ID` varchar(32) DEFAULT NULL COMMENT '所属商品类目属性值',
  `SELF_DEFINING_VALUE` varchar(255) DEFAULT NULL COMMENT '用户自定义值(允许自定义输入)',
  `CREATE_USER` varchar(32) DEFAULT NULL COMMENT '创建人',
  `CREATE_TIME` varchar(32) DEFAULT NULL COMMENT '创建日期',
  `CREATE_IP` varchar(32) DEFAULT NULL COMMENT '创建人IP地址',
  `MODIFY_USER` varchar(32) DEFAULT NULL COMMENT '修改人',
  `MODIFY_TIME` varchar(32) DEFAULT NULL COMMENT '修改日期',
  `MODIFY_IP` varchar(32) DEFAULT NULL COMMENT '修改人IP',
  `CLIENT_LICENSE_ID` varchar(32) DEFAULT NULL COMMENT '授权标示',
  PRIMARY KEY (`ITEM_PRODUCT_DETAIL_ID`)
) ENGINE=InnoDB DEFAULT CHARSET=utf8 ROW_FORMAT=COMPACT COMMENT='商品货品扩展属性/属性值信息(行存储)';

-- ----------------------------
--  Table structure for `t_item_sku`
-- ----------------------------
DROP TABLE IF EXISTS `t_item_sku`;
CREATE TABLE `t_item_sku` (
  `ITEM_SKU_ID` varchar(32) NOT NULL COMMENT '商品SKU编号',
  `ITEM_SKU_CODE` varchar(32) DEFAULT NULL COMMENT '商品SKU编码',
  `ITEM_SKU_NAME` varchar(32) DEFAULT NULL COMMENT '商品SKU名称',
  `ITEM_PRODUCT_ID` varchar(255) DEFAULT NULL COMMENT '所属货品编号',
  `ITEM_STOCK_NUM` int(10) DEFAULT NULL COMMENT '商品SKU库存量',
  `ITEM_PRICE` decimal(8,0) DEFAULT NULL COMMENT '商品SKU价格',
  `REMARK` varchar(255) DEFAULT NULL COMMENT '备注',
  `SEQ_NO` int(10) DEFAULT NULL COMMENT '顺序号',
  `DISABLE_FLAG` varchar(10) DEFAULT NULL COMMENT '可用状态标示(Y可用/N不可)',
  `CREATE_USER` varchar(32) DEFAULT NULL COMMENT '创建人',
  `CREATE_TIME` varchar(32) DEFAULT NULL COMMENT '创建日期',
  `CREATE_IP` varchar(32) DEFAULT NULL COMMENT '创建人IP地址',
  `MODIFY_USER` varchar(32) DEFAULT NULL COMMENT '修改人',
  `MODIFY_TIME` varchar(32) DEFAULT NULL COMMENT '修改日期',
  `MODIFY_IP` varchar(32) DEFAULT NULL COMMENT '修改人IP',
  `CLIENT_LICENSE_ID` varchar(32) DEFAULT NULL COMMENT '授权标示',
  PRIMARY KEY (`ITEM_SKU_ID`)
) ENGINE=InnoDB DEFAULT CHARSET=utf8 ROW_FORMAT=COMPACT COMMENT='商品SKU信息';

-- ----------------------------
--  Table structure for `t_item_sku_extra`
-- ----------------------------
DROP TABLE IF EXISTS `t_item_sku_extra`;
CREATE TABLE `t_item_sku_extra` (
  `ITEM_SKU_EXTRA_ID` varchar(32) NOT NULL COMMENT '编号',
  `ITEM_SKU_ID` varchar(32) DEFAULT NULL COMMENT '所属商品SKU',
  `ATTR_KEY` varchar(32) DEFAULT NULL COMMENT '数据键',
  `ATTR_VALUE` varchar(32) DEFAULT NULL COMMENT '数据值',
  `ATTR_SELF_DEFINING_VALUE` varchar(255) DEFAULT NULL COMMENT '自定义数据值',
  `ATTR_REMARK` varchar(500) DEFAULT NULL COMMENT '数据备注字段',
  `CREATE_USER` varchar(32) DEFAULT NULL COMMENT '创建人',
  `CREATE_TIME` varchar(32) DEFAULT NULL COMMENT '创建日期',
  `CREATE_IP` varchar(32) DEFAULT NULL COMMENT '创建人IP地址',
  `MODIFY_USER` varchar(32) DEFAULT NULL COMMENT '修改人',
  `MODIFY_TIME` varchar(32) DEFAULT NULL COMMENT '修改日期',
  `MODIFY_IP` varchar(32) DEFAULT NULL COMMENT '修改人IP',
  `CLIENT_LICENSE_ID` varchar(32) DEFAULT NULL COMMENT '授权标示',
  PRIMARY KEY (`ITEM_SKU_EXTRA_ID`)
) ENGINE=InnoDB DEFAULT CHARSET=utf8 ROW_FORMAT=COMPACT COMMENT='组织机构-扩展字段(列转行)';

-- ----------------------------
--  Table structure for `t_msg_content`
-- ----------------------------
DROP TABLE IF EXISTS `t_msg_content`;
CREATE TABLE `t_msg_content` (
  `MSG_CONTENT_ID` varchar(32) NOT NULL COMMENT '消息编号',
  `MSG_CONTENT_TITLE` varchar(255) DEFAULT '' COMMENT '消息标题',
  `MSG_CONTENT` varchar(255) DEFAULT '' COMMENT '消息正文',
  `MSG_CONTENT_TYPE` varchar(255) DEFAULT NULL COMMENT '消息类型:S系统消息;U:用户消息',
  `MSG_STATUS` varchar(255) DEFAULT NULL COMMENT '消息状态:C草稿/P已发送',
  `MSG_URL` varchar(255) DEFAULT NULL COMMENT '消息关联请求地址',
  `DELETE_FLAG` varchar(255) DEFAULT NULL COMMENT '删除状态标识	',
  `REMARK` varchar(32) DEFAULT NULL COMMENT '备注',
  `CREATE_USER` varchar(32) DEFAULT NULL,
  `CREATE_TIME` varchar(32) DEFAULT NULL,
  `CREATE_IP` varchar(32) DEFAULT NULL,
  `MODIFY_USER` varchar(32) DEFAULT NULL,
  `MODIFY_TIME` varchar(32) DEFAULT NULL,
  `MODIFY_IP` varchar(32) DEFAULT NULL,
  `CLIENT_LICENSE_ID` varchar(32) DEFAULT NULL COMMENT '授权标示',
  PRIMARY KEY (`MSG_CONTENT_ID`)
) ENGINE=InnoDB DEFAULT CHARSET=utf8 COMMENT='消息实体信息表';

-- ----------------------------
--  Table structure for `t_msg_info`
-- ----------------------------
DROP TABLE IF EXISTS `t_msg_info`;
CREATE TABLE `t_msg_info` (
  `MSG_INFO_ID` varchar(32) NOT NULL COMMENT '消息容器编号',
  `MSG_CONTENT_ID` varchar(255) DEFAULT '' COMMENT '消息编号',
  `USER_SEND_ID` varchar(255) DEFAULT '' COMMENT '发送者编号',
  `USER_SEND_NAME` varchar(255) DEFAULT NULL COMMENT '发送者名称',
  `USER_RECEIVER_ID` varchar(255) DEFAULT NULL COMMENT '接收者编号',
  `USSR_RECEIVER_NAME` varchar(255) DEFAULT NULL COMMENT '接收者名称',
  `READ_FLAG` varchar(255) DEFAULT NULL COMMENT '已读状态标识	',
  `CREATE_USER` varchar(32) DEFAULT NULL,
  `CREATE_TIME` varchar(32) DEFAULT NULL,
  `CREATE_IP` varchar(32) DEFAULT NULL,
  `MODIFY_USER` varchar(32) DEFAULT NULL,
  `MODIFY_TIME` varchar(32) DEFAULT NULL,
  `MODIFY_IP` varchar(32) DEFAULT NULL,
  `CLIENT_LICENSE_ID` varchar(32) DEFAULT NULL COMMENT '授权标示',
  PRIMARY KEY (`MSG_INFO_ID`)
) ENGINE=InnoDB DEFAULT CHARSET=utf8 COMMENT='消息容器信息表';

-- ----------------------------
--  Table structure for `t_product_calculate`
-- ----------------------------
DROP TABLE IF EXISTS `t_product_calculate`;
CREATE TABLE `t_product_calculate` (
  `PRODUCT_CALC_ID` varchar(32) NOT NULL COMMENT '编号',
  `PRODUCT_CALC_CODE` varchar(32) DEFAULT NULL COMMENT '编码',
  `PRODUCT_ID` varchar(32) DEFAULT NULL COMMENT '所归属的产品编号',
  `PRODUCT_ITEM_ID` varchar(32) DEFAULT NULL COMMENT '产品项目编号',
  `PRODUCT_ITEM_CODE` varchar(32) DEFAULT NULL COMMENT '产品项目编码',
  `PRODUCT_ITEM_NAME` varchar(32) DEFAULT NULL COMMENT '产品项目名称',
  `PRODUCT_ITEM_SUMMARY` varchar(32) DEFAULT NULL COMMENT '产品项目摘要',
  `PRODUCT_CALC_FORMULA` varchar(1000) DEFAULT NULL COMMENT '公式',
  `SEQ_NO` int(10) DEFAULT NULL COMMENT '顺序号',
  `CREATE_USER` varchar(32) DEFAULT NULL COMMENT '创建人',
  `CREATE_TIME` varchar(32) DEFAULT NULL COMMENT '创建日期',
  `CREATE_IP` varchar(32) DEFAULT NULL COMMENT '创建人IP地址',
  `MODIFY_USER` varchar(32) DEFAULT NULL COMMENT '修改人',
  `MODIFY_TIME` varchar(32) DEFAULT NULL COMMENT '修改日期',
  `MODIFY_IP` varchar(32) DEFAULT NULL COMMENT '修改人IP',
  `CLIENT_LICENSE_ID` varchar(32) DEFAULT NULL COMMENT '授权标示',
  PRIMARY KEY (`PRODUCT_CALC_ID`)
) ENGINE=InnoDB DEFAULT CHARSET=utf8 ROW_FORMAT=COMPACT;

-- ----------------------------
--  Table structure for `t_product_item`
-- ----------------------------
DROP TABLE IF EXISTS `t_product_item`;
CREATE TABLE `t_product_item` (
  `PRODUCT_ITEM_ID` varchar(32) NOT NULL COMMENT '编号',
  `PRODUCT_ITEM_CODE` varchar(32) DEFAULT NULL COMMENT '编码',
  `PRODUCT_ITEM_NAME` varchar(32) DEFAULT NULL COMMENT '名称',
  `PRODUCT_ITEM_VALUE_TYPE` varchar(32) DEFAULT NULL COMMENT '字典-值类型(单值ONE,字典值DIC，如果是字典类型，则需要根据DICT_ID，读取字典相关值)',
  `DICT_ID` varchar(32) DEFAULT NULL COMMENT '匹配对应的字典编号',
  `DATA_SOURCE` varchar(32) DEFAULT NULL COMMENT '数据来源方式(手工MANUAL,固定值FIXED,自动AUTO)',
  `PRODUCT_ITEM_FIELD_TYPE` varchar(32) DEFAULT NULL COMMENT '字段类型(TEXT文本,DATE日期,NUMBER数值)',
  `PRODUCT_ITEM_SUMMARY` varchar(32) DEFAULT NULL COMMENT '产品项目摘要,页面布局时候分类使用',
  `SYSTEM_FLAG` varchar(32) DEFAULT NULL COMMENT '系统类型标识(Y系统级别)',
  `REQUIRED_FLAG` varchar(32) DEFAULT NULL COMMENT '必选类型标识(Y必选)',
  `REMARK` varchar(255) DEFAULT NULL COMMENT '备注',
  `CREATE_USER` varchar(32) DEFAULT NULL COMMENT '创建人',
  `CREATE_TIME` varchar(32) DEFAULT NULL COMMENT '创建日期',
  `CREATE_IP` varchar(32) DEFAULT NULL COMMENT '创建人IP地址',
  `MODIFY_USER` varchar(32) DEFAULT NULL COMMENT '修改人',
  `MODIFY_TIME` varchar(32) DEFAULT NULL COMMENT '修改日期',
  `MODIFY_IP` varchar(32) DEFAULT NULL COMMENT '修改人IP',
  `CLIENT_LICENSE_ID` varchar(32) DEFAULT NULL COMMENT '授权标示',
  PRIMARY KEY (`PRODUCT_ITEM_ID`)
) ENGINE=InnoDB DEFAULT CHARSET=utf8 ROW_FORMAT=COMPACT COMMENT='产品项目';

-- ----------------------------
--  Table structure for `t_product_product`
-- ----------------------------
DROP TABLE IF EXISTS `t_product_product`;
CREATE TABLE `t_product_product` (
  `PRODUCT_ID` varchar(32) NOT NULL COMMENT '编号',
  `PRODUCT_CODE` varchar(32) DEFAULT NULL COMMENT '编码',
  `PRODUCT_NAME` varchar(32) DEFAULT NULL COMMENT '名称',
  `DISABLE_FLAG` varchar(32) DEFAULT NULL COMMENT '可用状态标示(Y可用/N不可)',
  `CREATE_USER` varchar(32) DEFAULT NULL COMMENT '创建人',
  `CREATE_TIME` varchar(32) DEFAULT NULL COMMENT '创建日期',
  `CREATE_IP` varchar(32) DEFAULT NULL COMMENT '创建人IP地址',
  `MODIFY_USER` varchar(32) DEFAULT NULL COMMENT '修改人',
  `MODIFY_TIME` varchar(32) DEFAULT NULL COMMENT '修改日期',
  `MODIFY_IP` varchar(32) DEFAULT NULL COMMENT '修改人IP',
  `CLIENT_LICENSE_ID` varchar(32) DEFAULT NULL COMMENT '授权标示',
  PRIMARY KEY (`PRODUCT_ID`)
) ENGINE=InnoDB DEFAULT CHARSET=utf8 ROW_FORMAT=COMPACT;

-- ----------------------------
--  Table structure for `t_product_product_detail`
-- ----------------------------
DROP TABLE IF EXISTS `t_product_product_detail`;
CREATE TABLE `t_product_product_detail` (
  `PRODUCT_DETAIL_ID` varchar(32) NOT NULL COMMENT '编号',
  `PRODUCT_DETAIL_CODE` varchar(32) DEFAULT NULL COMMENT '编码',
  `PRODUCT_ID` varchar(32) DEFAULT NULL COMMENT '所归属的产品编号',
  `PRODUCT_ITEM_ID` varchar(32) DEFAULT NULL COMMENT '产品项目编号',
  `PRODUCT_ITEM_VALUE_TYPE` varchar(32) DEFAULT NULL COMMENT '项目值类型:单值,字典值',
  `DICT_ID` varchar(32) DEFAULT NULL COMMENT '归属的字典编号',
  `DICT_DETAIL_ID` varchar(32) DEFAULT NULL COMMENT '归属的字典明细编号',
  `CREATE_USER` varchar(32) DEFAULT NULL COMMENT '创建人',
  `CREATE_TIME` varchar(32) DEFAULT NULL COMMENT '创建日期',
  `CREATE_IP` varchar(32) DEFAULT NULL COMMENT '创建人IP地址',
  `MODIFY_USER` varchar(32) DEFAULT NULL COMMENT '修改人',
  `MODIFY_TIME` varchar(32) DEFAULT NULL COMMENT '修改日期',
  `MODIFY_IP` varchar(32) DEFAULT NULL COMMENT '修改人IP',
  `CLIENT_LICENSE_ID` varchar(32) DEFAULT NULL COMMENT '授权标示',
  PRIMARY KEY (`PRODUCT_DETAIL_ID`)
) ENGINE=InnoDB DEFAULT CHARSET=utf8 ROW_FORMAT=COMPACT;

-- ----------------------------
--  Table structure for `t_rbac_data_clazz`
-- ----------------------------
DROP TABLE IF EXISTS `t_rbac_data_clazz`;
CREATE TABLE `t_rbac_data_clazz` (
  `DATA_CLAZZ_ID` varchar(32) NOT NULL COMMENT '编号',
  `DATA_CLAZZ_CODE` varchar(32) DEFAULT NULL COMMENT '编码',
  `DATA_PROJECT_ID` varchar(255) DEFAULT NULL COMMENT '所属项目编号',
  `DATA_MODULE_ID` varchar(255) DEFAULT NULL COMMENT '所属模块编号',
  `DATA_CLAZZ_NAME` varchar(300) DEFAULT NULL COMMENT '名称',
  `DATA_CLAZZ_ALAIS_NAME` varchar(255) DEFAULT NULL COMMENT '别名',
  `DATA_CLAZZ_PATH` varchar(255) DEFAULT NULL COMMENT '类全路径',
  `DISABLE_FLAG` varchar(32) DEFAULT NULL COMMENT '可用状态标识',
  `DELETE_FLAG` varchar(32) DEFAULT NULL COMMENT '删除状态标识',
  `REMARK` varchar(32) DEFAULT NULL COMMENT '备注',
  `CREATE_USER` varchar(32) DEFAULT NULL,
  `CREATE_TIME` varchar(32) DEFAULT NULL,
  `CREATE_IP` varchar(32) DEFAULT NULL,
  `MODIFY_USER` varchar(32) DEFAULT NULL,
  `MODIFY_TIME` varchar(32) DEFAULT NULL,
  `MODIFY_IP` varchar(32) DEFAULT NULL,
  `CLIENT_LICENSE_ID` varchar(32) DEFAULT NULL COMMENT '授权标示',
  PRIMARY KEY (`DATA_CLAZZ_ID`)
) ENGINE=InnoDB DEFAULT CHARSET=utf8 ROW_FORMAT=COMPACT COMMENT='数据权限-所属类文件';

-- ----------------------------
--  Table structure for `t_rbac_data_field`
-- ----------------------------
DROP TABLE IF EXISTS `t_rbac_data_field`;
CREATE TABLE `t_rbac_data_field` (
  `DATA_FIELD_ID` varchar(32) NOT NULL COMMENT '编号',
  `DATA_FIELD_CODE` varchar(32) DEFAULT NULL COMMENT '编码',
  `DATA_PROJECT_ID` varchar(255) DEFAULT NULL COMMENT '所属项目编号',
  `DATA_MODULE_ID` varchar(255) DEFAULT NULL COMMENT '所属模块编号',
  `DATA_CLAZZ_ID` varchar(255) DEFAULT NULL COMMENT '所属类路径编号',
  `DATA_FIELD_NAME` varchar(300) DEFAULT NULL COMMENT '属性名称',
  `DATA_FIELD_VALUE` varchar(255) DEFAULT NULL COMMENT '属性值',
  `DISABLE_FLAG` varchar(32) DEFAULT NULL COMMENT '可用状态标识',
  `DELETE_FLAG` varchar(32) DEFAULT NULL COMMENT '删除状态标识',
  `REMARK` varchar(32) DEFAULT NULL COMMENT '备注',
  `CREATE_USER` varchar(32) DEFAULT NULL,
  `CREATE_TIME` varchar(32) DEFAULT NULL,
  `CREATE_IP` varchar(32) DEFAULT NULL,
  `MODIFY_USER` varchar(32) DEFAULT NULL,
  `MODIFY_TIME` varchar(32) DEFAULT NULL,
  `MODIFY_IP` varchar(32) DEFAULT NULL,
  `CLIENT_LICENSE_ID` varchar(32) DEFAULT NULL COMMENT '授权标示',
  PRIMARY KEY (`DATA_FIELD_ID`)
) ENGINE=InnoDB DEFAULT CHARSET=utf8 ROW_FORMAT=COMPACT;

-- ----------------------------
--  Table structure for `t_rbac_data_module`
-- ----------------------------
DROP TABLE IF EXISTS `t_rbac_data_module`;
CREATE TABLE `t_rbac_data_module` (
  `DATA_MODULE_ID` varchar(32) NOT NULL COMMENT '编号',
  `DATA_MODULE_CODE` varchar(32) DEFAULT NULL COMMENT '编码',
  `DATA_PROJECT_ID` varchar(255) DEFAULT NULL COMMENT '所属项目编号',
  `DATA_MODULE_NAME` varchar(300) DEFAULT NULL COMMENT '姓名',
  `DATA_MODULE__DOMAIN` varchar(255) DEFAULT NULL COMMENT '模块域名前缀',
  `DATA_MODULE_MANAGER` varchar(300) DEFAULT NULL COMMENT '管理人员',
  `DATA_MODULE_MOBILE` varchar(11) DEFAULT NULL COMMENT '管理人员电话',
  `DISABLE_FLAG` varchar(32) DEFAULT NULL COMMENT '可用状态标识',
  `DELETE_FLAG` varchar(32) DEFAULT NULL COMMENT '删除状态标识',
  `REMARK` varchar(32) DEFAULT NULL COMMENT '备注',
  `CREATE_USER` varchar(32) DEFAULT NULL,
  `CREATE_TIME` varchar(32) DEFAULT NULL,
  `CREATE_IP` varchar(32) DEFAULT NULL,
  `MODIFY_USER` varchar(32) DEFAULT NULL,
  `MODIFY_TIME` varchar(32) DEFAULT NULL,
  `MODIFY_IP` varchar(32) DEFAULT NULL,
  `CLIENT_LICENSE_ID` varchar(32) DEFAULT NULL COMMENT '授权标示',
  PRIMARY KEY (`DATA_MODULE_ID`)
) ENGINE=InnoDB DEFAULT CHARSET=utf8 ROW_FORMAT=COMPACT COMMENT='数据权限-所属模块';

-- ----------------------------
--  Table structure for `t_rbac_data_project`
-- ----------------------------
DROP TABLE IF EXISTS `t_rbac_data_project`;
CREATE TABLE `t_rbac_data_project` (
  `DATA_PROJECT_ID` varchar(32) CHARACTER SET utf8 NOT NULL COMMENT '编号',
  `DATA_PROJECT_CODE` varchar(32) CHARACTER SET utf8 DEFAULT NULL COMMENT '编码',
  `DATA_PROJECT_NAME` varchar(300) CHARACTER SET utf8 DEFAULT NULL COMMENT '名称',
  `DATA_PROJECT_DOMAIN` varchar(255) CHARACTER SET utf8 DEFAULT NULL COMMENT '项目域名',
  `DATA_PROJECT_MANAGER` varchar(300) CHARACTER SET utf8 DEFAULT NULL COMMENT '管理人员',
  `DATA_PROJECT_MOBILE` varchar(11) CHARACTER SET utf8 DEFAULT NULL COMMENT '电话',
  `DISABLE_FLAG` varchar(32) CHARACTER SET utf8 DEFAULT NULL COMMENT '可用状态标识',
  `DELETE_FLAG` varchar(32) CHARACTER SET utf8 DEFAULT NULL COMMENT '删除状态标识',
  `REMARK` varchar(32) CHARACTER SET utf8 DEFAULT NULL COMMENT '备注',
  `CREATE_USER` varchar(32) CHARACTER SET utf8 DEFAULT NULL,
  `CREATE_TIME` varchar(32) CHARACTER SET utf8 DEFAULT NULL,
  `CREATE_IP` varchar(32) CHARACTER SET utf8 DEFAULT NULL,
  `MODIFY_USER` varchar(32) CHARACTER SET utf8 DEFAULT NULL,
  `MODIFY_TIME` varchar(32) CHARACTER SET utf8 DEFAULT NULL,
  `MODIFY_IP` varchar(32) CHARACTER SET utf8 DEFAULT NULL,
  `CLIENT_LICENSE_ID` varchar(32) CHARACTER SET utf8 DEFAULT NULL COMMENT '授权标示',
  PRIMARY KEY (`DATA_PROJECT_ID`)
) ENGINE=InnoDB DEFAULT CHARSET=utf8mb4 ROW_FORMAT=COMPACT COMMENT='数据权限-所属项目';

-- ----------------------------
--  Table structure for `t_rbac_data_user_field_prop`
-- ----------------------------
DROP TABLE IF EXISTS `t_rbac_data_user_field_prop`;
CREATE TABLE `t_rbac_data_user_field_prop` (
  `DATA_USER_FIELD_ID` varchar(32) NOT NULL COMMENT '编号',
  `DATA_USER_FIELD_CODE` varchar(32) DEFAULT NULL COMMENT '编码',
  `USER_ID` varchar(255) DEFAULT NULL COMMENT '所属用户',
  `DATA_PROJECT_ID` varchar(255) DEFAULT NULL COMMENT '所属项目编号',
  `DATA_MODULE_ID` varchar(255) DEFAULT NULL COMMENT '所属模块编号',
  `DATA_CLAZZ_ID` varchar(255) DEFAULT NULL COMMENT '所属类路径编号',
  `DATA_FIELD_ID` varchar(255) DEFAULT NULL COMMENT '所属权限字段',
  `PROP_OPER` varchar(255) DEFAULT NULL COMMENT '属性操作符',
  `PROP_VALUE` varchar(255) DEFAULT NULL COMMENT '属性值',
  `REMARK` varchar(32) DEFAULT NULL COMMENT '备注',
  `CREATE_USER` varchar(32) DEFAULT NULL,
  `CREATE_TIME` varchar(32) DEFAULT NULL,
  `CREATE_IP` varchar(32) DEFAULT NULL,
  `MODIFY_USER` varchar(32) DEFAULT NULL,
  `MODIFY_TIME` varchar(32) DEFAULT NULL,
  `MODIFY_IP` varchar(32) DEFAULT NULL,
  `CLIENT_LICENSE_ID` varchar(32) DEFAULT NULL COMMENT '授权标示',
  PRIMARY KEY (`DATA_USER_FIELD_ID`)
) ENGINE=InnoDB DEFAULT CHARSET=utf8 ROW_FORMAT=COMPACT;

-- ----------------------------
--  Table structure for `t_rbac_operation`
-- ----------------------------
DROP TABLE IF EXISTS `t_rbac_operation`;
CREATE TABLE `t_rbac_operation` (
  `OPERATION_ID` varchar(150) COLLATE utf8mb4_unicode_ci NOT NULL COMMENT '系统操作编号',
  `OPERATION_CODE` varchar(255) COLLATE utf8mb4_unicode_ci DEFAULT NULL COMMENT '系统操作编码',
  `OPERATION_NAME` varchar(255) COLLATE utf8mb4_unicode_ci DEFAULT NULL COMMENT '系统操作名称',
  `OPERATION_URI` varchar(255) COLLATE utf8mb4_unicode_ci DEFAULT NULL COMMENT '操作链接',
  `HTTP_METHOD` varchar(255) COLLATE utf8mb4_unicode_ci DEFAULT NULL COMMENT 'HTTP请求协议(POST/PUT/DELETE)',
  `CREATE_USER` varchar(32) CHARACTER SET utf8 DEFAULT NULL,
  `CREATE_TIME` varchar(32) CHARACTER SET utf8 DEFAULT NULL,
  `CREATE_IP` varchar(32) CHARACTER SET utf8 DEFAULT NULL,
  `MODIFY_USER` varchar(32) CHARACTER SET utf8 DEFAULT NULL,
  `MODIFY_TIME` varchar(32) CHARACTER SET utf8 DEFAULT NULL,
  `MODIFY_IP` varchar(32) CHARACTER SET utf8 DEFAULT NULL,
  `CLIENT_LICENSE_ID` varchar(32) CHARACTER SET utf8 DEFAULT NULL COMMENT '授权标示',
  PRIMARY KEY (`OPERATION_ID`)
) ENGINE=InnoDB DEFAULT CHARSET=utf8mb4 COLLATE=utf8mb4_unicode_ci COMMENT='操作表(基础数据,不依赖授权码)';

-- ----------------------------
--  Table structure for `t_rbac_organization`
-- ----------------------------
DROP TABLE IF EXISTS `t_rbac_organization`;
CREATE TABLE `t_rbac_organization` (
  `ORGANIZATION_ID` varchar(32) NOT NULL COMMENT '编号，主键',
  `ORGANIZATION_CODE` varchar(32) DEFAULT NULL COMMENT '业务编码',
  `ORGANIZATION_NAME` varchar(32) DEFAULT NULL COMMENT '名称',
  `ORGANIZATION_PARENT_ID` varchar(32) DEFAULT NULL COMMENT '父级节点编号',
  `PATH_IDS` varchar(500) DEFAULT NULL COMMENT '编号路径集合',
  `PATH_CODES` varchar(500) DEFAULT NULL COMMENT '业务编码路径集合',
  `PATH_NAMES` varchar(1000) DEFAULT NULL COMMENT '名称路径集合',
  `PROVINCE_ID` varchar(32) DEFAULT NULL COMMENT '省份编号',
  `PROVINCE_NAME` varchar(32) DEFAULT NULL COMMENT '省份名称',
  `CITY_ID` varchar(32) DEFAULT NULL COMMENT '市级编号',
  `CITY_NAME` varchar(32) DEFAULT NULL COMMENT '市级名称',
  `AREA_ID` varchar(32) DEFAULT NULL COMMENT '区域编号',
  `AREA_NAME` varchar(32) DEFAULT NULL COMMENT '区域名称',
  `DETAIL_ADDRESS` varchar(300) DEFAULT NULL COMMENT '详细地址',
  `ORGANIZATION_TYPE` varchar(255) DEFAULT NULL COMMENT '分类:F法人公司;V虚拟公司',
  `DISABLE_FLAG` varchar(32) DEFAULT NULL COMMENT '可用状态标示(Y可用/N不可)',
  `REMARK` varchar(500) DEFAULT NULL COMMENT '备注字段',
  `CREATE_USER` varchar(32) DEFAULT NULL COMMENT '创建人',
  `CREATE_TIME` varchar(32) DEFAULT NULL COMMENT '创建日期',
  `CREATE_IP` varchar(32) DEFAULT NULL COMMENT '创建人IP地址',
  `MODIFY_USER` varchar(32) DEFAULT NULL COMMENT '修改人',
  `MODIFY_TIME` varchar(32) DEFAULT NULL COMMENT '修改日期',
  `MODIFY_IP` varchar(32) DEFAULT NULL COMMENT '修改人IP',
  `CLIENT_LICENSE_ID` varchar(32) DEFAULT NULL COMMENT '授权标示',
  PRIMARY KEY (`ORGANIZATION_ID`)
) ENGINE=InnoDB DEFAULT CHARSET=utf8 ROW_FORMAT=COMPACT COMMENT='组织机构';

-- ----------------------------
--  Table structure for `t_rbac_organization_extra`
-- ----------------------------
DROP TABLE IF EXISTS `t_rbac_organization_extra`;
CREATE TABLE `t_rbac_organization_extra` (
  `ORGANIZATION_EXTRA_ID` varchar(32) NOT NULL COMMENT '编号，主键',
  `ORGANIZATION_ID` varchar(32) DEFAULT NULL COMMENT '所属组织',
  `ATTR_KEY` varchar(32) DEFAULT NULL COMMENT '数据键',
  `ATTR_VALUE` varchar(32) DEFAULT NULL COMMENT '数据值',
  `ATTR_REMARK` varchar(500) DEFAULT NULL COMMENT '数据备注字段',
  `CREATE_USER` varchar(32) DEFAULT NULL COMMENT '创建人',
  `CREATE_TIME` varchar(32) DEFAULT NULL COMMENT '创建日期',
  `CREATE_IP` varchar(32) DEFAULT NULL COMMENT '创建人IP地址',
  `MODIFY_USER` varchar(32) DEFAULT NULL COMMENT '修改人',
  `MODIFY_TIME` varchar(32) DEFAULT NULL COMMENT '修改日期',
  `MODIFY_IP` varchar(32) DEFAULT NULL COMMENT '修改人IP',
  `CLIENT_LICENSE_ID` varchar(32) DEFAULT NULL COMMENT '授权标示',
  PRIMARY KEY (`ORGANIZATION_EXTRA_ID`)
) ENGINE=InnoDB DEFAULT CHARSET=utf8 ROW_FORMAT=COMPACT COMMENT='组织机构-扩展字段(列转行)';

-- ----------------------------
--  Table structure for `t_rbac_organization_user_rel`
-- ----------------------------
DROP TABLE IF EXISTS `t_rbac_organization_user_rel`;
CREATE TABLE `t_rbac_organization_user_rel` (
  `ORGANIZATION_USER_REL_ID` varchar(255) NOT NULL COMMENT '编号',
  `ORGANIZATION_ID` varchar(32) DEFAULT NULL COMMENT '所属组织机构编号',
  `USER_ID` varchar(32) DEFAULT NULL COMMENT '所属用户编号',
  `CREATE_USER` varchar(32) DEFAULT NULL COMMENT '创建人',
  `CREATE_TIME` varchar(32) DEFAULT NULL COMMENT '创建时间',
  `CREATE_IP` varchar(32) DEFAULT NULL COMMENT '创建地址',
  `MODIFY_USER` varchar(32) DEFAULT NULL COMMENT '修改人',
  `MODIFY_TIME` varchar(32) DEFAULT NULL COMMENT '修改时间',
  `MODIFY_IP` varchar(32) DEFAULT NULL COMMENT '修改地址',
  `CLIENT_LICENSE_ID` varchar(32) DEFAULT NULL COMMENT '授权标识',
  PRIMARY KEY (`ORGANIZATION_USER_REL_ID`)
) ENGINE=InnoDB DEFAULT CHARSET=utf8 ROW_FORMAT=COMPACT COMMENT='组织机构与用户关联关系表';

-- ----------------------------
--  Table structure for `t_rbac_permission`
-- ----------------------------
DROP TABLE IF EXISTS `t_rbac_permission`;
CREATE TABLE `t_rbac_permission` (
  `PERMISSION_ID` varchar(32) COLLATE utf8mb4_unicode_ci NOT NULL COMMENT '权限编号',
  `PERMISSION_CODE` varchar(32) COLLATE utf8mb4_unicode_ci DEFAULT NULL COMMENT '权限编码',
  `PERMISSION_NAME` varchar(255) COLLATE utf8mb4_unicode_ci DEFAULT NULL COMMENT '权限名称',
  `REMARK` varchar(1000) COLLATE utf8mb4_unicode_ci DEFAULT NULL COMMENT '备注',
  `CREATE_USER` varchar(32) CHARACTER SET utf8 DEFAULT NULL,
  `CREATE_TIME` varchar(32) CHARACTER SET utf8 DEFAULT NULL,
  `CREATE_IP` varchar(32) CHARACTER SET utf8 DEFAULT NULL,
  `MODIFY_USER` varchar(32) CHARACTER SET utf8 DEFAULT NULL,
  `MODIFY_TIME` varchar(32) CHARACTER SET utf8 DEFAULT NULL,
  `MODIFY_IP` varchar(32) CHARACTER SET utf8 DEFAULT NULL,
  `CLIENT_LICENSE_ID` varchar(32) CHARACTER SET utf8 DEFAULT NULL COMMENT '授权标示',
  PRIMARY KEY (`PERMISSION_ID`)
) ENGINE=InnoDB DEFAULT CHARSET=utf8mb4 COLLATE=utf8mb4_unicode_ci COMMENT='权限表(平铺数据)(基础数据,不依赖授权码)';

-- ----------------------------
--  Table structure for `t_rbac_permission_group`
-- ----------------------------
DROP TABLE IF EXISTS `t_rbac_permission_group`;
CREATE TABLE `t_rbac_permission_group` (
  `PERMISSION_GROUP_ID` varchar(32) NOT NULL COMMENT '编号，主键',
  `PERMISSION_GROUP_CODE` varchar(32) DEFAULT NULL COMMENT '业务编码',
  `PERMISSION_GROUP_NAME` varchar(32) DEFAULT NULL COMMENT '名称',
  `PERMISSION_GROUP_PARENT_ID` varchar(32) DEFAULT NULL COMMENT '父级节点编号',
  `PATH_IDS` varchar(500) DEFAULT NULL COMMENT '编号路径集合',
  `PATH_CODES` varchar(500) DEFAULT NULL COMMENT '业务编码路径集合',
  `PATH_NAMES` varchar(1000) DEFAULT NULL COMMENT '名称路径集合',
  `REMARK` varchar(500) DEFAULT NULL COMMENT '备注字段',
  `CREATE_USER` varchar(32) DEFAULT NULL COMMENT '创建人',
  `CREATE_TIME` varchar(32) DEFAULT NULL COMMENT '创建日期',
  `CREATE_IP` varchar(32) DEFAULT NULL COMMENT '创建人IP地址',
  `MODIFY_USER` varchar(32) DEFAULT NULL COMMENT '修改人',
  `MODIFY_TIME` varchar(32) DEFAULT NULL COMMENT '修改日期',
  `MODIFY_IP` varchar(32) DEFAULT NULL COMMENT '修改人IP',
  `CLIENT_LICENSE_ID` varchar(32) DEFAULT NULL COMMENT '授权标示',
  PRIMARY KEY (`PERMISSION_GROUP_ID`)
) ENGINE=InnoDB DEFAULT CHARSET=utf8 ROW_FORMAT=COMPACT COMMENT='权限组';

-- ----------------------------
--  Table structure for `t_rbac_permission_group_permission_rel`
-- ----------------------------
DROP TABLE IF EXISTS `t_rbac_permission_group_permission_rel`;
CREATE TABLE `t_rbac_permission_group_permission_rel` (
  `PERMISSION_GROUP_PERMISSION_REL_ID` varchar(255) NOT NULL COMMENT '编号，主键',
  `PERMISSION_GROUP_ID` varchar(32) DEFAULT NULL COMMENT '所属权限组编号',
  `PERMISSION_ID` varchar(32) DEFAULT NULL COMMENT '所属权限编号',
  `CREATE_USER` varchar(32) DEFAULT NULL COMMENT '创建人',
  `CREATE_TIME` varchar(32) DEFAULT NULL COMMENT '创建日期',
  `CREATE_IP` varchar(32) DEFAULT NULL COMMENT '创建人IP地址',
  `MODIFY_USER` varchar(32) DEFAULT NULL COMMENT '修改人',
  `MODIFY_TIME` varchar(32) DEFAULT NULL COMMENT '修改日期',
  `MODIFY_IP` varchar(32) DEFAULT NULL COMMENT '修改人IP',
  `CLIENT_LICENSE_ID` varchar(32) DEFAULT NULL COMMENT '授权标示',
  PRIMARY KEY (`PERMISSION_GROUP_PERMISSION_REL_ID`)
) ENGINE=InnoDB DEFAULT CHARSET=utf8 ROW_FORMAT=COMPACT COMMENT='权限组权限关联关系';

-- ----------------------------
--  Table structure for `t_rbac_resource`
-- ----------------------------
DROP TABLE IF EXISTS `t_rbac_resource`;
CREATE TABLE `t_rbac_resource` (
  `RESOURCE_ID` varchar(32) NOT NULL COMMENT '编号',
  `RESOURCE_CODE` varchar(32) DEFAULT NULL COMMENT '编码',
  `RESOURCE_NAME` varchar(32) DEFAULT NULL COMMENT '名称',
  `RESOURCE_PARENT_ID` varchar(32) DEFAULT NULL COMMENT '父亲编号',
  `TYPE_FLAG` varchar(32) DEFAULT NULL COMMENT '资源类型 菜单 按钮',
  `HREF` varchar(300) DEFAULT NULL COMMENT '链接',
  `COMPONENT` varchar(100) DEFAULT NULL COMMENT '资源文件路径',
  `ORDER_NO` varchar(32) DEFAULT NULL COMMENT '排序号',
  `ICON` varchar(32) DEFAULT NULL COMMENT '图标',
  `HIDE_FLAG` varchar(32) DEFAULT NULL COMMENT '隐藏状态标识',
  `REMARK` varchar(32) DEFAULT NULL COMMENT '备注',
  `LEVEL` varchar(255) DEFAULT NULL COMMENT '层级',
  `STATUS` varchar(255) DEFAULT NULL COMMENT '状态(Y启用;N停用)',
  `INNER_FLAG` varchar(32) DEFAULT NULL COMMENT '内部系统标识',
  `PATH_IDS` varchar(1000) DEFAULT NULL COMMENT '编号路径集合',
  `PATH_CODES` varchar(1000) DEFAULT NULL COMMENT '编码路径集合',
  `PATH_NAMES` varchar(1000) DEFAULT NULL COMMENT '名称路径集合',
  `CREATE_USER` varchar(32) DEFAULT NULL COMMENT '创建人',
  `CREATE_TIME` varchar(32) DEFAULT NULL COMMENT '创建时间',
  `CREATE_IP` varchar(32) DEFAULT NULL COMMENT '创建地址',
  `MODIFY_USER` varchar(32) DEFAULT NULL COMMENT '修改人',
  `MODIFY_TIME` varchar(32) DEFAULT NULL COMMENT '修改时间',
  `MODIFY_IP` varchar(32) DEFAULT NULL COMMENT '修改地址',
  `CLIENT_LICENSE_ID` varchar(32) DEFAULT NULL COMMENT '授权标识',
  PRIMARY KEY (`RESOURCE_ID`)
) ENGINE=InnoDB DEFAULT CHARSET=utf8 ROW_FORMAT=COMPACT;

-- ----------------------------
--  Table structure for `t_rbac_resource_operation_rel`
-- ----------------------------
DROP TABLE IF EXISTS `t_rbac_resource_operation_rel`;
CREATE TABLE `t_rbac_resource_operation_rel` (
  `RESOURCE_OPERATION_REL_ID` varchar(150) COLLATE utf8mb4_unicode_ci NOT NULL COMMENT '菜单动作编号',
  `RESOURCE_ID` varchar(32) COLLATE utf8mb4_unicode_ci DEFAULT NULL COMMENT '所属菜单编号',
  `OPERATION_ID` varchar(32) COLLATE utf8mb4_unicode_ci DEFAULT NULL COMMENT '所属动作编号',
  `MENU_URI` varchar(255) COLLATE utf8mb4_unicode_ci DEFAULT NULL COMMENT '所属菜单请求URI',
  `OPERATION_URI` varchar(255) COLLATE utf8mb4_unicode_ci DEFAULT NULL COMMENT '所属动作请求URI',
  `HTTP_METHOD` varchar(255) COLLATE utf8mb4_unicode_ci DEFAULT NULL COMMENT 'HTTP请求协议(POST/PUT/DELETE)',
  `CREATE_USER` varchar(32) CHARACTER SET utf8 DEFAULT NULL COMMENT '创建人',
  `CREATE_TIME` varchar(32) CHARACTER SET utf8 DEFAULT NULL COMMENT '创建时间',
  `CREATE_IP` varchar(32) CHARACTER SET utf8 DEFAULT NULL COMMENT '创建地址',
  `MODIFY_USER` varchar(32) CHARACTER SET utf8 DEFAULT NULL COMMENT '修改人',
  `MODIFY_TIME` varchar(32) CHARACTER SET utf8 DEFAULT NULL COMMENT '修改时间',
  `MODIFY_IP` varchar(32) CHARACTER SET utf8 DEFAULT NULL COMMENT '修改地址',
  `CLIENT_LICENSE_ID` varchar(32) CHARACTER SET utf8 DEFAULT NULL COMMENT '授权标识',
  PRIMARY KEY (`RESOURCE_OPERATION_REL_ID`)
) ENGINE=InnoDB DEFAULT CHARSET=utf8mb4 COLLATE=utf8mb4_unicode_ci COMMENT='菜单操作关联关系';

-- ----------------------------
--  Table structure for `t_rbac_resource_url`
-- ----------------------------
DROP TABLE IF EXISTS `t_rbac_resource_url`;
CREATE TABLE `t_rbac_resource_url` (
  `RESOURCE_URL_ID` varchar(32) COLLATE utf8mb4_unicode_ci NOT NULL COMMENT '权限编号',
  `REQUEST_URL` varchar(255) COLLATE utf8mb4_unicode_ci DEFAULT NULL COMMENT '请求链接(支持正则)',
  `BLACK_URL` varchar(255) COLLATE utf8mb4_unicode_ci DEFAULT NULL COMMENT '黑名单链接(相对于请求链接)',
  `PERMISSION_ID` varchar(32) COLLATE utf8mb4_unicode_ci DEFAULT NULL COMMENT '所属权限编号',
  `OPERATION_ID` varchar(255) COLLATE utf8mb4_unicode_ci DEFAULT NULL COMMENT '所属系统操作编号',
  `HTTP_METHOD` varchar(32) COLLATE utf8mb4_unicode_ci DEFAULT NULL COMMENT '请求协议',
  `REMARK` varchar(1000) COLLATE utf8mb4_unicode_ci DEFAULT NULL COMMENT '备注',
  `CREATE_USER` varchar(32) CHARACTER SET utf8 DEFAULT NULL,
  `CREATE_TIME` varchar(32) CHARACTER SET utf8 DEFAULT NULL,
  `CREATE_IP` varchar(32) CHARACTER SET utf8 DEFAULT NULL,
  `MODIFY_USER` varchar(32) CHARACTER SET utf8 DEFAULT NULL,
  `MODIFY_TIME` varchar(32) CHARACTER SET utf8 DEFAULT NULL,
  `MODIFY_IP` varchar(32) CHARACTER SET utf8 DEFAULT NULL,
  `CLIENT_LICENSE_ID` varchar(32) CHARACTER SET utf8 DEFAULT NULL COMMENT '授权标示',
  PRIMARY KEY (`RESOURCE_URL_ID`)
) ENGINE=InnoDB DEFAULT CHARSET=utf8mb4 COLLATE=utf8mb4_unicode_ci COMMENT='资源表(对权限表的扩展说明)(基础数据,不依赖授权码)';

-- ----------------------------
--  Table structure for `t_rbac_role`
-- ----------------------------
DROP TABLE IF EXISTS `t_rbac_role`;
CREATE TABLE `t_rbac_role` (
  `ROLE_ID` varchar(32) NOT NULL COMMENT '编号',
  `ROLE_CODE` varchar(32) DEFAULT NULL COMMENT '编码',
  `ROLE_NAME` varchar(32) DEFAULT NULL COMMENT '名称',
  `ROLE_PARENT_ID` varchar(32) DEFAULT NULL COMMENT '父节点编号',
  `PATH_IDS` varchar(1000) DEFAULT NULL COMMENT '编号上级路径',
  `PATH_CODES` varchar(1000) DEFAULT NULL COMMENT '编码上级路径',
  `PATH_NAMES` varchar(1000) DEFAULT NULL COMMENT '名称上级路径',
  `LEVEL` varchar(255) DEFAULT NULL COMMENT '层级',
  `STATUS` varchar(255) DEFAULT NULL COMMENT '状态(Y启用;N停用)',
  `REMARK` varchar(32) DEFAULT NULL COMMENT '备注',
  `CREATE_USER` varchar(32) DEFAULT NULL COMMENT '创建人',
  `CREATE_TIME` varchar(32) DEFAULT NULL COMMENT '创建时间',
  `CREATE_IP` varchar(32) DEFAULT NULL COMMENT '创建地址',
  `MODIFY_USER` varchar(32) DEFAULT NULL COMMENT '修改人',
  `MODIFY_TIME` varchar(32) DEFAULT NULL COMMENT '修改时间',
  `MODIFY_IP` varchar(32) DEFAULT NULL COMMENT '修改地址',
  `CLIENT_LICENSE_ID` varchar(32) DEFAULT NULL COMMENT '授权标识',
  PRIMARY KEY (`ROLE_ID`)
) ENGINE=InnoDB DEFAULT CHARSET=utf8 ROW_FORMAT=COMPACT;

-- ----------------------------
--  Table structure for `t_rbac_role_permission_rel`
-- ----------------------------
DROP TABLE IF EXISTS `t_rbac_role_permission_rel`;
CREATE TABLE `t_rbac_role_permission_rel` (
  `ROLE_PERMISSION_REL_ID` varchar(32) NOT NULL COMMENT '角色权限编号',
  `ROLE_ID` varchar(32) DEFAULT NULL COMMENT '所属角色编号',
  `PERMISSION_GROUP_ID` varchar(32) DEFAULT NULL COMMENT '所属权限组编号',
  `PERMISSION_ID` varchar(32) DEFAULT NULL COMMENT '所属权限编号',
  `CREATE_USER` varchar(32) DEFAULT NULL COMMENT '创建人',
  `CREATE_TIME` varchar(32) DEFAULT NULL COMMENT '创建时间',
  `CREATE_IP` varchar(32) DEFAULT NULL COMMENT '创建地址',
  `MODIFY_USER` varchar(32) DEFAULT NULL COMMENT '修改人',
  `MODIFY_TIME` varchar(32) DEFAULT NULL COMMENT '修改时间',
  `MODIFY_IP` varchar(32) DEFAULT NULL COMMENT '修改地址',
  `CLIENT_LICENSE_ID` varchar(32) DEFAULT NULL COMMENT '授权标识',
  PRIMARY KEY (`ROLE_PERMISSION_REL_ID`)
) ENGINE=InnoDB DEFAULT CHARSET=utf8 ROW_FORMAT=COMPACT COMMENT='角色权限关联关系表';

-- ----------------------------
--  Table structure for `t_rbac_user`
-- ----------------------------
DROP TABLE IF EXISTS `t_rbac_user`;
CREATE TABLE `t_rbac_user` (
  `USER_ID` varchar(32) NOT NULL COMMENT '编号',
  `USER_CODE` varchar(32) DEFAULT NULL COMMENT '编码',
  `USER_NAME` varchar(300) DEFAULT NULL COMMENT '姓名',
  `EMAIL` varchar(300) DEFAULT NULL COMMENT '邮箱',
  `USER_LOGIN_NAME` varchar(300) DEFAULT NULL COMMENT '登录名',
  `USER_PASSWORDS` varchar(300) DEFAULT NULL COMMENT '密码',
  `MOBILE` varchar(11) DEFAULT NULL COMMENT '电话',
  `DISABLE_FLAG` varchar(32) DEFAULT NULL COMMENT '可用状态标示(Y可用/N不可)',
  `DELETE_FLAG` varchar(32) DEFAULT NULL COMMENT '删除状态标识',
  `USER_TYPE` varchar(32) DEFAULT NULL COMMENT '用户类型',
  `ICON` varchar(32) DEFAULT NULL COMMENT '图标',
  `LAST_LOGIN_TIME` varchar(32) DEFAULT NULL COMMENT '最近一次登录时间',
  `REMARK` varchar(32) DEFAULT NULL COMMENT '备注',
  `CREATE_USER` varchar(32) DEFAULT NULL,
  `CREATE_TIME` varchar(32) DEFAULT NULL,
  `CREATE_IP` varchar(32) DEFAULT NULL,
  `MODIFY_USER` varchar(32) DEFAULT NULL,
  `MODIFY_TIME` varchar(32) DEFAULT NULL,
  `MODIFY_IP` varchar(32) DEFAULT NULL,
  `CLIENT_LICENSE_ID` varchar(32) DEFAULT NULL COMMENT '授权标示',
  PRIMARY KEY (`USER_ID`)
) ENGINE=InnoDB DEFAULT CHARSET=utf8 ROW_FORMAT=COMPACT;

-- ----------------------------
--  Table structure for `t_rbac_user_extra_prop`
-- ----------------------------
DROP TABLE IF EXISTS `t_rbac_user_extra_prop`;
CREATE TABLE `t_rbac_user_extra_prop` (
  `USER_EXTRA_ID` varchar(32) NOT NULL COMMENT '编号',
  `USER_EXTRA_CODE` varchar(32) DEFAULT NULL COMMENT '编码',
  `USER_ID` varchar(255) DEFAULT NULL COMMENT '所属用户',
  `PROP_KEY` varchar(255) DEFAULT NULL COMMENT '属性键',
  `PROP_OPER` varchar(255) DEFAULT NULL COMMENT '属性操作符',
  `PROP_VALUE` varchar(255) DEFAULT NULL COMMENT '属性值',
  `REMARK` varchar(32) DEFAULT NULL COMMENT '备注',
  `CREATE_USER` varchar(32) DEFAULT NULL,
  `CREATE_TIME` varchar(32) DEFAULT NULL,
  `CREATE_IP` varchar(32) DEFAULT NULL,
  `MODIFY_USER` varchar(32) DEFAULT NULL,
  `MODIFY_TIME` varchar(32) DEFAULT NULL,
  `MODIFY_IP` varchar(32) DEFAULT NULL,
  `USER_TYPE` varchar(32) DEFAULT NULL COMMENT '用户类型',
  `CLIENT_LICENSE_ID` varchar(32) DEFAULT NULL COMMENT '授权标示',
  PRIMARY KEY (`USER_EXTRA_ID`)
) ENGINE=InnoDB DEFAULT CHARSET=utf8 ROW_FORMAT=COMPACT;

-- ----------------------------
--  Table structure for `t_rbac_user_role_rel`
-- ----------------------------
DROP TABLE IF EXISTS `t_rbac_user_role_rel`;
CREATE TABLE `t_rbac_user_role_rel` (
  `USER_ROLE_ID` varchar(32) NOT NULL COMMENT '编号',
  `USER_ID` varchar(32) DEFAULT NULL COMMENT '用户编号',
  `ROLE_ID` varchar(32) DEFAULT NULL COMMENT '角色编号',
  `ROLE_PATH_IDS` varchar(32) DEFAULT NULL COMMENT '角色编号路径集合',
  `CREATE_USER` varchar(32) DEFAULT NULL COMMENT '创建人',
  `CREATE_TIME` varchar(32) DEFAULT NULL COMMENT '创建时间',
  `CREATE_IP` varchar(32) DEFAULT NULL COMMENT '创建地址',
  `MODIFY_USER` varchar(32) DEFAULT NULL COMMENT '修改人',
  `MODIFY_TIME` varchar(32) DEFAULT NULL COMMENT '修改时间',
  `MODIFY_IP` varchar(32) DEFAULT NULL COMMENT '修改地址',
  `CLIENT_LICENSE_ID` varchar(32) DEFAULT NULL COMMENT '授权标识',
  PRIMARY KEY (`USER_ROLE_ID`)
) ENGINE=InnoDB DEFAULT CHARSET=utf8 ROW_FORMAT=COMPACT;

-- ----------------------------
--  Records 
-- ----------------------------
INSERT INTO `act_ge_bytearray` VALUES ('20002','1','1.bpmn20.xml','20001','<?xml version=\"1.0\" encoding=\"UTF-8\"?>\n<definitions xmlns=\"http://www.omg.org/spec/BPMN/20100524/MODEL\" xmlns:xsi=\"http://www.w3.org/2001/XMLSchema-instance\" xmlns:xsd=\"http://www.w3.org/2001/XMLSchema\" xmlns:activiti=\"http://activiti.org/bpmn\" xmlns:bpmndi=\"http://www.omg.org/spec/BPMN/20100524/DI\" xmlns:omgdc=\"http://www.omg.org/spec/DD/20100524/DC\" xmlns:omgdi=\"http://www.omg.org/spec/DD/20100524/DI\" typeLanguage=\"http://www.w3.org/2001/XMLSchema\" expressionLanguage=\"http://www.w3.org/1999/XPath\" targetNamespace=\"http://www.activiti.org/processdef\">\n  <process id=\"ThisIsProcessIdentifier\" name=\"我是在模型定义页面中的名称\" isExecutable=\"true\">\n    <startEvent id=\"sid-51B907FD-A3B8-45A0-8FF2-CE6012C2AEA7\"></startEvent>\n    <userTask id=\"sid-82EA51D5-F77F-4A74-95BA-8E5A1BFE9021\" activiti:candidateGroups=\"groupId\"></userTask>\n    <endEvent id=\"sid-9248694E-A1A9-4847-A3BD-DE50B2AAE52D\"></endEvent>\n    <sequenceFlow id=\"sid-265F21B6-069F-4EC9-ACEB-0D3EEAEA2544\" sourceRef=\"sid-51B907FD-A3B8-45A0-8FF2-CE6012C2AEA7\" targetRef=\"sid-82EA51D5-F77F-4A74-95BA-8E5A1BFE9021\"></sequenceFlow>\n    <sequenceFlow id=\"sid-56397917-5D6B-4D85-B590-C3FA2A2C3B69\" sourceRef=\"sid-82EA51D5-F77F-4A74-95BA-8E5A1BFE9021\" targetRef=\"sid-9248694E-A1A9-4847-A3BD-DE50B2AAE52D\"></sequenceFlow>\n  </process>\n  <bpmndi:BPMNDiagram id=\"BPMNDiagram_ThisIsProcessIdentifier\">\n    <bpmndi:BPMNPlane bpmnElement=\"ThisIsProcessIdentifier\" id=\"BPMNPlane_ThisIsProcessIdentifier\">\n      <bpmndi:BPMNShape bpmnElement=\"sid-51B907FD-A3B8-45A0-8FF2-CE6012C2AEA7\" id=\"BPMNShape_sid-51B907FD-A3B8-45A0-8FF2-CE6012C2AEA7\">\n        <omgdc:Bounds height=\"30.0\" width=\"30.0\" x=\"103.43750680331135\" y=\"155.00000149011612\"></omgdc:Bounds>\n      </bpmndi:BPMNShape>\n      <bpmndi:BPMNShape bpmnElement=\"sid-82EA51D5-F77F-4A74-95BA-8E5A1BFE9021\" id=\"BPMNShape_sid-82EA51D5-F77F-4A74-95BA-8E5A1BFE9021\">\n        <omgdc:Bounds height=\"80.0\" width=\"100.0\" x=\"230.43750680331135\" y=\"138.00000149011612\"></omgdc:Bounds>\n      </bpmndi:BPMNShape>\n      <bpmndi:BPMNShape bpmnElement=\"sid-9248694E-A1A9-4847-A3BD-DE50B2AAE52D\" id=\"BPMNShape_sid-9248694E-A1A9-4847-A3BD-DE50B2AAE52D\">\n        <omgdc:Bounds height=\"28.0\" width=\"28.0\" x=\"479.43750680331135\" y=\"151.00000149011612\"></omgdc:Bounds>\n      </bpmndi:BPMNShape>\n      <bpmndi:BPMNEdge bpmnElement=\"sid-56397917-5D6B-4D85-B590-C3FA2A2C3B69\" id=\"BPMNEdge_sid-56397917-5D6B-4D85-B590-C3FA2A2C3B69\">\n        <omgdi:waypoint x=\"330.43750680331135\" y=\"174.94835829762786\"></omgdi:waypoint>\n        <omgdi:waypoint x=\"479.46350925455516\" y=\"165.8528745799463\"></omgdi:waypoint>\n      </bpmndi:BPMNEdge>\n      <bpmndi:BPMNEdge bpmnElement=\"sid-265F21B6-069F-4EC9-ACEB-0D3EEAEA2544\" id=\"BPMNEdge_sid-265F21B6-069F-4EC9-ACEB-0D3EEAEA2544\">\n        <omgdi:waypoint x=\"133.41925029266673\" y=\"170.73984067477565\"></omgdi:waypoint>\n        <omgdi:waypoint x=\"230.43750680331135\" y=\"175.53086568764698\"></omgdi:waypoint>\n      </bpmndi:BPMNEdge>\n    </bpmndi:BPMNPlane>\n  </bpmndi:BPMNDiagram>\n</definitions>','0'), ('20003','1','1.ThisIsProcessIdentifier.png','20001','�PNG\r\n\Z\n\0\0\0\rIHDR\0\0\0\0\0�\0\0\0W\0\0�IDATx���	�U�]�V�^�j�=�G�Km�j��j\\k4I�2	3�P�B��@LH�)��EKN<��hPb��Z��ŐD�&C)	����\0C ��~s�p^�f{����;��{o��}�������{ߛ�\0\0\0\0\0\0\0\0\0\0\0\0\0\0\0\0\0\0\0\0\0\0\0\0\0\0\0\0\0\0\0\0\0\0\0\0\0\0\0\0\0\0\0\0\0\0\0\0\0\0\0\0\0\0\0\0\0\0\0\0\0\0\0\0\0\0\0\0\0\0\0\0\0\0\0\0\0\0\0\0\0\0\0\0\0\0\0\0\0\0\0\0\0\0\0\0\0\0\0\0\0\0\0\0\0\0\0\0\0\0\0\0\0\0\0\0\0\0\0\0\0\0\0\0\0\0\0\0\0\0\0\0\0\0\0\0\0\0\0\0\0\0\0\0\0\0\0\0\0\0\0\0\0\0\0\0\0\0\0\0\0\0\0\0\0\0\0\0\0\0\0\0\0\0\0\0\0\0\0\0\0\0\0\0\0\0\0\0\0\0\0\0\0\0\0\0\0\0\0\0\0\0\0\0\0\0\0\0\0\0\0\0\0\0\0\0\0\0\0\0\0\0\0\0\0\0\0\0\0\0\0\0\0\0\0\0\0\0\0\0\0\0\0\0\0\0\0\0\0\0\0\0\0\0\0\0\0\0\0\0\0\0\0\0\0\0\0\0\0\0\0\0\0\0\0\0\0oHUUoٶmۂ\r6��|��j�ҥ��kٲe��ի_�j�G0`2�Y��ڵkWu��!5@�{��ꡇ�j���J\0D��&Z�t�f{%\0\"�4ȃ�\"�W0 rL[c<�BAe�`P��W^j��m��zj٬����MC.\00�B���;�\'?7�z�3Ӿ��Oc.\00LB�sO}�@p��j��\\(\0`����+o�6�}\Zs�\0�a\n�\\��m(��4�B\0B�P \00�BA�m�](��4�B\0�$l];��P��i̅��1c��XCC�������Q�����Q�㾅������`���=;���\\2�����-�ӘM\\p��QK���(!�\'�2~Ǘw�p\rY���q� oӐ=Ѱ����)�՚Q�F���	�-ttT[�}�����-�Ә\r\r\rў�����3fLu���W+V��v��Q����Uڿ�s��j�ڵ����^�;�k0ا�\0�Q(�+>��c��)��\\�P(`����!?\\�͛����=�w������Ն��u��H��;w��뮻�mҤI�677-w�L�\'N<<k֬]s���L>��\Z⡠��jۺ�������������5\n�=���)S:{z#oڴi]������;�fƌ{������6l��٥t����$��4}�������q�^{��7�x�,[o腂���k 0��9ǆfΜyl���rha���]�~�֮c7�|�q!a6�G����iӦj����ԩSw�r�-�5�N(�I���z\r4�B�K9��X�\r���K��\Z[�N�q��/����-ZtJa��ŋW�w\"̶U�F(�m 8Z\Zw��Aέ�C��!��\r%��10�P��Ν���/��kO?��i�i�}��*�ޭ��z��;�C�\n��^��$�x���jƌS����Q{*�^����֫me�@	�����Ʌ�i~Ϟ=}\n�.�+�����UW]��	&>]=\'�1?~��S�Ly��-(���5j������ŝ\r�M7�T����AM(��U��X?�s�R�1�4iҳ��P��zg��ѿ�=\0����_��q�:�U�V��=/pT\ny���h��\\y�G^}�ժ�M�6�H<ߥ��P��N]9��X#��O4��|�Q�cN�î�4���s^���K��<��?<����ɓw��B�\n8u�F�zk7�G�=���w�|��i;\r�d�\'��;z�������K��SOU^�d�@	�������hA�������BC�ĉ��s�=�U�(O�� �Q[_(PB\'����X�W����\r\r\r����W_\'��YO=6y���y����C�&Mz��\n�PP�\r�7�=�{c��er�Ѩ0\Z��X�˨�~k,�!n�\\S`c��Q��e��m�冨����E��M8�x����<cN�좋.jokk��P��-hnn���/(�`�:�쳿=\Z��F�磁�ͨ?�/���q�_E�m��w���OG�w��Q,������XN�媨�����Y�~e,�E�<���0nO6�cǎ���|���\'�j�e�}@�466:��F�%�/v�ö�P����p�g�������8�S���j4���՟G�DC|E,g��������ɨ�Q�D}�|yP�{���/D���l�����Q7��^uY�����,�����?�s�3�o��_<��.g���c\\����\\�@0�����}B�P0Ļ��\Z�����b+~+\Z�?��b߾4��톨��M�����S���JS��]��}+����}�~G�ҏ�p�va�_�m���k9s?ֿ	�4ȏ��+�;����o=�c\\ѐ��t�wO���}�f&�2^�1߸���X΋��g\Z��Gb99�e[�q?����)w�x�m�������\"��v;K(\n�[��}��l`��:Q�\roy8��-\r�?��:��Ǣ����p96<_\Z�������/�����cB<�/d���;��=�C�������/��m �455��]l9fo�w��#���D���D˫����,�|���� �cwϖ�Hv�u�n�<�lʝ�H�5\'�Dݖ���*c���ь�������Y�9�X�`k͛��P ���#pWv�g�.]�g�.�Q�KX��t�/.]�KW���~�]���_���=|[麟\\���-]���]���ߑ���ߒȩinn^�~��#�\n��x�%���q�g~K~:)c��.����*]�˛sL�|�XT&�<Zf��P�s��K9a��\'n(���9I(�s��J�)f�]�&.]���\r�\'�<�f���\n�w==)���%+�w(��ANR���gs�Z�\'G�{�Lj��Lr�D�ʕ�S��7��2InG	��?��weR���%X7��w���x���?\\��N{;�S�L9m�\'�i�ӦM��^��d�6gΜ=�\n��޽�y2J6�Qߝcr��o�ΉJ���J�&gG},�AK`XZ�S��R	�K��Z�7*�$�����n�OO�k5LC����3��OPo�n����ݜ���O=��\n_(��.^��]���N,ώ�ll�4��j����b}I������ky\Z[{	��}rA9��r\Zܤ܏c���)+�ˍ���Z[[��Q��B���c�̙3�p0�@0{���c˾����]��7n������������(��)�0?�c�9TQ�,r���ʐFm�V��d~�XS>�=S�[�(]�{��I~�[��.灿t��ك��m��%�����3r�$��x��x�>�������5>_���M��o��[}�442,?��_{A��1��PB�^������q�ƍ_�@�iӦ}�|l��)��ޖ�&���<�L��3��EQ^/t���\nW-Y����e�AKm0ȹ\09�0���Y9��vA9%�j[���d�K.���?z.���ʾ���&���~Y��\r�=e�HU�:y���8:��Cy�¼0�]w�U���wLɠa�֩���Ѓ>�ޗ�`�y���&��駁]޸m�\\��N_\n���1��T�^�\Zs����q��-[��E ؾ}����v�>�$��2Ɨo��\'g\n���1d9N>�0��>�\r���������;Ng ȿ�ݰA��;W4\n��rȱ\\�yA9����o;,�e/*\\G�ZóQi�`�e˖��#l۶�Ŧ��6�Q�@(\0�Q�A$��͛��72�p�����=��d�@	���1蜌��ҲmݺuO�Jx���oܸqO��\"(�\0��p�9e�ر_nmm]�r��Ǟ|�|\r�+mmm�Epx��nX��Դ�d�@	@3E(PB\0B�\n\0\n�P\0�P��\0�%\0 (�\0\0�@	\0J(\0@(PB\0B��X(\0\0�@(\0\0�@(\0\0�@(\0\0�@(\0\0�@(\0\0�@(\0\0�@(\0\0�@(\0\0�@(\0\0�@(\0\0�@(\0\0�@(\0\0�@(\0\0�@(\0\0�@(\0\0�@(\0\0�@(\0\0�@(\0\0�@(\0\0�@(\0���|�r��੃\n�+�W�n۵k�y�Ν;�G(�l�`@�X�⃫V�z������y�z2,[��KQ#�\0�h�ΊO���:ǴU�Wn��\0\0\0\0\0\0\0\0\0\0\0\0\0\0\0\0\0\0t����=���D�\0\0\0\0IEND�B`�','1'), ('20014','1','1.bpmn20.xml','20013','<?xml version=\"1.0\" encoding=\"UTF-8\"?>\n<definitions xmlns=\"http://www.omg.org/spec/BPMN/20100524/MODEL\" xmlns:xsi=\"http://www.w3.org/2001/XMLSchema-instance\" xmlns:xsd=\"http://www.w3.org/2001/XMLSchema\" xmlns:activiti=\"http://activiti.org/bpmn\" xmlns:bpmndi=\"http://www.omg.org/spec/BPMN/20100524/DI\" xmlns:omgdc=\"http://www.omg.org/spec/DD/20100524/DC\" xmlns:omgdi=\"http://www.omg.org/spec/DD/20100524/DI\" typeLanguage=\"http://www.w3.org/2001/XMLSchema\" expressionLanguage=\"http://www.w3.org/1999/XPath\" targetNamespace=\"http://www.activiti.org/processdef\">\n  <process id=\"ThisIsProcessIdentifier\" name=\"我是在模型定义页面中的名称\" isExecutable=\"true\">\n    <startEvent id=\"sid-51B907FD-A3B8-45A0-8FF2-CE6012C2AEA7\"></startEvent>\n    <userTask id=\"sid-82EA51D5-F77F-4A74-95BA-8E5A1BFE9021\" name=\"模型页面内定义的节点名称\" activiti:candidateGroups=\"groupId\"></userTask>\n    <endEvent id=\"sid-9248694E-A1A9-4847-A3BD-DE50B2AAE52D\"></endEvent>\n    <sequenceFlow id=\"sid-265F21B6-069F-4EC9-ACEB-0D3EEAEA2544\" sourceRef=\"sid-51B907FD-A3B8-45A0-8FF2-CE6012C2AEA7\" targetRef=\"sid-82EA51D5-F77F-4A74-95BA-8E5A1BFE9021\"></sequenceFlow>\n    <sequenceFlow id=\"sid-56397917-5D6B-4D85-B590-C3FA2A2C3B69\" sourceRef=\"sid-82EA51D5-F77F-4A74-95BA-8E5A1BFE9021\" targetRef=\"sid-9248694E-A1A9-4847-A3BD-DE50B2AAE52D\"></sequenceFlow>\n  </process>\n  <bpmndi:BPMNDiagram id=\"BPMNDiagram_ThisIsProcessIdentifier\">\n    <bpmndi:BPMNPlane bpmnElement=\"ThisIsProcessIdentifier\" id=\"BPMNPlane_ThisIsProcessIdentifier\">\n      <bpmndi:BPMNShape bpmnElement=\"sid-51B907FD-A3B8-45A0-8FF2-CE6012C2AEA7\" id=\"BPMNShape_sid-51B907FD-A3B8-45A0-8FF2-CE6012C2AEA7\">\n        <omgdc:Bounds height=\"30.0\" width=\"30.0\" x=\"103.43750680331135\" y=\"155.00000149011612\"></omgdc:Bounds>\n      </bpmndi:BPMNShape>\n      <bpmndi:BPMNShape bpmnElement=\"sid-82EA51D5-F77F-4A74-95BA-8E5A1BFE9021\" id=\"BPMNShape_sid-82EA51D5-F77F-4A74-95BA-8E5A1BFE9021\">\n        <omgdc:Bounds height=\"80.0\" width=\"100.0\" x=\"230.43750680331135\" y=\"138.00000149011612\"></omgdc:Bounds>\n      </bpmndi:BPMNShape>\n      <bpmndi:BPMNShape bpmnElement=\"sid-9248694E-A1A9-4847-A3BD-DE50B2AAE52D\" id=\"BPMNShape_sid-9248694E-A1A9-4847-A3BD-DE50B2AAE52D\">\n        <omgdc:Bounds height=\"28.0\" width=\"28.0\" x=\"479.43750680331135\" y=\"151.00000149011612\"></omgdc:Bounds>\n      </bpmndi:BPMNShape>\n      <bpmndi:BPMNEdge bpmnElement=\"sid-56397917-5D6B-4D85-B590-C3FA2A2C3B69\" id=\"BPMNEdge_sid-56397917-5D6B-4D85-B590-C3FA2A2C3B69\">\n        <omgdi:waypoint x=\"330.43750680331135\" y=\"174.94835829762786\"></omgdi:waypoint>\n        <omgdi:waypoint x=\"479.46350925455516\" y=\"165.8528745799463\"></omgdi:waypoint>\n      </bpmndi:BPMNEdge>\n      <bpmndi:BPMNEdge bpmnElement=\"sid-265F21B6-069F-4EC9-ACEB-0D3EEAEA2544\" id=\"BPMNEdge_sid-265F21B6-069F-4EC9-ACEB-0D3EEAEA2544\">\n        <omgdi:waypoint x=\"133.41925029266673\" y=\"170.73984067477565\"></omgdi:waypoint>\n        <omgdi:waypoint x=\"230.43750680331135\" y=\"175.53086568764698\"></omgdi:waypoint>\n      </bpmndi:BPMNEdge>\n    </bpmndi:BPMNPlane>\n  </bpmndi:BPMNDiagram>\n</definitions>','0'), ('20015','1','1.ThisIsProcessIdentifier.png','20013','�PNG\r\n\Z\n\0\0\0\rIHDR\0\0\0\0\0�\0\0\0W\0\0�IDATx���	���Y�T�^�j�=�G�Km�j��j\\k4I�2	3�P�B��@LH�)��EKN<��hPb��Z��ŐD�&C)	����\0C �>Ϝw8�Cf�Y��~�<�s���������3�\0\0\0\0\0\0\0\0\0\0\0\0\0\0\0\0\0\0\0\0\0\0\0\0\0\0\0\0\0\0\0\0\0\0\0\0\0\0\0\0\0\0\0\0\0\0\0\0\0\0\0\0\0\0\0\0\0\0\0\0\0\0\0\0\0\0\0\0\0\0\0\0\0\0\0\0\0\0\0\0\0\0\0\0\0\0\0\0\0\0\0\0\0\0\0\0\0\0\0\0\0\0\0\0\0\0\0\0\0\0\0\0\0\0\0\0\0\0\0\0\0\0\0\0\0\0\0\0\0\0\0\0\0\0\0\0\0\0\0\0\0\0\0\0\0\0\0\0\0\0\0\0\0\0\0\0\0\0\0\0\0\0\0\0\0\0\0\0\0\0\0\0\0\0\0\0\0\0\0\0\0\0\0\0\0\0\0\0\0\0\0\0\0\0\0\0\0\0\0\0\0\0\0\0\0\0\0\0\0\0\0\0\0\0\0\0\0\0\0\0\0\0\0\0\0\0\0\0\0\0\0\0\0\0\0\0\0\0\0\0\0\0\0\0\0\0\0\0\0\0\0\0\0\0\0\0\0\0\0\0\0\0\0\0\0\0\0\0\0\0\0\0\0\0\0\0\0��R�T޺cǎE�6mzc�ʕ��˗��+VT֮]�rT�#�A��`ݺu�={�T�9�����[y�G�\Za���A�=��	G�/_��Q	���!\r�ЩG�\0����PPqT0�C�k��Tvl~��̊9핷�>\r�P\0�\n��<��Y�\'?3��*���4�B\0#$��̧N��3K4�B\0#%l]}s�� Ә\0��P����.CA>�1\n\0\n��\0��\nr�AW� Ә\0��P�}��.CA>�1\n�ƍ�cuuuW\\p����G��D���-���|��#<���T��e�O:���1��P��t���<\Z���S��{|x��P���O�\n�>\r�P��\r����� ��֍3��Mi�����}��O:���1��P��QWW��{��q��Un���ʪU�*�v����꫕t�����ݻ+�ׯ��y睕���w�\Z�\ny��g���9���\Z\n�@pv4�G�����?:�;���������p�����)����_|�\r7�L�2����Ư���q���G�̙�g޼y����[�<��UZ���|~��.AG�s�z\r��|��@0mڴ�^����1cF�`��`����5k��+���r��V6m��ޥt����$��4��ʃ>X��]w�u��|��s��\nެw@��P��R�2�={��!��ʡ��s�vJ�9{���z�����L���;v��̖-[*3gάL�>}�m���^{s��������@�.0���{N7T�N=���\Zu�]wͽ�K�X�dI��@gK�.��ω`0�^������4�BC*�W=���C�\ZJ��c`�͟?��+���k�>�l�4�?�|%����~��;�C�\n��^��$�z�!��j֬YӢ���Q�+^�����k�e�@	���a���|7�o߾~	�*��r�Q�~\r����9iҤ�}�Cp���\'�>mڴ���B�\n�1c��Pw.9\\.]��P�r�-����1�\n���j@4������s�L��-(���;v�/g@4����׻z^�,���z͚5�zn�U��%�J�\\4�㮺�c���z��͘1�X����u�@	�\\Ybx��p�\'��W>ܨ�9}=���\\�^�oz�_i��|1����z�2u��]��P��zn̘1o���vF5w|&Aէ��2�S-O��w�W\Z�rl��.;r:K{*��h2�P��z�[�fX����P������ɓ\'ϼ��ި�\\\ZA���P��N�+�m9�0��������8n����&��h��z\n趩S�n�K���2e�c��P���\Znпq�ر�۟,�όF�CѨ7������o��?���k\nl�z6jOԑl`�Z�m������oQ�v�Ϻ+~���s�3�����[[ZZ4�u\Z�b�J(��9�o��G����h`3�O�b{I��WQ_�]l�9��Q���lK�},�+9֟�c�&�?���{����}Ul\'D�>����0�o6��Ǐ���|�ჭ\'	K��e�>�W���t|��@���Q{_(PBA8��3�����}q���hh5\Z�ߋ��ϣ��!�2����;���q��Q+���b���t0��Q_���٨��}�n��6��=.�������������{�w�?�-����߱���t~���ۃ�2LF�?q2x�P ���E�h4v��ߊ��O���ql_uM�wS��㮇b�_Q��3���ZS��]�O�c�������]9K?�#q�EQ��~��_˙�q��\'M��MC����{��ojj�֓=�\r�mOA�@�:t���mf/�e��������}���^۩��8�����<I�A�Ky�ŋ��C�<\'�|�1���B�P0�����wd�׉��lx�k�#���hi���4�y�>��4�G˹���Я/\r��� pc	���pV����B�h����_�9�a�{��<�}@�\\t�E-�1�������b�1�x!�3O��W&���;��^��uw��[�/-\'��{��D����t��eK��D�9�\'�<e�V��f����^�q����5\n�W�H�*�B�I�%�wex��%~v�\"�5���{KW��ҵ��t�*�ǽ�8�.�Q�^^�w�����+��ҵ�+�՟!?�����,<��Dz���q�ƍ�\rd(���{����㬳���|wR��SNf��.n�t�ulo�1��cI���x���RG�	B�䄡2���$�O�$����w+9���w9��tA�Q.�w,yR�$�3�!��<)���%+�v(��ANR���gs�Z9&G�k�Lj��Lr�D�ʕ�K��?��2InW	��?��weR���%Xו�w���x���?\\��F{��ӦM�剹qƌ_�K �Հl��͛�o C���߿(OFɆ<�sL�4��˙�9Q)�WC	���㨏e7h	�K�x��T_)�`	����#%�d0�7~�m��t�f���1���v���]���$����Jy���x�I��}���BAw����8����������/�Ʈ/���\\���E�O~{�,_�el�%�>Z��Ee��meܔ<�����SV�ˍ��s�����Xs�`T�9a��٧2̝;���r ��`o׀l�&L�� �h8q��}#i2J�{���kU�!���0�ä2��Cw�9YX�>֕wqϕu�m�kv_:�wrr�r��K���ݸ�ٖ�=c�\nNu��O���jkk�9�$��d���;}*����3����J�����l�{~#��r諻������\Ze�Ao���:�6�5����7o���@�-[��߷�^�2����n2�?���2�rtΤ.Ey�P��sP(:� kٲeVП=M�� ����\\=��U9��zAYy��[cr2ʥ�^�:��_~��Re���t��K����F}�B�%�D�A�;R�y���Q�t-�A^�0/Lt�=�T���N8�dаWkT�s|��n��@�x����z�Q�����N/ܖ�����KB�P��<GT/U�e�3�`(��n۶�@��;w̟�@��w�*c|��}�qf�@(`D��G���ў�����nu-566�����֗� ^��V���ꊆ\Zu��ڗC���ϋ�r���vX�e/)\\G�[#�Qi�`�m۶�}v���rCCC��(C�%�CoI���=�_^�`�Ng���;vl��(�3(�9��1h����ԴcÆ\rO�$<���7a�MF\n�P\0�V8h��2~��/777oX�z�/�Ç�V>�����\"8<y�M7�khh�e2�P������\"(�\0\0�`H�=��\'\0@\r���,�\n\0@(\n\0@(\n\0@(\n\0@(\n\0@(\n\0`$��3,I\0��ŋ\0@(\n\0@(\n\0@(\n\0@(\n\0@(\n\0@(\n\0@(\n\0@(\n\0@(\n\0@(PB\0B�\n\0\n�P\0�P��\0�%\0 (�\0\0�@	\0J(\0@(PB\0B�\n\0\n�P\0�0�r�J��Щ�\n�:*k׮mٳg�y��ݻF(��`P�Z��Ck֬y������y�z2�X��KQ��\0�h�Ύw����:ǴՀW���\0\0\0\0\0\0\0\0\0\0\0\0\0\0\0\0\0\0t������K�{c\0\0\0\0IEND�B`�','1'), ('2516','1','1.bpmn20.xml','2515','<?xml version=\"1.0\" encoding=\"UTF-8\"?>\n<definitions xmlns=\"http://www.omg.org/spec/BPMN/20100524/MODEL\" xmlns:xsi=\"http://www.w3.org/2001/XMLSchema-instance\" xmlns:xsd=\"http://www.w3.org/2001/XMLSchema\" xmlns:activiti=\"http://activiti.org/bpmn\" xmlns:bpmndi=\"http://www.omg.org/spec/BPMN/20100524/DI\" xmlns:omgdc=\"http://www.omg.org/spec/DD/20100524/DC\" xmlns:omgdi=\"http://www.omg.org/spec/DD/20100524/DI\" typeLanguage=\"http://www.w3.org/2001/XMLSchema\" expressionLanguage=\"http://www.w3.org/1999/XPath\" targetNamespace=\"http://www.activiti.org/processdef\">\n  <process id=\"ThisIsProcessIdentifier\" name=\"我是在模型定义页面中的名称\" isExecutable=\"true\">\n    <startEvent id=\"sid-51B907FD-A3B8-45A0-8FF2-CE6012C2AEA7\"></startEvent>\n    <userTask id=\"sid-82EA51D5-F77F-4A74-95BA-8E5A1BFE9021\"></userTask>\n    <endEvent id=\"sid-9248694E-A1A9-4847-A3BD-DE50B2AAE52D\"></endEvent>\n    <sequenceFlow id=\"sid-265F21B6-069F-4EC9-ACEB-0D3EEAEA2544\" sourceRef=\"sid-51B907FD-A3B8-45A0-8FF2-CE6012C2AEA7\" targetRef=\"sid-82EA51D5-F77F-4A74-95BA-8E5A1BFE9021\"></sequenceFlow>\n    <sequenceFlow id=\"sid-56397917-5D6B-4D85-B590-C3FA2A2C3B69\" sourceRef=\"sid-82EA51D5-F77F-4A74-95BA-8E5A1BFE9021\" targetRef=\"sid-9248694E-A1A9-4847-A3BD-DE50B2AAE52D\"></sequenceFlow>\n  </process>\n  <bpmndi:BPMNDiagram id=\"BPMNDiagram_ThisIsProcessIdentifier\">\n    <bpmndi:BPMNPlane bpmnElement=\"ThisIsProcessIdentifier\" id=\"BPMNPlane_ThisIsProcessIdentifier\">\n      <bpmndi:BPMNShape bpmnElement=\"sid-51B907FD-A3B8-45A0-8FF2-CE6012C2AEA7\" id=\"BPMNShape_sid-51B907FD-A3B8-45A0-8FF2-CE6012C2AEA7\">\n        <omgdc:Bounds height=\"30.0\" width=\"30.0\" x=\"103.43750680331135\" y=\"155.00000149011612\"></omgdc:Bounds>\n      </bpmndi:BPMNShape>\n      <bpmndi:BPMNShape bpmnElement=\"sid-82EA51D5-F77F-4A74-95BA-8E5A1BFE9021\" id=\"BPMNShape_sid-82EA51D5-F77F-4A74-95BA-8E5A1BFE9021\">\n        <omgdc:Bounds height=\"80.0\" width=\"100.0\" x=\"230.43750680331135\" y=\"138.00000149011612\"></omgdc:Bounds>\n      </bpmndi:BPMNShape>\n      <bpmndi:BPMNShape bpmnElement=\"sid-9248694E-A1A9-4847-A3BD-DE50B2AAE52D\" id=\"BPMNShape_sid-9248694E-A1A9-4847-A3BD-DE50B2AAE52D\">\n        <omgdc:Bounds height=\"28.0\" width=\"28.0\" x=\"479.43750680331135\" y=\"151.00000149011612\"></omgdc:Bounds>\n      </bpmndi:BPMNShape>\n      <bpmndi:BPMNEdge bpmnElement=\"sid-56397917-5D6B-4D85-B590-C3FA2A2C3B69\" id=\"BPMNEdge_sid-56397917-5D6B-4D85-B590-C3FA2A2C3B69\">\n        <omgdi:waypoint x=\"330.43750680331135\" y=\"174.94835829762786\"></omgdi:waypoint>\n        <omgdi:waypoint x=\"479.46350925455516\" y=\"165.8528745799463\"></omgdi:waypoint>\n      </bpmndi:BPMNEdge>\n      <bpmndi:BPMNEdge bpmnElement=\"sid-265F21B6-069F-4EC9-ACEB-0D3EEAEA2544\" id=\"BPMNEdge_sid-265F21B6-069F-4EC9-ACEB-0D3EEAEA2544\">\n        <omgdi:waypoint x=\"133.41925029266673\" y=\"170.73984067477565\"></omgdi:waypoint>\n        <omgdi:waypoint x=\"230.43750680331135\" y=\"175.53086568764698\"></omgdi:waypoint>\n      </bpmndi:BPMNEdge>\n    </bpmndi:BPMNPlane>\n  </bpmndi:BPMNDiagram>\n</definitions>','0'), ('2517','1','1.ThisIsProcessIdentifier.png','2515','�PNG\r\n\Z\n\0\0\0\rIHDR\0\0\0\0\0�\0\0\0W\0\0�IDATx���	�U�]�V�^�j�=�G�Km�j��j\\k4I�2	3�P�B��@LH�)��EKN<��hPb��Z��ŐD�&C)	����\0C ��~s�p^�f{����;��{o��}�������{ߛ�\0\0\0\0\0\0\0\0\0\0\0\0\0\0\0\0\0\0\0\0\0\0\0\0\0\0\0\0\0\0\0\0\0\0\0\0\0\0\0\0\0\0\0\0\0\0\0\0\0\0\0\0\0\0\0\0\0\0\0\0\0\0\0\0\0\0\0\0\0\0\0\0\0\0\0\0\0\0\0\0\0\0\0\0\0\0\0\0\0\0\0\0\0\0\0\0\0\0\0\0\0\0\0\0\0\0\0\0\0\0\0\0\0\0\0\0\0\0\0\0\0\0\0\0\0\0\0\0\0\0\0\0\0\0\0\0\0\0\0\0\0\0\0\0\0\0\0\0\0\0\0\0\0\0\0\0\0\0\0\0\0\0\0\0\0\0\0\0\0\0\0\0\0\0\0\0\0\0\0\0\0\0\0\0\0\0\0\0\0\0\0\0\0\0\0\0\0\0\0\0\0\0\0\0\0\0\0\0\0\0\0\0\0\0\0\0\0\0\0\0\0\0\0\0\0\0\0\0\0\0\0\0\0\0\0\0\0\0\0\0\0\0\0\0\0\0\0\0\0\0\0\0\0\0\0\0\0\0\0\0\0\0\0\0\0\0\0\0\0\0\0\0\0\0\0\0\0oHUUoٶmۂ\r6��|��j�ҥ��kٲe��ի_�j�G0`2�Y��ڵkWu��!5@�{��ꡇ�j���J\0D��&Z�t�f{%\0\"�4ȃ�\"�W0 rL[c<�BAe�`P��W^j��m��zj٬����MC.\00�B���;�\'?7�z�3Ӿ��Oc.\00LB�sO}�@p��j��\\(\0`����+o�6�}\Zs�\0�a\n�\\��m(��4�B\0B�P \00�BA�m�](��4�B\0�$l];��P��i̅��1c��XCC�������Q�����Q�㾅������`���=;���\\2�����-�ӘM\\p��QK���(!�\'�2~Ǘw�p\rY���q� oӐ=Ѱ����)�՚Q�F���	�-ttT[�}�����-�Ә\r\r\rў�����3fLu���W+V��v��Q����Uڿ�s��j�ڵ����^�;�k0ا�\0�Q(�+>��c��)��\\�P(`����!?\\�͛����=�w������Ն��u��H��;w��뮻�mҤI�677-w�L�\'N<<k֬]s���L>��\Z⡠��jۺ�������������5\n�=���)S:{z#oڴi]������;�fƌ{������6l��٥t����$��4}�������q�^{��7�x�,[o腂���k 0��9ǆfΜyl���rha���]�~�֮c7�|�q!a6�G����iӦj����ԩSw�r�-�5�N(�I���z\r4�B�K9��X�\r���K��\Z[�N�q��/����-ZtJa��ŋW�w\"̶U�F(�m 8Z\Zw��Aέ�C��!��\r%��10�P��Ν���/��kO?��i�i�}��*�ޭ��z��;�C�\n��^��$�x���jƌS����Q{*�^����֫me�@	�����Ʌ�i~Ϟ=}\n�.�+�����UW]��	&>]=\'�1?~��S�Ly��-(���5j������ŝ\r�M7�T����AM(��U��X?�s�R�1�4iҳ��P��zg��ѿ�=\0����_��q�:�U�V��=/pT\ny���h��\\y�G^}�ժ�M�6�H<ߥ��P��N]9��X#��O4��|�Q�cN�î�4���s^���K��<��?<����ɓw��B�\n8u�F�zk7�G�=���w�|��i;\r�d�\'��;z�������K��SOU^�d�@	�������hA�������BC�ĉ��s�=�U�(O�� �Q[_(PB\'����X�W����\r\r\r����W_\'��YO=6y���y����C�&Mz��\n�PP�\r�7�=�{c��er�Ѩ0\Z��X�˨�~k,�!n�\\S`c��Q��e��m�冨����E��M8�x����<cN�좋.jokk��P��-hnn���/(�`�:�쳿=\Z��F�磁�ͨ?�/���q�_E�m��w���OG�w��Q,������XN�媨�����Y�~e,�E�<���0nO6�cǎ���|���\'�j�e�}@�466:��F�%�/v�ö�P����p�g�������8�S���j4���՟G�DC|E,g��������ɨ�Q�D}�|yP�{���/D���l�����Q7��^uY�����,�����?�s�3�o��_<��.g���c\\����\\�@0�����}B�P0Ļ��\Z�����b+~+\Z�?��b߾4��톨��M�����S���JS��]��}+����}�~G�ҏ�p�va�_�m���k9s?ֿ	�4ȏ��+�;����o=�c\\ѐ��t�wO���}�f&�2^�1߸���X΋��g\Z��Gb99�e[�q?����)w�x�m�������\"��v;K(\n�[��}��l`��:Q�\roy8��-\r�?��:��Ǣ����p96<_\Z�������/�����cB<�/d���;��=�C�������/��m �455��]l9fo�w��#���D���D˫����,�|���� �cwϖ�Hv�u�n�<�lʝ�H�5\'�Dݖ���*c���ь�������Y�9�X�`k͛��P ���#pWv�g�.]�g�.�Q�KX��t�/.]�KW���~�]���_���=|[麟\\���-]���]���ߑ���ߒȩinn^�~��#�\n��x�%���q�g~K~:)c��.����*]�˛sL�|�XT&�<Zf��P�s��K9a��\'n(���9I(�s��J�)f�]�&.]���\r�\'�<�f���\n�w==)���%+�w(��ANR���gs�Z�\'G�{�Lj��Lr�D�ʕ�S��7��2InG	��?��weR���%X7��w���x���?\\��N{;�S�L9m�\'�i�ӦM��^��d�6gΜ=�\n��޽�y2J6�Qߝcr��o�ΉJ���J�&gG},�AK`XZ�S��R	�K��Z�7*�$�����n�OO�k5LC����3��OPo�n����ݜ���O=��\n_(��.^��]���N,ώ�ll�4��j����b}I������ky\Z[{	��}rA9��r\Zܤ܏c���)+�ˍ���Z[[��Q��B���c�̙3�p0�@0{���c˾����]��7n������������(��)�0?�c�9TQ�,r���ʐFm�V��d~�XS>�=S�[�(]�{��I~�[��.灿t��ك��m��%�����3r�$��x��x�>�������5>_���M��o��[}�442,?��_{A��1��PB�^������q�ƍ_�@�iӦ}�|l��)��ޖ�&���<�L��3��EQ^/t���\nW-Y����e�AKm0ȹ\09�0���Y9��vA9%�j[���d�K.���?z.���ʾ���&���~Y��\r�=e�HU�:y���8:��Cy�¼0�]w�U���wLɠa�֩���Ѓ>�ޗ�`�y���&��駁]޸m�\\��N_\n���1��T�^�\Zs����q��-[��E ؾ}����v�>�$��2Ɨo��\'g\n���1d9N>�0��>�\r���������;Ng ȿ�ݰA��;W4\n��rȱ\\�yA9����o;,�e/*\\G�ZóQi�`�e˖��#l۶�Ŧ��6�Q�@(\0�Q�A$��͛��72�p�����=��d�@	���1蜌��ҲmݺuO�Jx���oܸqO��\"(�\0��p�9e�ر_nmm]�r��Ǟ|�|\r�+mmm�Epx��nX��Դ�d�@	@3E(PB\0B�\n\0\n�P\0�P��\0�%\0 (�\0\0�@	\0J(\0@(PB\0B��X(\0\0�@(\0\0�@(\0\0�@(\0\0�@(\0\0�@(\0\0�@(\0\0�@(\0\0�@(\0\0�@(\0\0�@(\0\0�@(\0\0�@(\0\0�@(\0\0�@(\0\0�@(\0\0�@(\0\0�@(\0\0�@(\0\0�@(\0\0�@(\0���|�r��੃\n�+�W�n۵k�y�Ν;�G(�l�`@�X�⃫V�z������y�z2,[��KQ#�\0�h�ΊO���:ǴU�Wn��\0\0\0\0\0\0\0\0\0\0\0\0\0\0\0\0\0\0t����=���D�\0\0\0\0IEND�B`�','1'), ('3','6','source',NULL,'{\"resourceId\":\"2\",\"properties\":{\"process_id\":\"ThisIsProcessIdentifier\",\"name\":\"我是在模型定义页面中的名称\",\"documentation\":\"\",\"process_author\":\"\",\"process_version\":\"\",\"process_namespace\":\"http://www.activiti.org/processdef\",\"executionlisteners\":\"\",\"eventlisteners\":\"\",\"signaldefinitions\":\"\",\"messagedefinitions\":\"\"},\"stencil\":{\"id\":\"BPMNDiagram\"},\"childShapes\":[{\"resourceId\":\"sid-51B907FD-A3B8-45A0-8FF2-CE6012C2AEA7\",\"properties\":{\"overrideid\":\"\",\"name\":\"\",\"documentation\":\"\",\"executionlisteners\":\"\",\"initiator\":\"\",\"formkeydefinition\":\"\",\"formproperties\":\"\"},\"stencil\":{\"id\":\"StartNoneEvent\"},\"childShapes\":[],\"outgoing\":[{\"resourceId\":\"sid-265F21B6-069F-4EC9-ACEB-0D3EEAEA2544\"}],\"bounds\":{\"lowerRight\":{\"x\":133.43750680331135,\"y\":185.00000149011612},\"upperLeft\":{\"x\":103.43750680331135,\"y\":155.00000149011612}},\"dockers\":[]},{\"resourceId\":\"sid-82EA51D5-F77F-4A74-95BA-8E5A1BFE9021\",\"properties\":{\"overrideid\":\"\",\"name\":\"模型页面内定义的节点名称\",\"documentation\":\"\",\"asynchronousdefinition\":\"false\",\"exclusivedefinition\":\"false\",\"executionlisteners\":\"\",\"multiinstance_type\":\"None\",\"multiinstance_cardinality\":\"\",\"multiinstance_collection\":\"\",\"multiinstance_variable\":\"\",\"multiinstance_condition\":\"\",\"isforcompensation\":\"false\",\"usertaskassignment\":{\"assignment\":{\"candidateGroups\":[{\"value\":\"groupId\",\"$$hashKey\":\"0I3\"}]}},\"formkeydefinition\":\"\",\"duedatedefinition\":\"\",\"prioritydefinition\":\"\",\"formproperties\":\"\",\"tasklisteners\":\"\"},\"stencil\":{\"id\":\"UserTask\"},\"childShapes\":[],\"outgoing\":[{\"resourceId\":\"sid-56397917-5D6B-4D85-B590-C3FA2A2C3B69\"}],\"bounds\":{\"lowerRight\":{\"x\":330.43750680331135,\"y\":218.00000149011612},\"upperLeft\":{\"x\":230.43750680331135,\"y\":138.00000149011612}},\"dockers\":[]},{\"resourceId\":\"sid-9248694E-A1A9-4847-A3BD-DE50B2AAE52D\",\"properties\":{\"overrideid\":\"\",\"name\":\"\",\"documentation\":\"\",\"executionlisteners\":\"\"},\"stencil\":{\"id\":\"EndNoneEvent\"},\"childShapes\":[],\"outgoing\":[],\"bounds\":{\"lowerRight\":{\"x\":507.43750680331135,\"y\":179.00000149011612},\"upperLeft\":{\"x\":479.43750680331135,\"y\":151.00000149011612}},\"dockers\":[]},{\"resourceId\":\"sid-265F21B6-069F-4EC9-ACEB-0D3EEAEA2544\",\"properties\":{\"overrideid\":\"\",\"name\":\"\",\"documentation\":\"\",\"conditionsequenceflow\":\"\",\"executionlisteners\":\"\",\"defaultflow\":\"false\"},\"stencil\":{\"id\":\"SequenceFlow\"},\"childShapes\":[],\"outgoing\":[{\"resourceId\":\"sid-82EA51D5-F77F-4A74-95BA-8E5A1BFE9021\"}],\"bounds\":{\"lowerRight\":{\"x\":230.079348904021,\"y\":175.51317887780547},\"upperLeft\":{\"x\":133.9909772026017,\"y\":170.76807410242677}},\"dockers\":[{\"x\":15,\"y\":15},{\"x\":50,\"y\":40}],\"target\":{\"resourceId\":\"sid-82EA51D5-F77F-4A74-95BA-8E5A1BFE9021\"}},{\"resourceId\":\"sid-56397917-5D6B-4D85-B590-C3FA2A2C3B69\",\"properties\":{\"overrideid\":\"\",\"name\":\"\",\"documentation\":\"\",\"conditionsequenceflow\":\"\",\"executionlisteners\":\"\",\"defaultflow\":\"false\"},\"stencil\":{\"id\":\"SequenceFlow\"},\"childShapes\":[],\"outgoing\":[{\"resourceId\":\"sid-9248694E-A1A9-4847-A3BD-DE50B2AAE52D\"}],\"bounds\":{\"lowerRight\":{\"x\":479.1268641212573,\"y\":174.89220698369968},\"upperLeft\":{\"x\":331.3575244853654,\"y\":165.87342099653256}},\"dockers\":[{\"x\":50,\"y\":40},{\"x\":14,\"y\":14}],\"target\":{\"resourceId\":\"sid-9248694E-A1A9-4847-A3BD-DE50B2AAE52D\"}}],\"bounds\":{\"lowerRight\":{\"x\":1200,\"y\":1050},\"upperLeft\":{\"x\":0,\"y\":0}},\"stencilset\":{\"url\":\"stencilsets/bpmn2.0/bpmn2.0.json\",\"namespace\":\"http://b3mn.org/stencilset/bpmn2.0#\"},\"ssextensions\":[]}',NULL), ('4','3','source-extra',NULL,'�PNG\r\n\Z\n\0\0\0\rIHDR\0\0-\0\0\0\0\0�|\0\0\0 cHRM\0\0z&\0\0��\0\0�\0\0\0��\0\0u0\0\0�`\0\0:�\0\0p��Q<\0\0\0gAMA\0\0��|�Q�\0\0\0sRGB\0���\0\0\0bKGD\0�\0�\0�����\0\0\0	pHYs\0\0�\0\0��+\0\0xIDATx���	tTU���[��A�b��K���6�(hPQ�mq *��>¸!�v�9�+����� \nrD\r�����0FD�@��HH���=�Ee#�P	��9�Ԓ���_����\0\0\0\0\0\0\0\0\0\0\0\0\0\0\0\0\0\0\0\0\0\0\0\0\0\0\0\0\0\0\0\0\0\0\0\0\0\0\0\0\0\0\0\0\0\0\0\0\0\0\0\0\0\0\0\0\0\0\0\0\0\0\0\0\0\0\0\0\0\0\0\0\0\0\0\0\0\0\0\0\0\0\0\0\0\0\0\0\0\0\0\0\0\0\0\0\0\0\0\0\0\0\0\0\0\0\0\0\0\0\0\0\0\0\0\0\0\0\0\0\0\0\0\0\0\0\0\0\0\0\0\0\0\0\0\0\0\0\0\0\0\0\0\0\0\0\0\0\0\0\0\0\0\0\0\0\0\0\0\0\0\0\0\0\0\0\0\0\0\0\0\0\0\0\0\0\0\0\0\0\0\0\0\0\0\0\0\0\0\0\0\0\0\0\0\0\0\0\0\0\0\0\0\0\0\0\0\0\0\0\0\0\0\0\0\0\0\0\0\0\0\0\0\0\0\0\0\0\0\0\0\0\0\0\0\0\0\0\0\0\0\0\0\0\0\0\0\0\0\0\0\0\0\0\0\0\0\0\0\0\0\0\0\0\0\0\0\0\0\0\0\0\0\0\0\0\0\0\0\0\0\0\0\0\0\0\0\0\0\0\0\0\0\0\0\0\0\0\0\0\0\0\0\0\0\0\0\0\0\0\0\0\0\0\0\0\0\0\0\0\0\0\0\0\0\0\0\0\0\0\0\0\0\0\0\0\0\0\0\0\0\0\0\0\0\0\0\0\0\0\0\0\0\0\0\0\0\0\0\0\0\0\0\0\0\0\0\0\0\0\0\0\0\0\0\0\0\0\0\0\0\0\0\0\0\0\0\0\0\0\0\0\0\0\0\0\0\0\0\0\0\0\0\0\0\0\0\0\0\0\0\0\0\0\0\0\0\0\0\0\0\0\0\0\0\0\0\0\0\0\0\0\0\0\0\0\0\0\0\0\0\0\0\0\0\0PU>VP{����,,,쟟���]�\ZVJU7�>��_�~�]~���{�]�vo�V\0B���t��\n\n�����kԨ�9��#���g�T��_^^����1����*#&&�?:t��-k �\0��e˖ݕ���J�V������DΦM�����6����;�5D�V݁%//��N;��1�Xj�Z��6m�۸qc�~��m;v�b�\n@hP������ݻwhK�QGu��{��������7[Wl�7.1ŁBS�QKn�6��z��&M��7lؐԷo�o��F&k8�زQ���MjժU��\"��6Yk?7����墂��9f��鬼jРAӺu�8k2k �\0(ŬY���U�ή�~q�p~߼���nf%V�����ٳ/`m\0�\0���ױ�[��\Z��9˼A��%11�^||��&\0B�0����EÚKS(*�������{���8�5Z\0��gϞ4��^Æ\r�~�bM\0�\0a�_��L%�}�o@hp0�\Z����xZi\0�=����ipt[S���f����MO2��f%�܍7�ز���o>������.�vih�|�l)..^f��uLL̤��~;�� :���\Z�cN�f~�n�;��k�?�+	������fO�ݻw��6�ć�I�]�ؿ�����{�w��s������[�\0Qgo᮰���} ���2�����{{�.�1�!����{o\r��!W\\0���o�������n����4ks	+�%z���۞�����u111��3�4:t0\'�|�iܸ�sl�]�v���l���n-Z������B�n����ONN��.��Z�ZDS�oN{���^_�mtL�mkf���6��^c�58�Dw`������V���\nӭ[7���:�#�E36w���	03g�4�|��x�M\Z�i�K�\r.�ZU>����W��{۶mlݺ�YNNNlAA�/..Nc�h�bGӦM�~������RYc�ӎ�E&��fo��\n�~׎u&}�hs􉗙&�:rE :Koo`Q�������_��P̍7�h.��3r�H�aþ}\\����_�Z\\-�؈#R���Θ1��i��f�����\r(&!!�������X�>&--�J{�+y�\\d^\Z4h����C�A[����S���.%�����a��۶mkz�!s�Kj�?d���K/�~��\r.�mpYb��O��>��Y��ٳ222Z��9�쳝��P\n.ZԼ��?������,_���)S�<6`��{����Y��O�*ʝ�@���|�l�pjX��R���R��Zj^�-.�*\ZgO/&����=l�ʕ����*��<Å��(�hIMM=zڴi�{lpy�5��ţ@ݠa�6Lt�ym�4���\n.���7)))n�K\'�|7Յn\":�k�W_}��5k֤�4�ҁū{���@����S����v�F�����԰T�O�	�\rHwՅ�Fh�%{���҆>���?����[�6z�u���;dȐ��e\0�<�t�9Ut�)	�_~�р��N�\Z�Z��Z`���m333�0`�?�����q�\r�?>��\'/���r�8\0�φ�b�oJ�v��������/�0aB~Y�N����]����QE�g\\�p�{UO�<GhAD���W_}ulu���R��u�]7s����6�q\0�03���7#����y�����y���bbb�(x,!ǟ��爾8=�\'�t&� ��������V\rJ$��?�쳖���9r�h�<\0T���BU�\r��N��\na{���^�c��e�=�޽É\'��צ�~�C����Mh�rqqqCo��O�d����\'f���)�,�\0ʧ�!��r��ui�}�\r+\'���m`q��PN$�<�фD���v��}��<kB�v�L HT�֤I��y\0�����Ę��2m�H���gc=���,	�\\_t�k�si4����ЂjI�}۷o[��͕աC������V{�	�\0u%t��ڛ���K9ݗ.|��PB/WUnnnD����OhA�ޜ�ث۵kW���u8��� ���������+M�V���O>��y��G͋/����y���W�z��_�g��\\^�|�ټy�3T�\"�͛g�ׯ_�bB���o�]�����_���<�����>��t���4lذ���ر�|���~lԭ�zZ[�;y�TŴE��[�k(�K����^����/Ҵ���v9I��`��-z|�,B\"�&�5��&iB����Y������w�]84u���~�,\n�_|���qv�+W�4?���y�wTh���+�[���� �}������㏍������O83w6iҤ�:�%p˖-fѢE�^�z%�ׯ�so@Qa`VV�ILL<��k/o��׬Y3���/�l��4C{����5����~��w�FjF�\ZeN:�\n4����iA)��\'$$l)oȲ���Z�c�ړ�Z&M���O7��]���\'��JOO�^\\FhA�؍o�Hi�ү\\���z��58�+¸_f����vCT�q��-s���6eo����%ve7����0��߾\Z�fdd�m۶9;�e˖9����s��)+�hG��g���]�:�\\p�L~���F2�UB��n��ҥK��R��C篹暒�[�n5C��oVN�^o��e�(�&��^���(xu���9��X6�-;g�y�s;Q(KKK3�Ǐ��������e�]f��N3c��iӦ���_|Pø�[���KBFp�[\'CG���*��9�~�B���tќ)N��ܹs�^��c�c7��܍uM������/�p��d\')\Z§�~�{6,�Rf��f��f�Ӣ`��z��cd(���/�:w�Q�<��nw��:ӱ?F�_\\K���ځ�H��V�2�W�v��K��9�į��Z��8akٲ�su��}T��3g���ע�yi�S3g�t�����/ ��c���N�K�@�%\n!�\'O66�:�5j��ر��ҡǹ���m�l�y����?�\\^�b�ӊ�$�?\n���;��	Z��1WB���8��^�։{��R#p�:�m������ ���d���(���s?�n_�Y�����o�`N]C���1�ЂȽ9��v�_����s�5|����3��ݘ�ˍ헱q�s��9����Aj�?j���ع<���Ƚ�n��/�-Q�vj�ꟾE������=�~���v�ٌ�C�ٳ��u^-�<�L�mԚ�Q��7�|�\Z����[ouNKo�:�,��橧�r��%�\\b>��CӶm�n��noK�ZMRSS��*:lР�~���m�`���o�Gy�u�Q���_}�z=��R���Ȩ;H�4\n9\nV��Y�������\\����|�ѨA�%����L\'������QFGu����a��q�����N\nmU	G��%\'\'k������\'�8�g�Mߓ��B����0*������vؤ���?R����N�81�\"���[7�_ڣj��&6zb=Y�}�y�!�\r	Bm�k�<����S\n����{]��v��P5���	�:����3�k�`�k�}�5�}P�\\��C����/	%O�?��[]%�K	\r&��Q�)˦M�*5jBM��\n�,:�F��W_}�ӕ.�)x�\n*nW����\n�\\�uŭ�Q�SR�[9���3�	-=���ǁvb�,k={߿H�Z���}��y�w�Vd�	N@�Т�YۢO��z>?c�ďy>r�+,IOO��\Z���p/����kץK�X����2\\�vpn��6�a~u���SCy�\n�*���R�ܧ\n�~��������o��!ϩ�zS�綾^�T�h��<��sf���f���&))���r�i�W���z�L���N+͸q�J}��;w:�.嶴���G�$Æ\r3\'�p�Z�+�AiUccò������v]�s�m��A�9]K�\n�J��]���|��\0�	�\n&\rC[9��\n���sfo�@��mm,����qhd`��m��L���O�[�2�ZF�;���meټy�$B\"�n\0S��v#۴��s�����j�\r��/�W����p�\'$�8�@�ۅ	C\nA�O9�{/��*{����N�괠�zꩥ�Y��jYx��˪e�y͞�\0ҩS\'\'�h�:��(��]\'\ZMs�)�8E�7�|�0�U��/5/�32���9���Ω��h?O���\\t�E�=�����~�鰷U(����njuQ`�k+-�������Ť:��аp뉲��RZ9J긂a� l�0�\r��i���Nsb-V�U+���?�ԠU%�(�(\0�hP����QWNZ��͉���������\\\\���[�j}�V�/Οj\"�i��XZ_�/{ua����K��en퇸ÍU���>u��U�s�q\n�3W`��4�X-\r\Zi$eu�( (@),(�����k��_�bʫ�R��[wR\Zm��#�D�iĈa�N��n4zID*2lY#���):��{�yl*Z/�^�]�	NqG���hVEj\0/՘��ի��L��M�\n��ڢ�ۃ�*RPяO`Q�����`B����n��evcy��Y4��V��ݻw���������j$Ve��nd6��K��py�����t��Um�,6n�����v���Wk�v��zu+�qǌ���dt��+T��F!�e?C��y� ����=��������.�*uGy�KKϯ����(�G-O\Z��������h�����F�\Zi3�o���ɓ\'���[_\0���*��{u�W�=zT��D�Q��a�t	�U��ܾU�~��n*�?~��k�A�[[Ǝ��}��Y�գ�EN͵��n�kw�Y�g�.�%.���U�Pˉ�?�u������3c��_r�Q�Γ�\ZrG�[�Ι�NE�������z�йO4tX-zN7��>�!W4��������k��\n��ť���(,xo�����ù�QOj��Dy\n!\nE\Z2ݷo_�6z�����i�Qݏ��H5-j�QS��	��P�/p�Z\\&��\Z�\Z)}���@Ǟ�\r͡�\0�Я. M�i*�E��S�կ�\rD�ں��q�~7�pü�����\rm�H=����3�L���AufҸ��\\.ԏv��RBo�Т������T�Q����(�T�����U��.�T��ˢ𖔔����f��ۄq\Z\n]����\Z���%�ߏ4>&��n�o�6m�ժU�3�i}�ԩS�<y�%\"V�E-X�ۍ�1�Wՙv�o���KeiǬa��	nK��7�pF�k���ƥ_�nMIY4��jl�j%r�GE�n�Mi��K�G�OT�9Xʺ=PKZ\\��6!)����2���v��~//�����^�1�dk\r>��g�y&�y������[�n-2dH�݁=T�?������JjZ��7�h¹��FF��D��^x�s^sŔ6\r��罵7��ѐ�p��N\n}\rj�V7�hH���U��	�4,Z�KJE�@��k0�TM4h?�=���/2�f�vG6�/H�U�kj���K-\"���p���TJJJ|۶m�|P�u��m������`�}��X���D�H�_�޴o��)�՜+�#�p�%K�Y@��4�ZR\Z4ì�*����C�q�D�?������T��Z՛�&�S�p�*�RQ�[P�#]V닞[5\'*�)��h�Q1��v����4�5*��4Þ�\\@h�u;A�Xk�С/���c�\r1�lq�ݰ�ߌ3�$�.k!<u�h7�*��v�ر��b�~(�h��B�\nWu�D����c�h8����(�Fל1��&\n4O>�����{KK��W^1S�L)��BҚ5k��&��h���n5��[sʨh��Z=-.fΜ9nΜ9	w�y�/�������ūǌS�s������!��ck׮u������IVPp�Q׍�\'��+�p\0j��ֺ��B�>}�x4�Y-;\n&z���X��\nP\n.�j_-;�\rw�ĉ�u#i�FP�ϰ3O�F\0i(����ʒ���L��9X\0Z=-.��$Ɇ��#G��k���M����Ν;\'؍ys������7���ߙ���cݺu�}��9+V�hmIo��owFoQt{���e	��J貼���Dnji����E�ƥ��.\r��?�:�[�I�Z4tY�L`7`�\0\'����(��[Hjԁ=u�E��\Z]��\0-8tᥤXkժU=��\'ki�u���=U!�aU���4S��\0����Z�nMf�I֪c�s%�W2w������s�x��KF����k�<0�_Q=���47���U��׮P��$�\\0\0-�\"k������_�SW��B��X�괰h�o��T��G�c���.�H /u3�XE������M]G�%Qד�����n)յh��\n�E]X��)k�4\0B�Z@��{��)�컪iӦM���3�<)��^���5����գh�}�-��W#�N?�t��3�l���U���UT�\"\Z��WA�Z�\"��/�Z��\n�=�\\8�(l�$--��:�����#�J�h��N�K�޽�������Z@�]���\"]��(X(l��N\Z�,��W���.\"�ب�Żx�`���AK}ԡ\n���.��Z\0�r\Z}�Y-�f9�S��U\'�\Z�>��t�޽��{À���J\r[ֱ�D�\'�Dv�Dt:��Zs�9���N�I�jl���J��\r\r\Z4ȴm�ֹ�=����ci\0Q�2��I5q<�hı���@K��o0�l2\0Z\0\0\0-\0\0��\0\0@h\0\0 �\0\0\0B\0\0\0�\0\0Z\0\0\0-\0\0\0�\0\0@h\0\0 �\0\0\0Z\0\0\0�\0\0��\0\0@h\0\0�\0\0\0Bp8��|��@���o@hNLLLZnn.+\"\n������#k �\0���h����3Y�ގ;��@*k �\0��������8{��8�6m�ThO�gM\0�\0at��mYaa�\r6d�6�_-�>�HJJZ��\0-\0J�[�~�/\'\'gk���������}�gm\0�!�U\0D���z+�o߾K�mۖԨQ���#X+5Xv,_�<�����nݺ�g�\0�\0�8q��>}���e˖닊�~hҤ�q>��Ak׮�fժU��ٻ�v��k�l��Z 55�T����]�j֬٪�͛���D�%�v�&�������ܞ��u�޽{��ut��=��Z\0�Y�f���|�ٳ]�r�]-UWd�ev�k��)�\0\0\0\0\0\0\0\0\0\0\0\0\0\0\0\0\0\0\0\0\0\0\0\0\0\0\0\0\0\0\0\0\0\0\0\0\0\0\0\0\0\0\0\0\0\0\0\0\0\0\0\0\0\0\0\0\0\0\0\0\0\0\0\0\0\0\0\0\0\0\0\0\0\0\0\0\0\0\0\0\0\0\0\0\0\0\0\0\0\0\0\0\0\0\0\0\0\0\0\0\0\0\0\0\0\0\0\0\0\0\0\0\0\0\0\0\0\0\0\0\0\0\0\0\0\0\0\0\0\0\0\0\0\0\0\0\0\0\0\0\0\0\0\0\0\0\0\0\0\0\0\0\0\0\0\0\0\0�a�����9�b\'�\0\0\0\0IEND�B`�',NULL), ('6','1','1.bpmn20.xml','5','<?xml version=\"1.0\" encoding=\"UTF-8\"?>\n<definitions xmlns=\"http://www.omg.org/spec/BPMN/20100524/MODEL\" xmlns:xsi=\"http://www.w3.org/2001/XMLSchema-instance\" xmlns:xsd=\"http://www.w3.org/2001/XMLSchema\" xmlns:activiti=\"http://activiti.org/bpmn\" xmlns:bpmndi=\"http://www.omg.org/spec/BPMN/20100524/DI\" xmlns:omgdc=\"http://www.omg.org/spec/DD/20100524/DC\" xmlns:omgdi=\"http://www.omg.org/spec/DD/20100524/DI\" typeLanguage=\"http://www.w3.org/2001/XMLSchema\" expressionLanguage=\"http://www.w3.org/1999/XPath\" targetNamespace=\"http://www.activiti.org/processdef\">\n  <process id=\"process\" isExecutable=\"true\">\n    <startEvent id=\"sid-51B907FD-A3B8-45A0-8FF2-CE6012C2AEA7\"></startEvent>\n    <userTask id=\"sid-82EA51D5-F77F-4A74-95BA-8E5A1BFE9021\"></userTask>\n    <endEvent id=\"sid-9248694E-A1A9-4847-A3BD-DE50B2AAE52D\"></endEvent>\n    <sequenceFlow id=\"sid-265F21B6-069F-4EC9-ACEB-0D3EEAEA2544\" sourceRef=\"sid-51B907FD-A3B8-45A0-8FF2-CE6012C2AEA7\" targetRef=\"sid-82EA51D5-F77F-4A74-95BA-8E5A1BFE9021\"></sequenceFlow>\n    <sequenceFlow id=\"sid-56397917-5D6B-4D85-B590-C3FA2A2C3B69\" sourceRef=\"sid-82EA51D5-F77F-4A74-95BA-8E5A1BFE9021\" targetRef=\"sid-9248694E-A1A9-4847-A3BD-DE50B2AAE52D\"></sequenceFlow>\n  </process>\n  <bpmndi:BPMNDiagram id=\"BPMNDiagram_process\">\n    <bpmndi:BPMNPlane bpmnElement=\"process\" id=\"BPMNPlane_process\">\n      <bpmndi:BPMNShape bpmnElement=\"sid-51B907FD-A3B8-45A0-8FF2-CE6012C2AEA7\" id=\"BPMNShape_sid-51B907FD-A3B8-45A0-8FF2-CE6012C2AEA7\">\n        <omgdc:Bounds height=\"30.0\" width=\"30.0\" x=\"103.43750680331135\" y=\"155.00000149011612\"></omgdc:Bounds>\n      </bpmndi:BPMNShape>\n      <bpmndi:BPMNShape bpmnElement=\"sid-82EA51D5-F77F-4A74-95BA-8E5A1BFE9021\" id=\"BPMNShape_sid-82EA51D5-F77F-4A74-95BA-8E5A1BFE9021\">\n        <omgdc:Bounds height=\"80.0\" width=\"100.0\" x=\"230.43750680331135\" y=\"138.00000149011612\"></omgdc:Bounds>\n      </bpmndi:BPMNShape>\n      <bpmndi:BPMNShape bpmnElement=\"sid-9248694E-A1A9-4847-A3BD-DE50B2AAE52D\" id=\"BPMNShape_sid-9248694E-A1A9-4847-A3BD-DE50B2AAE52D\">\n        <omgdc:Bounds height=\"28.0\" width=\"28.0\" x=\"479.43750680331135\" y=\"151.00000149011612\"></omgdc:Bounds>\n      </bpmndi:BPMNShape>\n      <bpmndi:BPMNEdge bpmnElement=\"sid-56397917-5D6B-4D85-B590-C3FA2A2C3B69\" id=\"BPMNEdge_sid-56397917-5D6B-4D85-B590-C3FA2A2C3B69\">\n        <omgdi:waypoint x=\"330.43750680331135\" y=\"174.94835829762786\"></omgdi:waypoint>\n        <omgdi:waypoint x=\"479.46350925455516\" y=\"165.8528745799463\"></omgdi:waypoint>\n      </bpmndi:BPMNEdge>\n      <bpmndi:BPMNEdge bpmnElement=\"sid-265F21B6-069F-4EC9-ACEB-0D3EEAEA2544\" id=\"BPMNEdge_sid-265F21B6-069F-4EC9-ACEB-0D3EEAEA2544\">\n        <omgdi:waypoint x=\"133.41925029266673\" y=\"170.73984067477565\"></omgdi:waypoint>\n        <omgdi:waypoint x=\"230.43750680331135\" y=\"175.53086568764698\"></omgdi:waypoint>\n      </bpmndi:BPMNEdge>\n    </bpmndi:BPMNPlane>\n  </bpmndi:BPMNDiagram>\n</definitions>','0'), ('7','1','1.process.png','5','�PNG\r\n\Z\n\0\0\0\rIHDR\0\0\0\0\0�\0\0\0W\0\0�IDATx���	�U�]�V�^�j�=�G�Km�j��j\\k4I�2	3�P�B��@LH�)��EKN<��hPb��Z��ŐD�&C)	����\0C ��~s�p^�f{����;��{o��}�������{ߛ�\0\0\0\0\0\0\0\0\0\0\0\0\0\0\0\0\0\0\0\0\0\0\0\0\0\0\0\0\0\0\0\0\0\0\0\0\0\0\0\0\0\0\0\0\0\0\0\0\0\0\0\0\0\0\0\0\0\0\0\0\0\0\0\0\0\0\0\0\0\0\0\0\0\0\0\0\0\0\0\0\0\0\0\0\0\0\0\0\0\0\0\0\0\0\0\0\0\0\0\0\0\0\0\0\0\0\0\0\0\0\0\0\0\0\0\0\0\0\0\0\0\0\0\0\0\0\0\0\0\0\0\0\0\0\0\0\0\0\0\0\0\0\0\0\0\0\0\0\0\0\0\0\0\0\0\0\0\0\0\0\0\0\0\0\0\0\0\0\0\0\0\0\0\0\0\0\0\0\0\0\0\0\0\0\0\0\0\0\0\0\0\0\0\0\0\0\0\0\0\0\0\0\0\0\0\0\0\0\0\0\0\0\0\0\0\0\0\0\0\0\0\0\0\0\0\0\0\0\0\0\0\0\0\0\0\0\0\0\0\0\0\0\0\0\0\0\0\0\0\0\0\0\0\0\0\0\0\0\0\0\0\0\0\0\0\0\0\0\0\0\0\0\0\0\0\0\0oHUUoٶmۂ\r6��|��j�ҥ��kٲe��ի_�j�G0`2�Y��ڵkWu��!5@�{��ꡇ�j���J\0D��&Z�t�f{%\0\"�4ȃ�\"�W0 rL[c<�BAe�`P��W^j��m��zj٬����MC.\00�B���;�\'?7�z�3Ӿ��Oc.\00LB�sO}�@p��j��\\(\0`����+o�6�}\Zs�\0�a\n�\\��m(��4�B\0B�P \00�BA�m�](��4�B\0�$l];��P��i̅��1c��XCC�������Q�����Q�㾅������`���=;���\\2�����-�ӘM\\p��QK���(!�\'�2~Ǘw�p\rY���q� oӐ=Ѱ����)�՚Q�F���	�-ttT[�}�����-�Ә\r\r\rў�����3fLu���W+V��v��Q����Uڿ�s��j�ڵ����^�;�k0ا�\0�Q(�+>��c��)��\\�P(`����!?\\�͛����=�w������Ն��u��H��;w��뮻�mҤI�677-w�L�\'N<<k֬]s���L>��\Z⡠��jۺ�������������5\n�=���)S:{z#oڴi]������;�fƌ{������6l��٥t����$��4}�������q�^{��7�x�,[o腂���k 0��9ǆfΜyl���rha���]�~�֮c7�|�q!a6�G����iӦj����ԩSw�r�-�5�N(�I���z\r4�B�K9��X�\r���K��\Z[�N�q��/����-ZtJa��ŋW�w\"̶U�F(�m 8Z\Zw��Aέ�C��!��\r%��10�P��Ν���/��kO?��i�i�}��*�ޭ��z��;�C�\n��^��$�x���jƌS����Q{*�^����֫me�@	�����Ʌ�i~Ϟ=}\n�.�+�����UW]��	&>]=\'�1?~��S�Ly��-(���5j������ŝ\r�M7�T����AM(��U��X?�s�R�1�4iҳ��P��zg��ѿ�=\0����_��q�:�U�V��=/pT\ny���h��\\y�G^}�ժ�M�6�H<ߥ��P��N]9��X#��O4��|�Q�cN�î�4���s^���K��<��?<����ɓw��B�\n8u�F�zk7�G�=���w�|��i;\r�d�\'��;z�������K��SOU^�d�@	�������hA�������BC�ĉ��s�=�U�(O�� �Q[_(PB\'����X�W����\r\r\r����W_\'��YO=6y���y����C�&Mz��\n�PP�\r�7�=�{c��er�Ѩ0\Z��X�˨�~k,�!n�\\S`c��Q��e��m�冨����E��M8�x����<cN�좋.jokk��P��-hnn���/(�`�:�쳿=\Z��F�磁�ͨ?�/���q�_E�m��w���OG�w��Q,������XN�媨�����Y�~e,�E�<���0nO6�cǎ���|���\'�j�e�}@�466:��F�%�/v�ö�P����p�g�������8�S���j4���՟G�DC|E,g��������ɨ�Q�D}�|yP�{���/D���l�����Q7��^uY�����,�����?�s�3�o��_<��.g���c\\����\\�@0�����}B�P0Ļ��\Z�����b+~+\Z�?��b߾4��톨��M�����S���JS��]��}+����}�~G�ҏ�p�va�_�m���k9s?ֿ	�4ȏ��+�;����o=�c\\ѐ��t�wO���}�f&�2^�1߸���X΋��g\Z��Gb99�e[�q?����)w�x�m�������\"��v;K(\n�[��}��l`��:Q�\roy8��-\r�?��:��Ǣ����p96<_\Z�������/�����cB<�/d���;��=�C�������/��m �455��]l9fo�w��#���D���D˫����,�|���� �cwϖ�Hv�u�n�<�lʝ�H�5\'�Dݖ���*c���ь�������Y�9�X�`k͛��P ���#pWv�g�.]�g�.�Q�KX��t�/.]�KW���~�]���_���=|[麟\\���-]���]���ߑ���ߒȩinn^�~��#�\n��x�%���q�g~K~:)c��.����*]�˛sL�|�XT&�<Zf��P�s��K9a��\'n(���9I(�s��J�)f�]�&.]���\r�\'�<�f���\n�w==)���%+�w(��ANR���gs�Z�\'G�{�Lj��Lr�D�ʕ�S��7��2InG	��?��weR���%X7��w���x���?\\��N{;�S�L9m�\'�i�ӦM��^��d�6gΜ=�\n��޽�y2J6�Qߝcr��o�ΉJ���J�&gG},�AK`XZ�S��R	�K��Z�7*�$�����n�OO�k5LC����3��OPo�n����ݜ���O=��\n_(��.^��]���N,ώ�ll�4��j����b}I������ky\Z[{	��}rA9��r\Zܤ܏c���)+�ˍ���Z[[��Q��B���c�̙3�p0�@0{���c˾����]��7n������������(��)�0?�c�9TQ�,r���ʐFm�V��d~�XS>�=S�[�(]�{��I~�[��.灿t��ك��m��%�����3r�$��x��x�>�������5>_���M��o��[}�442,?��_{A��1��PB�^������q�ƍ_�@�iӦ}�|l��)��ޖ�&���<�L��3��EQ^/t���\nW-Y����e�AKm0ȹ\09�0���Y9��vA9%�j[���d�K.���?z.���ʾ���&���~Y��\r�=e�HU�:y���8:��Cy�¼0�]w�U���wLɠa�֩���Ѓ>�ޗ�`�y���&��駁]޸m�\\��N_\n���1��T�^�\Zs����q��-[��E ؾ}����v�>�$��2Ɨo��\'g\n���1d9N>�0��>�\r���������;Ng ȿ�ݰA��;W4\n��rȱ\\�yA9����o;,�e/*\\G�ZóQi�`�e˖��#l۶�Ŧ��6�Q�@(\0�Q�A$��͛��72�p�����=��d�@	���1蜌��ҲmݺuO�Jx���oܸqO��\"(�\0��p�9e�ر_nmm]�r��Ǟ|�|\r�+mmm�Epx��nX��Դ�d�@	@3E(PB\0B�\n\0\n�P\0�P��\0�%\0 (�\0\0�@	\0J(\0@(PB\0B��X(\0\0�@(\0\0�@(\0\0�@(\0\0�@(\0\0�@(\0\0�@(\0\0�@(\0\0�@(\0\0�@(\0\0�@(\0\0�@(\0\0�@(\0\0�@(\0\0�@(\0\0�@(\0\0�@(\0\0�@(\0\0�@(\0\0�@(\0\0�@(\0���|�r��੃\n�+�W�n۵k�y�Ν;�G(�l�`@�X�⃫V�z������y�z2,[��KQ#�\0�h�ΊO���:ǴU�Wn��\0\0\0\0\0\0\0\0\0\0\0\0\0\0\0\0\0\0t����=���D�\0\0\0\0IEND�B`�','1');
INSERT INTO `act_ge_property` VALUES ('next.dbid','25001','11'), ('schema.history','create(5.22.0.0)','1'), ('schema.version','5.22.0.0','1');
INSERT INTO `act_hi_actinst` VALUES ('10003','ThisIsProcessIdentifier:1:2518','10001','10001','sid-51B907FD-A3B8-45A0-8FF2-CE6012C2AEA7',NULL,NULL,NULL,'startEvent',NULL,'2019-02-23 06:07:19.159','2019-02-23 06:07:19.182','23',''), ('10006','ThisIsProcessIdentifier:1:2518','10001','10001','sid-82EA51D5-F77F-4A74-95BA-8E5A1BFE9021','10007',NULL,NULL,'userTask',NULL,'2019-02-23 06:07:19.184',NULL,NULL,''), ('10010','ThisIsProcessIdentifier:1:2518','10008','10008','sid-51B907FD-A3B8-45A0-8FF2-CE6012C2AEA7',NULL,NULL,NULL,'startEvent',NULL,'2019-02-23 06:07:32.632','2019-02-23 06:07:32.635','3',''), ('10013','ThisIsProcessIdentifier:1:2518','10008','10008','sid-82EA51D5-F77F-4A74-95BA-8E5A1BFE9021','10014',NULL,NULL,'userTask',NULL,'2019-02-23 06:07:32.636',NULL,NULL,''), ('12503','ThisIsProcessIdentifier:1:2518','12501','12501','sid-51B907FD-A3B8-45A0-8FF2-CE6012C2AEA7',NULL,NULL,NULL,'startEvent',NULL,'2019-02-23 06:09:20.725','2019-02-23 06:09:20.745','20',''), ('12506','ThisIsProcessIdentifier:1:2518','12501','12501','sid-82EA51D5-F77F-4A74-95BA-8E5A1BFE9021','12507',NULL,NULL,'userTask',NULL,'2019-02-23 06:09:20.747',NULL,NULL,''), ('12510','ThisIsProcessIdentifier:1:2518','12508','12508','sid-51B907FD-A3B8-45A0-8FF2-CE6012C2AEA7',NULL,NULL,NULL,'startEvent',NULL,'2019-02-23 06:11:33.084','2019-02-23 06:11:33.090','6',''), ('12513','ThisIsProcessIdentifier:1:2518','12508','12508','sid-82EA51D5-F77F-4A74-95BA-8E5A1BFE9021','12514',NULL,NULL,'userTask',NULL,'2019-02-23 06:11:33.091',NULL,NULL,''), ('12517','ThisIsProcessIdentifier:1:2518','12515','12515','sid-51B907FD-A3B8-45A0-8FF2-CE6012C2AEA7',NULL,NULL,NULL,'startEvent',NULL,'2019-02-23 06:19:46.674','2019-02-23 06:19:46.678','4',''), ('12520','ThisIsProcessIdentifier:1:2518','12515','12515','sid-82EA51D5-F77F-4A74-95BA-8E5A1BFE9021','12521',NULL,NULL,'userTask',NULL,'2019-02-23 06:19:46.679',NULL,NULL,''), ('12524','ThisIsProcessIdentifier:1:2518','12522','12522','sid-51B907FD-A3B8-45A0-8FF2-CE6012C2AEA7',NULL,NULL,NULL,'startEvent',NULL,'2019-02-23 06:19:50.300','2019-02-23 06:19:50.306','6',''), ('12527','ThisIsProcessIdentifier:1:2518','12522','12522','sid-82EA51D5-F77F-4A74-95BA-8E5A1BFE9021','12528',NULL,NULL,'userTask',NULL,'2019-02-23 06:19:50.307',NULL,NULL,''), ('15003','ThisIsProcessIdentifier:1:2518','15001','15001','sid-51B907FD-A3B8-45A0-8FF2-CE6012C2AEA7',NULL,NULL,NULL,'startEvent',NULL,'2019-02-23 06:21:53.012','2019-02-23 06:21:53.031','19',''), ('15006','ThisIsProcessIdentifier:1:2518','15001','15001','sid-82EA51D5-F77F-4A74-95BA-8E5A1BFE9021','15007',NULL,NULL,'userTask',NULL,'2019-02-23 06:21:53.034',NULL,NULL,''), ('17503','ThisIsProcessIdentifier:1:2518','17501','17501','sid-51B907FD-A3B8-45A0-8FF2-CE6012C2AEA7',NULL,NULL,NULL,'startEvent',NULL,'2019-02-23 06:26:36.564','2019-02-23 06:26:36.585','21',''), ('17506','ThisIsProcessIdentifier:1:2518','17501','17501','sid-82EA51D5-F77F-4A74-95BA-8E5A1BFE9021','17507',NULL,NULL,'userTask',NULL,'2019-02-23 06:26:36.588',NULL,NULL,''), ('20007','ThisIsProcessIdentifier:2:20004','20005','20005','sid-51B907FD-A3B8-45A0-8FF2-CE6012C2AEA7',NULL,NULL,NULL,'startEvent',NULL,'2019-02-23 07:10:37.619','2019-02-23 07:10:37.642','23',''), ('20010','ThisIsProcessIdentifier:2:20004','20005','20005','sid-82EA51D5-F77F-4A74-95BA-8E5A1BFE9021','20011',NULL,NULL,'userTask','userId','2019-02-23 07:10:37.645','2019-02-23 08:03:20.427','3162782',''), ('20019','ThisIsProcessIdentifier:3:20016','20017','20017','sid-51B907FD-A3B8-45A0-8FF2-CE6012C2AEA7',NULL,NULL,NULL,'startEvent',NULL,'2019-02-23 07:12:34.465','2019-02-23 07:12:34.471','6',''), ('20022','ThisIsProcessIdentifier:3:20016','20017','20017','sid-82EA51D5-F77F-4A74-95BA-8E5A1BFE9021','20023',NULL,'模型页面内定义的节点名称','userTask','userId','2019-02-23 07:12:34.472','2019-02-23 08:04:00.260','3085788',''), ('20027','ThisIsProcessIdentifier:3:20016','20025','20025','sid-51B907FD-A3B8-45A0-8FF2-CE6012C2AEA7',NULL,NULL,NULL,'startEvent',NULL,'2019-02-23 07:21:46.968','2019-02-23 07:21:46.974','6',''), ('20030','ThisIsProcessIdentifier:3:20016','20025','20025','sid-82EA51D5-F77F-4A74-95BA-8E5A1BFE9021','20031',NULL,'模型页面内定义的节点名称','userTask','userId','2019-02-23 07:21:46.975','2019-02-23 08:06:19.420','2672445',''), ('22504','ThisIsProcessIdentifier:2:20004','20005','20005','sid-9248694E-A1A9-4847-A3BD-DE50B2AAE52D',NULL,NULL,NULL,'endEvent',NULL,'2019-02-23 08:03:20.429','2019-02-23 08:03:20.430','1',''), ('22508','ThisIsProcessIdentifier:3:20016','20017','20017','sid-9248694E-A1A9-4847-A3BD-DE50B2AAE52D',NULL,NULL,NULL,'endEvent',NULL,'2019-02-23 08:04:00.261','2019-02-23 08:04:00.261','0',''), ('22512','ThisIsProcessIdentifier:3:20016','20025','20025','sid-9248694E-A1A9-4847-A3BD-DE50B2AAE52D',NULL,NULL,NULL,'endEvent',NULL,'2019-02-23 08:06:19.421','2019-02-23 08:06:19.421','0',''), ('22515','ThisIsProcessIdentifier:3:20016','22513','22513','sid-51B907FD-A3B8-45A0-8FF2-CE6012C2AEA7',NULL,NULL,NULL,'startEvent',NULL,'2019-02-23 08:06:49.471','2019-02-23 08:06:49.479','8',''), ('22518','ThisIsProcessIdentifier:3:20016','22513','22513','sid-82EA51D5-F77F-4A74-95BA-8E5A1BFE9021','22519',NULL,'模型页面内定义的节点名称','userTask','userId','2019-02-23 08:06:49.479','2019-02-23 08:07:30.458','40979',''), ('22523','ThisIsProcessIdentifier:3:20016','22521','22521','sid-51B907FD-A3B8-45A0-8FF2-CE6012C2AEA7',NULL,NULL,NULL,'startEvent',NULL,'2019-02-23 08:06:52.326','2019-02-23 08:06:52.329','3',''), ('22526','ThisIsProcessIdentifier:3:20016','22521','22521','sid-82EA51D5-F77F-4A74-95BA-8E5A1BFE9021','22527',NULL,'模型页面内定义的节点名称','userTask','userId','2019-02-23 08:06:52.330','2019-02-23 08:09:00.978','128648',''), ('22531','ThisIsProcessIdentifier:3:20016','22529','22529','sid-51B907FD-A3B8-45A0-8FF2-CE6012C2AEA7',NULL,NULL,NULL,'startEvent',NULL,'2019-02-23 08:06:54.155','2019-02-23 08:06:54.160','5',''), ('22534','ThisIsProcessIdentifier:3:20016','22529','22529','sid-82EA51D5-F77F-4A74-95BA-8E5A1BFE9021','22535',NULL,'模型页面内定义的节点名称','userTask','userId','2019-02-23 08:06:54.161','2019-02-23 08:09:06.924','132763',''), ('22539','ThisIsProcessIdentifier:3:20016','22537','22537','sid-51B907FD-A3B8-45A0-8FF2-CE6012C2AEA7',NULL,NULL,NULL,'startEvent',NULL,'2019-02-23 08:06:56.021','2019-02-23 08:06:56.026','5',''), ('22542','ThisIsProcessIdentifier:3:20016','22537','22537','sid-82EA51D5-F77F-4A74-95BA-8E5A1BFE9021','22543',NULL,'模型页面内定义的节点名称','userTask','userId','2019-02-23 08:06:56.027','2019-02-23 08:09:12.663','136636',''), ('22548','ThisIsProcessIdentifier:3:20016','22513','22513','sid-9248694E-A1A9-4847-A3BD-DE50B2AAE52D',NULL,NULL,NULL,'endEvent',NULL,'2019-02-23 08:07:30.459','2019-02-23 08:07:30.460','1',''), ('22552','ThisIsProcessIdentifier:3:20016','22521','22521','sid-9248694E-A1A9-4847-A3BD-DE50B2AAE52D',NULL,NULL,NULL,'endEvent',NULL,'2019-02-23 08:09:00.978','2019-02-23 08:09:00.979','1',''), ('22556','ThisIsProcessIdentifier:3:20016','22529','22529','sid-9248694E-A1A9-4847-A3BD-DE50B2AAE52D',NULL,NULL,NULL,'endEvent',NULL,'2019-02-23 08:09:06.924','2019-02-23 08:09:06.925','1',''), ('22560','ThisIsProcessIdentifier:3:20016','22537','22537','sid-9248694E-A1A9-4847-A3BD-DE50B2AAE52D',NULL,NULL,NULL,'endEvent',NULL,'2019-02-23 08:09:12.664','2019-02-23 08:09:12.665','1',''), ('22563','ThisIsProcessIdentifier:3:20016','22561','22561','sid-51B907FD-A3B8-45A0-8FF2-CE6012C2AEA7',NULL,NULL,NULL,'startEvent',NULL,'2019-02-23 08:17:03.394','2019-02-23 08:17:03.398','4',''), ('22566','ThisIsProcessIdentifier:3:20016','22561','22561','sid-82EA51D5-F77F-4A74-95BA-8E5A1BFE9021','22567',NULL,'模型页面内定义的节点名称','userTask','userId','2019-02-23 08:17:03.399',NULL,NULL,''), ('22571','ThisIsProcessIdentifier:3:20016','22569','22569','sid-51B907FD-A3B8-45A0-8FF2-CE6012C2AEA7',NULL,NULL,NULL,'startEvent',NULL,'2019-02-23 08:17:05.775','2019-02-23 08:17:05.778','3',''), ('22574','ThisIsProcessIdentifier:3:20016','22569','22569','sid-82EA51D5-F77F-4A74-95BA-8E5A1BFE9021','22575',NULL,'模型页面内定义的节点名称','userTask',NULL,'2019-02-23 08:17:05.779',NULL,NULL,''), ('22579','ThisIsProcessIdentifier:3:20016','22577','22577','sid-51B907FD-A3B8-45A0-8FF2-CE6012C2AEA7',NULL,NULL,NULL,'startEvent',NULL,'2019-02-23 08:17:08.734','2019-02-23 08:17:08.737','3',''), ('22582','ThisIsProcessIdentifier:3:20016','22577','22577','sid-82EA51D5-F77F-4A74-95BA-8E5A1BFE9021','22583',NULL,'模型页面内定义的节点名称','userTask',NULL,'2019-02-23 08:17:08.738',NULL,NULL,''), ('22587','ThisIsProcessIdentifier:3:20016','22585','22585','sid-51B907FD-A3B8-45A0-8FF2-CE6012C2AEA7',NULL,NULL,NULL,'startEvent',NULL,'2019-02-23 08:17:11.519','2019-02-23 08:17:11.524','5',''), ('22590','ThisIsProcessIdentifier:3:20016','22585','22585','sid-82EA51D5-F77F-4A74-95BA-8E5A1BFE9021','22591',NULL,'模型页面内定义的节点名称','userTask',NULL,'2019-02-23 08:17:11.524',NULL,NULL,''), ('22595','ThisIsProcessIdentifier:3:20016','22593','22593','sid-51B907FD-A3B8-45A0-8FF2-CE6012C2AEA7',NULL,NULL,NULL,'startEvent',NULL,'2019-02-23 08:17:13.987','2019-02-23 08:17:13.994','7',''), ('22598','ThisIsProcessIdentifier:3:20016','22593','22593','sid-82EA51D5-F77F-4A74-95BA-8E5A1BFE9021','22599',NULL,'模型页面内定义的节点名称','userTask',NULL,'2019-02-23 08:17:13.995',NULL,NULL,''), ('22603','ThisIsProcessIdentifier:3:20016','22601','22601','sid-51B907FD-A3B8-45A0-8FF2-CE6012C2AEA7',NULL,NULL,NULL,'startEvent',NULL,'2019-02-23 08:17:16.448','2019-02-23 08:17:16.451','3',''), ('22606','ThisIsProcessIdentifier:3:20016','22601','22601','sid-82EA51D5-F77F-4A74-95BA-8E5A1BFE9021','22607',NULL,'模型页面内定义的节点名称','userTask',NULL,'2019-02-23 08:17:16.452',NULL,NULL,''), ('22611','ThisIsProcessIdentifier:3:20016','22609','22609','sid-51B907FD-A3B8-45A0-8FF2-CE6012C2AEA7',NULL,NULL,NULL,'startEvent',NULL,'2019-02-23 08:17:18.560','2019-02-23 08:17:18.565','5',''), ('22614','ThisIsProcessIdentifier:3:20016','22609','22609','sid-82EA51D5-F77F-4A74-95BA-8E5A1BFE9021','22615',NULL,'模型页面内定义的节点名称','userTask',NULL,'2019-02-23 08:17:18.565',NULL,NULL,''), ('22619','ThisIsProcessIdentifier:3:20016','22617','22617','sid-51B907FD-A3B8-45A0-8FF2-CE6012C2AEA7',NULL,NULL,NULL,'startEvent',NULL,'2019-02-23 08:17:21.216','2019-02-23 08:17:21.219','3',''), ('22622','ThisIsProcessIdentifier:3:20016','22617','22617','sid-82EA51D5-F77F-4A74-95BA-8E5A1BFE9021','22623',NULL,'模型页面内定义的节点名称','userTask',NULL,'2019-02-23 08:17:21.220',NULL,NULL,''), ('22627','ThisIsProcessIdentifier:3:20016','22625','22625','sid-51B907FD-A3B8-45A0-8FF2-CE6012C2AEA7',NULL,NULL,NULL,'startEvent',NULL,'2019-02-23 08:17:23.324','2019-02-23 08:17:23.328','4',''), ('22630','ThisIsProcessIdentifier:3:20016','22625','22625','sid-82EA51D5-F77F-4A74-95BA-8E5A1BFE9021','22631',NULL,'模型页面内定义的节点名称','userTask',NULL,'2019-02-23 08:17:23.329',NULL,NULL,''), ('22635','ThisIsProcessIdentifier:3:20016','22633','22633','sid-51B907FD-A3B8-45A0-8FF2-CE6012C2AEA7',NULL,NULL,NULL,'startEvent',NULL,'2019-02-23 08:17:25.506','2019-02-23 08:17:25.510','4',''), ('22638','ThisIsProcessIdentifier:3:20016','22633','22633','sid-82EA51D5-F77F-4A74-95BA-8E5A1BFE9021','22639',NULL,'模型页面内定义的节点名称','userTask',NULL,'2019-02-23 08:17:25.511',NULL,NULL,''), ('2503','process:1:8','2501','2501','sid-51B907FD-A3B8-45A0-8FF2-CE6012C2AEA7',NULL,NULL,NULL,'startEvent',NULL,'2019-02-23 05:50:29.104','2019-02-23 05:50:29.119','15',''), ('2506','process:1:8','2501','2501','sid-82EA51D5-F77F-4A74-95BA-8E5A1BFE9021','2507',NULL,NULL,'userTask',NULL,'2019-02-23 05:50:29.121',NULL,NULL,''), ('2510','process:1:8','2508','2508','sid-51B907FD-A3B8-45A0-8FF2-CE6012C2AEA7',NULL,NULL,NULL,'startEvent',NULL,'2019-02-23 05:54:52.442','2019-02-23 05:54:52.446','4',''), ('2513','process:1:8','2508','2508','sid-82EA51D5-F77F-4A74-95BA-8E5A1BFE9021','2514',NULL,NULL,'userTask',NULL,'2019-02-23 05:54:52.447',NULL,NULL,''), ('2521','process:1:8','2519','2519','sid-51B907FD-A3B8-45A0-8FF2-CE6012C2AEA7',NULL,NULL,NULL,'startEvent',NULL,'2019-02-23 05:55:05.392','2019-02-23 05:55:05.397','5',''), ('2524','process:1:8','2519','2519','sid-82EA51D5-F77F-4A74-95BA-8E5A1BFE9021','2525',NULL,NULL,'userTask',NULL,'2019-02-23 05:55:05.398',NULL,NULL,''), ('5003','ThisIsProcessIdentifier:1:2518','5001','5001','sid-51B907FD-A3B8-45A0-8FF2-CE6012C2AEA7',NULL,NULL,NULL,'startEvent',NULL,'2019-02-23 05:58:00.669','2019-02-23 05:58:00.687','18',''), ('5006','ThisIsProcessIdentifier:1:2518','5001','5001','sid-82EA51D5-F77F-4A74-95BA-8E5A1BFE9021','5007',NULL,NULL,'userTask',NULL,'2019-02-23 05:58:00.689',NULL,NULL,''), ('7503','ThisIsProcessIdentifier:1:2518','7501','7501','sid-51B907FD-A3B8-45A0-8FF2-CE6012C2AEA7',NULL,NULL,NULL,'startEvent',NULL,'2019-02-23 06:00:48.479','2019-02-23 06:00:48.503','24',''), ('7506','ThisIsProcessIdentifier:1:2518','7501','7501','sid-82EA51D5-F77F-4A74-95BA-8E5A1BFE9021','7507',NULL,NULL,'userTask',NULL,'2019-02-23 06:00:48.506',NULL,NULL,''), ('7510','ThisIsProcessIdentifier:1:2518','7508','7508','sid-51B907FD-A3B8-45A0-8FF2-CE6012C2AEA7',NULL,NULL,NULL,'startEvent',NULL,'2019-02-23 06:01:47.628','2019-02-23 06:01:47.633','5',''), ('7513','ThisIsProcessIdentifier:1:2518','7508','7508','sid-82EA51D5-F77F-4A74-95BA-8E5A1BFE9021','7514',NULL,NULL,'userTask',NULL,'2019-02-23 06:01:47.634',NULL,NULL,''), ('7517','ThisIsProcessIdentifier:1:2518','7515','7515','sid-51B907FD-A3B8-45A0-8FF2-CE6012C2AEA7',NULL,NULL,NULL,'startEvent',NULL,'2019-02-23 06:05:02.828','2019-02-23 06:05:02.833','5',''), ('7520','ThisIsProcessIdentifier:1:2518','7515','7515','sid-82EA51D5-F77F-4A74-95BA-8E5A1BFE9021','7521',NULL,NULL,'userTask',NULL,'2019-02-23 06:05:02.835',NULL,NULL,''), ('7524','ThisIsProcessIdentifier:1:2518','7522','7522','sid-51B907FD-A3B8-45A0-8FF2-CE6012C2AEA7',NULL,NULL,NULL,'startEvent',NULL,'2019-02-23 06:05:37.712','2019-02-23 06:05:37.717','5',''), ('7527','ThisIsProcessIdentifier:1:2518','7522','7522','sid-82EA51D5-F77F-4A74-95BA-8E5A1BFE9021','7528',NULL,NULL,'userTask',NULL,'2019-02-23 06:05:37.718',NULL,NULL,'');
INSERT INTO `act_hi_comment` VALUES ('22501','comment','2019-02-23 08:03:20.291','userId','20011',NULL,'AddComment','123','123'), ('22502','event','2019-02-23 08:03:20.368','userId','20011',NULL,'AddUserLink','userId_|_assignee',NULL), ('22505','comment','2019-02-23 08:04:00.182','userId','20023',NULL,'AddComment','123','123'), ('22506','event','2019-02-23 08:04:00.208','userId','20023',NULL,'AddUserLink','userId_|_assignee',NULL), ('22509','comment','2019-02-23 08:06:19.369','userId','20031',NULL,'AddComment','11','11'), ('22510','event','2019-02-23 08:06:19.389','userId','20031',NULL,'AddUserLink','userId_|_assignee',NULL), ('22545','comment','2019-02-23 08:07:30.390','userId','22519',NULL,'AddComment','1','1'), ('22546','event','2019-02-23 08:07:30.420','userId','22519',NULL,'AddUserLink','userId_|_assignee',NULL), ('22549','comment','2019-02-23 08:09:00.923','userId','22527',NULL,'AddComment','111','111'), ('22550','event','2019-02-23 08:09:00.947','userId','22527',NULL,'AddUserLink','userId_|_assignee',NULL), ('22553','comment','2019-02-23 08:09:06.866','userId','22535',NULL,'AddComment','11','11'), ('22554','event','2019-02-23 08:09:06.890','userId','22535',NULL,'AddUserLink','userId_|_assignee',NULL), ('22557','comment','2019-02-23 08:09:12.617','userId','22543',NULL,'AddComment','222','222'), ('22558','event','2019-02-23 08:09:12.637','userId','22543',NULL,'AddUserLink','userId_|_assignee',NULL);
INSERT INTO `act_hi_identitylink` VALUES ('10002',NULL,'starter','userId',NULL,'10001'), ('10009',NULL,'starter','userId',NULL,'10008'), ('12502',NULL,'starter','userId',NULL,'12501'), ('12509',NULL,'starter','userId',NULL,'12508'), ('12516',NULL,'starter','userId',NULL,'12515'), ('12523',NULL,'starter','userId',NULL,'12522'), ('15002',NULL,'starter','userId',NULL,'15001'), ('17502',NULL,'starter','userId',NULL,'17501'), ('20006',NULL,'starter','userId',NULL,'20005'), ('20012','groupId','candidate',NULL,'20011',NULL), ('20018',NULL,'starter','userId',NULL,'20017'), ('20024','groupId','candidate',NULL,'20023',NULL), ('20026',NULL,'starter','userId',NULL,'20025'), ('20032','groupId','candidate',NULL,'20031',NULL), ('22514',NULL,'starter','userId',NULL,'22513'), ('22520','groupId','candidate',NULL,'22519',NULL), ('22522',NULL,'starter','userId',NULL,'22521'), ('22528','groupId','candidate',NULL,'22527',NULL), ('22530',NULL,'starter','userId',NULL,'22529'), ('22536','groupId','candidate',NULL,'22535',NULL), ('22538',NULL,'starter','userId',NULL,'22537'), ('22544','groupId','candidate',NULL,'22543',NULL), ('22562',NULL,'starter','userId',NULL,'22561'), ('22568','groupId','candidate',NULL,'22567',NULL), ('22570',NULL,'starter','userId',NULL,'22569'), ('22576','groupId','candidate',NULL,'22575',NULL), ('22578',NULL,'starter','userId',NULL,'22577'), ('22584','groupId','candidate',NULL,'22583',NULL), ('22586',NULL,'starter','userId',NULL,'22585'), ('22592','groupId','candidate',NULL,'22591',NULL), ('22594',NULL,'starter','userId',NULL,'22593'), ('22600','groupId','candidate',NULL,'22599',NULL), ('22602',NULL,'starter','userId',NULL,'22601'), ('22608','groupId','candidate',NULL,'22607',NULL), ('22610',NULL,'starter','userId',NULL,'22609'), ('22616','groupId','candidate',NULL,'22615',NULL), ('22618',NULL,'starter','userId',NULL,'22617'), ('22624','groupId','candidate',NULL,'22623',NULL), ('22626',NULL,'starter','userId',NULL,'22625'), ('22632','groupId','candidate',NULL,'22631',NULL), ('22634',NULL,'starter','userId',NULL,'22633'), ('22640','groupId','candidate',NULL,'22639',NULL), ('2502',NULL,'starter','userId',NULL,'2501'), ('2509',NULL,'starter','userId',NULL,'2508'), ('2520',NULL,'starter','userId',NULL,'2519'), ('5002',NULL,'starter','userId',NULL,'5001'), ('7502',NULL,'starter','userId',NULL,'7501'), ('7509',NULL,'starter','userId',NULL,'7508'), ('7516',NULL,'starter','userId',NULL,'7515'), ('7523',NULL,'starter','userId',NULL,'7522');
INSERT INTO `act_hi_procinst` VALUES ('10001','10001','CustomerDTO.12345678901234','ThisIsProcessIdentifier:1:2518','2019-02-23 06:07:19.159',NULL,NULL,'userId','sid-51B907FD-A3B8-45A0-8FF2-CE6012C2AEA7',NULL,NULL,NULL,'','null-userId'), ('10008','10008','CustomerDTO.123456789012345','ThisIsProcessIdentifier:1:2518','2019-02-23 06:07:32.632',NULL,NULL,'userId','sid-51B907FD-A3B8-45A0-8FF2-CE6012C2AEA7',NULL,NULL,NULL,'',NULL), ('12501','12501','CustomerDTO.1234567890123456','ThisIsProcessIdentifier:1:2518','2019-02-23 06:09:20.725',NULL,NULL,'userId','sid-51B907FD-A3B8-45A0-8FF2-CE6012C2AEA7',NULL,NULL,NULL,'','null-userId'), ('12508','12508','CustomerDTO.12345678901234567','ThisIsProcessIdentifier:1:2518','2019-02-23 06:11:33.084',NULL,NULL,'userId','sid-51B907FD-A3B8-45A0-8FF2-CE6012C2AEA7',NULL,NULL,NULL,'','null-userId'), ('12515','12515','CustomerDTO.12345678901234567','ThisIsProcessIdentifier:1:2518','2019-02-23 06:19:46.674',NULL,NULL,'userId','sid-51B907FD-A3B8-45A0-8FF2-CE6012C2AEA7',NULL,NULL,NULL,'','null-userId'), ('12522','12522','CustomerDTO.12345678901234567','ThisIsProcessIdentifier:1:2518','2019-02-23 06:19:50.300',NULL,NULL,'userId','sid-51B907FD-A3B8-45A0-8FF2-CE6012C2AEA7',NULL,NULL,NULL,'',NULL), ('15001','15001','CustomerDTO.123456789012345678','ThisIsProcessIdentifier:1:2518','2019-02-23 06:21:53.012',NULL,NULL,'userId','sid-51B907FD-A3B8-45A0-8FF2-CE6012C2AEA7',NULL,NULL,NULL,'','我是在模型定义页面中的名称-userId'), ('17501','17501','CustomerDTO.1234567890123456789','ThisIsProcessIdentifier:1:2518','2019-02-23 06:26:36.564',NULL,NULL,'userId','sid-51B907FD-A3B8-45A0-8FF2-CE6012C2AEA7',NULL,NULL,NULL,'','我是在模型定义页面中的名称-userId'), ('20005','20005','CustomerDTO.12345678901234567890','ThisIsProcessIdentifier:2:20004','2019-02-23 07:10:37.619','2019-02-23 08:03:20.433','3162814','userId','sid-51B907FD-A3B8-45A0-8FF2-CE6012C2AEA7','sid-9248694E-A1A9-4847-A3BD-DE50B2AAE52D',NULL,NULL,'','我是在模型定义页面中的名称-userId'), ('20017','20017','CustomerDTO.123456789012345678901','ThisIsProcessIdentifier:3:20016','2019-02-23 07:12:34.465','2019-02-23 08:04:00.264','3085799','userId','sid-51B907FD-A3B8-45A0-8FF2-CE6012C2AEA7','sid-9248694E-A1A9-4847-A3BD-DE50B2AAE52D',NULL,NULL,'','我是在模型定义页面中的名称-userId'), ('20025','20025','CustomerDTO.1234567890123456789012','ThisIsProcessIdentifier:3:20016','2019-02-23 07:21:46.968','2019-02-23 08:06:19.424','2672456','userId','sid-51B907FD-A3B8-45A0-8FF2-CE6012C2AEA7','sid-9248694E-A1A9-4847-A3BD-DE50B2AAE52D',NULL,NULL,'','我是在模型定义页面中的名称-userId'), ('22513','22513','CustomerDTO.1234567890123456789012','ThisIsProcessIdentifier:3:20016','2019-02-23 08:06:49.471','2019-02-23 08:07:30.464','40993','userId','sid-51B907FD-A3B8-45A0-8FF2-CE6012C2AEA7','sid-9248694E-A1A9-4847-A3BD-DE50B2AAE52D',NULL,NULL,'','我是在模型定义页面中的名称-userId'), ('22521','22521','CustomerDTO.12345678901234567890123','ThisIsProcessIdentifier:3:20016','2019-02-23 08:06:52.326','2019-02-23 08:09:00.985','128659','userId','sid-51B907FD-A3B8-45A0-8FF2-CE6012C2AEA7','sid-9248694E-A1A9-4847-A3BD-DE50B2AAE52D',NULL,NULL,'','我是在模型定义页面中的名称-userId'), ('22529','22529','CustomerDTO.123456789012345678901234','ThisIsProcessIdentifier:3:20016','2019-02-23 08:06:54.155','2019-02-23 08:09:06.927','132772','userId','sid-51B907FD-A3B8-45A0-8FF2-CE6012C2AEA7','sid-9248694E-A1A9-4847-A3BD-DE50B2AAE52D',NULL,NULL,'','我是在模型定义页面中的名称-userId'), ('22537','22537','CustomerDTO.1234567890123456789012345','ThisIsProcessIdentifier:3:20016','2019-02-23 08:06:56.021','2019-02-23 08:09:12.667','136646','userId','sid-51B907FD-A3B8-45A0-8FF2-CE6012C2AEA7','sid-9248694E-A1A9-4847-A3BD-DE50B2AAE52D',NULL,NULL,'','我是在模型定义页面中的名称-userId'), ('22561','22561','CustomerDTO.q','ThisIsProcessIdentifier:3:20016','2019-02-23 08:17:03.394',NULL,NULL,'userId','sid-51B907FD-A3B8-45A0-8FF2-CE6012C2AEA7',NULL,NULL,NULL,'','我是在模型定义页面中的名称-userId'), ('22569','22569','CustomerDTO.q1','ThisIsProcessIdentifier:3:20016','2019-02-23 08:17:05.775',NULL,NULL,'userId','sid-51B907FD-A3B8-45A0-8FF2-CE6012C2AEA7',NULL,NULL,NULL,'','我是在模型定义页面中的名称-userId'), ('22577','22577','CustomerDTO.q2','ThisIsProcessIdentifier:3:20016','2019-02-23 08:17:08.734',NULL,NULL,'userId','sid-51B907FD-A3B8-45A0-8FF2-CE6012C2AEA7',NULL,NULL,NULL,'','我是在模型定义页面中的名称-userId'), ('22585','22585','CustomerDTO.q3','ThisIsProcessIdentifier:3:20016','2019-02-23 08:17:11.519',NULL,NULL,'userId','sid-51B907FD-A3B8-45A0-8FF2-CE6012C2AEA7',NULL,NULL,NULL,'','我是在模型定义页面中的名称-userId'), ('22593','22593','CustomerDTO.q4','ThisIsProcessIdentifier:3:20016','2019-02-23 08:17:13.987',NULL,NULL,'userId','sid-51B907FD-A3B8-45A0-8FF2-CE6012C2AEA7',NULL,NULL,NULL,'','我是在模型定义页面中的名称-userId'), ('22601','22601','CustomerDTO.q5','ThisIsProcessIdentifier:3:20016','2019-02-23 08:17:16.448',NULL,NULL,'userId','sid-51B907FD-A3B8-45A0-8FF2-CE6012C2AEA7',NULL,NULL,NULL,'','我是在模型定义页面中的名称-userId'), ('22609','22609','CustomerDTO.q6','ThisIsProcessIdentifier:3:20016','2019-02-23 08:17:18.560',NULL,NULL,'userId','sid-51B907FD-A3B8-45A0-8FF2-CE6012C2AEA7',NULL,NULL,NULL,'','我是在模型定义页面中的名称-userId'), ('22617','22617','CustomerDTO.q7','ThisIsProcessIdentifier:3:20016','2019-02-23 08:17:21.216',NULL,NULL,'userId','sid-51B907FD-A3B8-45A0-8FF2-CE6012C2AEA7',NULL,NULL,NULL,'','我是在模型定义页面中的名称-userId'), ('22625','22625','CustomerDTO.q8','ThisIsProcessIdentifier:3:20016','2019-02-23 08:17:23.324',NULL,NULL,'userId','sid-51B907FD-A3B8-45A0-8FF2-CE6012C2AEA7',NULL,NULL,NULL,'','我是在模型定义页面中的名称-userId'), ('22633','22633','CustomerDTO.q9','ThisIsProcessIdentifier:3:20016','2019-02-23 08:17:25.506',NULL,NULL,'userId','sid-51B907FD-A3B8-45A0-8FF2-CE6012C2AEA7',NULL,NULL,NULL,'','我是在模型定义页面中的名称-userId'), ('2501','2501','CustomerDTO.123456','process:1:8','2019-02-23 05:50:29.104',NULL,NULL,'userId','sid-51B907FD-A3B8-45A0-8FF2-CE6012C2AEA7',NULL,NULL,NULL,'',NULL), ('2508','2508','CustomerDTO.1234567','process:1:8','2019-02-23 05:54:52.442',NULL,NULL,'userId','sid-51B907FD-A3B8-45A0-8FF2-CE6012C2AEA7',NULL,NULL,NULL,'',NULL), ('2519','2519','CustomerDTO.12345678','process:1:8','2019-02-23 05:55:05.392',NULL,NULL,'userId','sid-51B907FD-A3B8-45A0-8FF2-CE6012C2AEA7',NULL,NULL,NULL,'',NULL), ('5001','5001','CustomerDTO.123456789','ThisIsProcessIdentifier:1:2518','2019-02-23 05:58:00.669',NULL,NULL,'userId','sid-51B907FD-A3B8-45A0-8FF2-CE6012C2AEA7',NULL,NULL,NULL,'','null-userId'), ('7501','7501','CustomerDTO.1234567890','ThisIsProcessIdentifier:1:2518','2019-02-23 06:00:48.479',NULL,NULL,'userId','sid-51B907FD-A3B8-45A0-8FF2-CE6012C2AEA7',NULL,NULL,NULL,'','null-userId'), ('7508','7508','CustomerDTO.12345678901','ThisIsProcessIdentifier:1:2518','2019-02-23 06:01:47.628',NULL,NULL,'userId','sid-51B907FD-A3B8-45A0-8FF2-CE6012C2AEA7',NULL,NULL,NULL,'','null-userId'), ('7515','7515','CustomerDTO.123456789012','ThisIsProcessIdentifier:1:2518','2019-02-23 06:05:02.828',NULL,NULL,'userId','sid-51B907FD-A3B8-45A0-8FF2-CE6012C2AEA7',NULL,NULL,NULL,'','null-userId'), ('7522','7522','CustomerDTO.1234567890123','ThisIsProcessIdentifier:1:2518','2019-02-23 06:05:37.712',NULL,NULL,'userId','sid-51B907FD-A3B8-45A0-8FF2-CE6012C2AEA7',NULL,NULL,NULL,'','null-userId');
INSERT INTO `act_hi_taskinst` VALUES ('10007','ThisIsProcessIdentifier:1:2518','sid-82EA51D5-F77F-4A74-95BA-8E5A1BFE9021','10001','10001',NULL,NULL,NULL,NULL,NULL,'2019-02-23 06:07:19.196',NULL,NULL,NULL,NULL,'50',NULL,NULL,NULL,''), ('10014','ThisIsProcessIdentifier:1:2518','sid-82EA51D5-F77F-4A74-95BA-8E5A1BFE9021','10008','10008',NULL,NULL,NULL,NULL,NULL,'2019-02-23 06:07:32.639',NULL,NULL,NULL,NULL,'50',NULL,NULL,NULL,''), ('12507','ThisIsProcessIdentifier:1:2518','sid-82EA51D5-F77F-4A74-95BA-8E5A1BFE9021','12501','12501',NULL,NULL,NULL,NULL,NULL,'2019-02-23 06:09:20.755',NULL,NULL,NULL,NULL,'50',NULL,NULL,NULL,''), ('12514','ThisIsProcessIdentifier:1:2518','sid-82EA51D5-F77F-4A74-95BA-8E5A1BFE9021','12508','12508',NULL,NULL,NULL,NULL,NULL,'2019-02-23 06:11:33.095',NULL,NULL,NULL,NULL,'50',NULL,NULL,NULL,''), ('12521','ThisIsProcessIdentifier:1:2518','sid-82EA51D5-F77F-4A74-95BA-8E5A1BFE9021','12515','12515',NULL,NULL,NULL,NULL,NULL,'2019-02-23 06:19:46.684',NULL,NULL,NULL,NULL,'50',NULL,NULL,NULL,''), ('12528','ThisIsProcessIdentifier:1:2518','sid-82EA51D5-F77F-4A74-95BA-8E5A1BFE9021','12522','12522',NULL,NULL,NULL,NULL,NULL,'2019-02-23 06:19:50.312',NULL,NULL,NULL,NULL,'50',NULL,NULL,NULL,''), ('15007','ThisIsProcessIdentifier:1:2518','sid-82EA51D5-F77F-4A74-95BA-8E5A1BFE9021','15001','15001',NULL,NULL,NULL,NULL,NULL,'2019-02-23 06:21:53.043',NULL,NULL,NULL,NULL,'50',NULL,NULL,NULL,''), ('17507','ThisIsProcessIdentifier:1:2518','sid-82EA51D5-F77F-4A74-95BA-8E5A1BFE9021','17501','17501',NULL,NULL,NULL,NULL,NULL,'2019-02-23 06:26:36.599',NULL,NULL,NULL,NULL,'50',NULL,NULL,NULL,''), ('20011','ThisIsProcessIdentifier:2:20004','sid-82EA51D5-F77F-4A74-95BA-8E5A1BFE9021','20005','20005',NULL,NULL,NULL,NULL,'userId','2019-02-23 07:10:37.650','2019-02-23 07:20:44.770','2019-02-23 08:03:20.411','3162761','completed','50',NULL,NULL,NULL,''), ('20023','ThisIsProcessIdentifier:3:20016','sid-82EA51D5-F77F-4A74-95BA-8E5A1BFE9021','20017','20017','模型页面内定义的节点名称',NULL,NULL,NULL,'userId','2019-02-23 07:12:34.476','2019-02-23 07:23:14.367','2019-02-23 08:04:00.253','3085777','completed','50',NULL,NULL,NULL,''), ('20031','ThisIsProcessIdentifier:3:20016','sid-82EA51D5-F77F-4A74-95BA-8E5A1BFE9021','20025','20025','模型页面内定义的节点名称',NULL,NULL,NULL,'userId','2019-02-23 07:21:46.979','2019-02-23 07:23:19.255','2019-02-23 08:06:19.413','2672434','completed','50',NULL,NULL,NULL,''), ('22519','ThisIsProcessIdentifier:3:20016','sid-82EA51D5-F77F-4A74-95BA-8E5A1BFE9021','22513','22513','模型页面内定义的节点名称',NULL,NULL,NULL,'userId','2019-02-23 08:06:49.482','2019-02-23 08:07:12.620','2019-02-23 08:07:30.451','40969','completed','50',NULL,NULL,NULL,''), ('22527','ThisIsProcessIdentifier:3:20016','sid-82EA51D5-F77F-4A74-95BA-8E5A1BFE9021','22521','22521','模型页面内定义的节点名称',NULL,NULL,NULL,'userId','2019-02-23 08:06:52.332','2019-02-23 08:07:14.856','2019-02-23 08:09:00.972','128640','completed','50',NULL,NULL,NULL,''), ('22535','ThisIsProcessIdentifier:3:20016','sid-82EA51D5-F77F-4A74-95BA-8E5A1BFE9021','22529','22529','模型页面内定义的节点名称',NULL,NULL,NULL,'userId','2019-02-23 08:06:54.164','2019-02-23 08:07:16.743','2019-02-23 08:09:06.918','132754','completed','50',NULL,NULL,NULL,''), ('22543','ThisIsProcessIdentifier:3:20016','sid-82EA51D5-F77F-4A74-95BA-8E5A1BFE9021','22537','22537','模型页面内定义的节点名称',NULL,NULL,NULL,'userId','2019-02-23 08:06:56.031','2019-02-23 08:07:18.697','2019-02-23 08:09:12.660','136629','completed','50',NULL,NULL,NULL,''), ('22567','ThisIsProcessIdentifier:3:20016','sid-82EA51D5-F77F-4A74-95BA-8E5A1BFE9021','22561','22561','模型页面内定义的节点名称',NULL,NULL,NULL,'userId','2019-02-23 08:17:03.402','2019-02-23 08:36:44.149',NULL,NULL,NULL,'50',NULL,NULL,NULL,''), ('22575','ThisIsProcessIdentifier:3:20016','sid-82EA51D5-F77F-4A74-95BA-8E5A1BFE9021','22569','22569','模型页面内定义的节点名称',NULL,NULL,NULL,NULL,'2019-02-23 08:17:05.781',NULL,NULL,NULL,NULL,'50',NULL,NULL,NULL,''), ('22583','ThisIsProcessIdentifier:3:20016','sid-82EA51D5-F77F-4A74-95BA-8E5A1BFE9021','22577','22577','模型页面内定义的节点名称',NULL,NULL,NULL,NULL,'2019-02-23 08:17:08.741',NULL,NULL,NULL,NULL,'50',NULL,NULL,NULL,''), ('22591','ThisIsProcessIdentifier:3:20016','sid-82EA51D5-F77F-4A74-95BA-8E5A1BFE9021','22585','22585','模型页面内定义的节点名称',NULL,NULL,NULL,NULL,'2019-02-23 08:17:11.529',NULL,NULL,NULL,NULL,'50',NULL,NULL,NULL,''), ('22599','ThisIsProcessIdentifier:3:20016','sid-82EA51D5-F77F-4A74-95BA-8E5A1BFE9021','22593','22593','模型页面内定义的节点名称',NULL,NULL,NULL,NULL,'2019-02-23 08:17:13.998',NULL,NULL,NULL,NULL,'50',NULL,NULL,NULL,''), ('22607','ThisIsProcessIdentifier:3:20016','sid-82EA51D5-F77F-4A74-95BA-8E5A1BFE9021','22601','22601','模型页面内定义的节点名称',NULL,NULL,NULL,NULL,'2019-02-23 08:17:16.454',NULL,NULL,NULL,NULL,'50',NULL,NULL,NULL,''), ('22615','ThisIsProcessIdentifier:3:20016','sid-82EA51D5-F77F-4A74-95BA-8E5A1BFE9021','22609','22609','模型页面内定义的节点名称',NULL,NULL,NULL,NULL,'2019-02-23 08:17:18.567',NULL,NULL,NULL,NULL,'50',NULL,NULL,NULL,''), ('22623','ThisIsProcessIdentifier:3:20016','sid-82EA51D5-F77F-4A74-95BA-8E5A1BFE9021','22617','22617','模型页面内定义的节点名称',NULL,NULL,NULL,NULL,'2019-02-23 08:17:21.222',NULL,NULL,NULL,NULL,'50',NULL,NULL,NULL,''), ('22631','ThisIsProcessIdentifier:3:20016','sid-82EA51D5-F77F-4A74-95BA-8E5A1BFE9021','22625','22625','模型页面内定义的节点名称',NULL,NULL,NULL,NULL,'2019-02-23 08:17:23.334',NULL,NULL,NULL,NULL,'50',NULL,NULL,NULL,''), ('22639','ThisIsProcessIdentifier:3:20016','sid-82EA51D5-F77F-4A74-95BA-8E5A1BFE9021','22633','22633','模型页面内定义的节点名称',NULL,NULL,NULL,NULL,'2019-02-23 08:17:25.514',NULL,NULL,NULL,NULL,'50',NULL,NULL,NULL,''), ('2507','process:1:8','sid-82EA51D5-F77F-4A74-95BA-8E5A1BFE9021','2501','2501',NULL,NULL,NULL,NULL,NULL,'2019-02-23 05:50:29.132',NULL,NULL,NULL,NULL,'50',NULL,NULL,NULL,''), ('2514','process:1:8','sid-82EA51D5-F77F-4A74-95BA-8E5A1BFE9021','2508','2508',NULL,NULL,NULL,NULL,NULL,'2019-02-23 05:54:52.455',NULL,NULL,NULL,NULL,'50',NULL,NULL,NULL,''), ('2525','process:1:8','sid-82EA51D5-F77F-4A74-95BA-8E5A1BFE9021','2519','2519',NULL,NULL,NULL,NULL,NULL,'2019-02-23 05:55:05.404',NULL,NULL,NULL,NULL,'50',NULL,NULL,NULL,''), ('5007','ThisIsProcessIdentifier:1:2518','sid-82EA51D5-F77F-4A74-95BA-8E5A1BFE9021','5001','5001',NULL,NULL,NULL,NULL,NULL,'2019-02-23 05:58:00.699',NULL,NULL,NULL,NULL,'50',NULL,NULL,NULL,''), ('7507','ThisIsProcessIdentifier:1:2518','sid-82EA51D5-F77F-4A74-95BA-8E5A1BFE9021','7501','7501',NULL,NULL,NULL,NULL,NULL,'2019-02-23 06:00:48.518',NULL,NULL,NULL,NULL,'50',NULL,NULL,NULL,''), ('7514','ThisIsProcessIdentifier:1:2518','sid-82EA51D5-F77F-4A74-95BA-8E5A1BFE9021','7508','7508',NULL,NULL,NULL,NULL,NULL,'2019-02-23 06:01:47.636',NULL,NULL,NULL,NULL,'50',NULL,NULL,NULL,''), ('7521','ThisIsProcessIdentifier:1:2518','sid-82EA51D5-F77F-4A74-95BA-8E5A1BFE9021','7515','7515',NULL,NULL,NULL,NULL,NULL,'2019-02-23 06:05:02.839',NULL,NULL,NULL,NULL,'50',NULL,NULL,NULL,''), ('7528','ThisIsProcessIdentifier:1:2518','sid-82EA51D5-F77F-4A74-95BA-8E5A1BFE9021','7522','7522',NULL,NULL,NULL,NULL,NULL,'2019-02-23 06:05:37.722',NULL,NULL,NULL,NULL,'50',NULL,NULL,NULL,'');
INSERT INTO `act_hi_varinst` VALUES ('10004','10001','10001',NULL,'userId','string','0',NULL,NULL,NULL,'userId',NULL,'2019-02-23 06:07:19.160','2019-02-23 06:07:19.160'), ('10005','10001','10001',NULL,'day','integer','0',NULL,NULL,'3','3',NULL,'2019-02-23 06:07:19.162','2019-02-23 06:07:19.162'), ('10011','10008','10008',NULL,'userId','string','0',NULL,NULL,NULL,'userId',NULL,'2019-02-23 06:07:32.632','2019-02-23 06:07:32.632'), ('10012','10008','10008',NULL,'day','integer','0',NULL,NULL,'3','3',NULL,'2019-02-23 06:07:32.632','2019-02-23 06:07:32.632'), ('12504','12501','12501',NULL,'userId','string','0',NULL,NULL,NULL,'userId',NULL,'2019-02-23 06:09:20.726','2019-02-23 06:09:20.726'), ('12505','12501','12501',NULL,'day','integer','0',NULL,NULL,'3','3',NULL,'2019-02-23 06:09:20.727','2019-02-23 06:09:20.727'), ('12511','12508','12508',NULL,'userId','string','0',NULL,NULL,NULL,'userId',NULL,'2019-02-23 06:11:33.084','2019-02-23 06:11:33.084'), ('12512','12508','12508',NULL,'day','integer','0',NULL,NULL,'3','3',NULL,'2019-02-23 06:11:33.085','2019-02-23 06:11:33.085'), ('12518','12515','12515',NULL,'userId','string','0',NULL,NULL,NULL,'userId',NULL,'2019-02-23 06:19:46.674','2019-02-23 06:19:46.674'), ('12519','12515','12515',NULL,'day','integer','0',NULL,NULL,'3','3',NULL,'2019-02-23 06:19:46.675','2019-02-23 06:19:46.675'), ('12525','12522','12522',NULL,'userId','string','0',NULL,NULL,NULL,'userId',NULL,'2019-02-23 06:19:50.301','2019-02-23 06:19:50.301'), ('12526','12522','12522',NULL,'day','integer','0',NULL,NULL,'3','3',NULL,'2019-02-23 06:19:50.302','2019-02-23 06:19:50.302'), ('15004','15001','15001',NULL,'userId','string','0',NULL,NULL,NULL,'userId',NULL,'2019-02-23 06:21:53.012','2019-02-23 06:21:53.012'), ('15005','15001','15001',NULL,'day','integer','0',NULL,NULL,'3','3',NULL,'2019-02-23 06:21:53.014','2019-02-23 06:21:53.014'), ('17504','17501','17501',NULL,'userId','string','0',NULL,NULL,NULL,'userId',NULL,'2019-02-23 06:26:36.565','2019-02-23 06:26:36.565'), ('17505','17501','17501',NULL,'day','integer','0',NULL,NULL,'3','3',NULL,'2019-02-23 06:26:36.567','2019-02-23 06:26:36.567'), ('20008','20005','20005',NULL,'userId','string','1',NULL,NULL,NULL,'userId',NULL,'2019-02-23 07:10:37.620','2019-02-23 08:03:20.447'), ('20009','20005','20005',NULL,'day','integer','1',NULL,NULL,'3','3',NULL,'2019-02-23 07:10:37.622','2019-02-23 08:03:20.448'), ('20020','20017','20017',NULL,'userId','string','1',NULL,NULL,NULL,'userId',NULL,'2019-02-23 07:12:34.466','2019-02-23 08:04:00.270'), ('20021','20017','20017',NULL,'day','integer','1',NULL,NULL,'3','3',NULL,'2019-02-23 07:12:34.466','2019-02-23 08:04:00.270'), ('20028','20025','20025',NULL,'userId','string','1',NULL,NULL,NULL,'userId',NULL,'2019-02-23 07:21:46.969','2019-02-23 08:06:19.430'), ('20029','20025','20025',NULL,'day','integer','1',NULL,NULL,'3','3',NULL,'2019-02-23 07:21:46.970','2019-02-23 08:06:19.431'), ('22503','20005','20005',NULL,'flag','boolean','0',NULL,NULL,'1',NULL,NULL,'2019-02-23 08:03:20.397','2019-02-23 08:03:20.447'), ('22507','20017','20017',NULL,'flag','boolean','0',NULL,NULL,'1',NULL,NULL,'2019-02-23 08:04:00.227','2019-02-23 08:04:00.269'), ('22511','20025','20025',NULL,'flag','boolean','0',NULL,NULL,'1',NULL,NULL,'2019-02-23 08:06:19.405','2019-02-23 08:06:19.430'), ('22516','22513','22513',NULL,'userId','string','1',NULL,NULL,NULL,'userId',NULL,'2019-02-23 08:06:49.473','2019-02-23 08:07:30.472'), ('22517','22513','22513',NULL,'day','integer','1',NULL,NULL,'3','3',NULL,'2019-02-23 08:06:49.473','2019-02-23 08:07:30.473'), ('22524','22521','22521',NULL,'userId','string','1',NULL,NULL,NULL,'userId',NULL,'2019-02-23 08:06:52.326','2019-02-23 08:09:00.996'), ('22525','22521','22521',NULL,'day','integer','1',NULL,NULL,'3','3',NULL,'2019-02-23 08:06:52.327','2019-02-23 08:09:00.997'), ('22532','22529','22529',NULL,'userId','string','1',NULL,NULL,NULL,'userId',NULL,'2019-02-23 08:06:54.155','2019-02-23 08:09:06.934'), ('22533','22529','22529',NULL,'day','integer','1',NULL,NULL,'3','3',NULL,'2019-02-23 08:06:54.156','2019-02-23 08:09:06.935'), ('22540','22537','22537',NULL,'userId','string','1',NULL,NULL,NULL,'userId',NULL,'2019-02-23 08:06:56.022','2019-02-23 08:09:12.674'), ('22541','22537','22537',NULL,'day','integer','1',NULL,NULL,'3','3',NULL,'2019-02-23 08:06:56.022','2019-02-23 08:09:12.674'), ('22547','22513','22513',NULL,'flag','boolean','0',NULL,NULL,'1',NULL,NULL,'2019-02-23 08:07:30.439','2019-02-23 08:07:30.472'), ('22551','22521','22521',NULL,'flag','boolean','0',NULL,NULL,'0',NULL,NULL,'2019-02-23 08:09:00.964','2019-02-23 08:09:00.995'), ('22555','22529','22529',NULL,'flag','boolean','0',NULL,NULL,'1',NULL,NULL,'2019-02-23 08:09:06.907','2019-02-23 08:09:06.933'), ('22559','22537','22537',NULL,'flag','boolean','0',NULL,NULL,'0',NULL,NULL,'2019-02-23 08:09:12.652','2019-02-23 08:09:12.673'), ('22564','22561','22561',NULL,'userId','string','0',NULL,NULL,NULL,'userId',NULL,'2019-02-23 08:17:03.395','2019-02-23 08:17:03.395'), ('22565','22561','22561',NULL,'day','integer','0',NULL,NULL,'3','3',NULL,'2019-02-23 08:17:03.395','2019-02-23 08:17:03.395'), ('22572','22569','22569',NULL,'userId','string','0',NULL,NULL,NULL,'userId',NULL,'2019-02-23 08:17:05.776','2019-02-23 08:17:05.776'), ('22573','22569','22569',NULL,'day','integer','0',NULL,NULL,'3','3',NULL,'2019-02-23 08:17:05.776','2019-02-23 08:17:05.776'), ('22580','22577','22577',NULL,'userId','string','0',NULL,NULL,NULL,'userId',NULL,'2019-02-23 08:17:08.734','2019-02-23 08:17:08.734'), ('22581','22577','22577',NULL,'day','integer','0',NULL,NULL,'3','3',NULL,'2019-02-23 08:17:08.735','2019-02-23 08:17:08.735'), ('22588','22585','22585',NULL,'userId','string','0',NULL,NULL,NULL,'userId',NULL,'2019-02-23 08:17:11.519','2019-02-23 08:17:11.519'), ('22589','22585','22585',NULL,'day','integer','0',NULL,NULL,'3','3',NULL,'2019-02-23 08:17:11.520','2019-02-23 08:17:11.520'), ('22596','22593','22593',NULL,'userId','string','0',NULL,NULL,NULL,'userId',NULL,'2019-02-23 08:17:13.987','2019-02-23 08:17:13.987'), ('22597','22593','22593',NULL,'day','integer','0',NULL,NULL,'3','3',NULL,'2019-02-23 08:17:13.988','2019-02-23 08:17:13.988'), ('22604','22601','22601',NULL,'userId','string','0',NULL,NULL,NULL,'userId',NULL,'2019-02-23 08:17:16.448','2019-02-23 08:17:16.448'), ('22605','22601','22601',NULL,'day','integer','0',NULL,NULL,'3','3',NULL,'2019-02-23 08:17:16.449','2019-02-23 08:17:16.449'), ('22612','22609','22609',NULL,'userId','string','0',NULL,NULL,NULL,'userId',NULL,'2019-02-23 08:17:18.560','2019-02-23 08:17:18.560'), ('22613','22609','22609',NULL,'day','integer','0',NULL,NULL,'3','3',NULL,'2019-02-23 08:17:18.561','2019-02-23 08:17:18.561'), ('22620','22617','22617',NULL,'userId','string','0',NULL,NULL,NULL,'userId',NULL,'2019-02-23 08:17:21.217','2019-02-23 08:17:21.217'), ('22621','22617','22617',NULL,'day','integer','0',NULL,NULL,'3','3',NULL,'2019-02-23 08:17:21.217','2019-02-23 08:17:21.217'), ('22628','22625','22625',NULL,'userId','string','0',NULL,NULL,NULL,'userId',NULL,'2019-02-23 08:17:23.324','2019-02-23 08:17:23.324'), ('22629','22625','22625',NULL,'day','integer','0',NULL,NULL,'3','3',NULL,'2019-02-23 08:17:23.325','2019-02-23 08:17:23.325'), ('22636','22633','22633',NULL,'userId','string','0',NULL,NULL,NULL,'userId',NULL,'2019-02-23 08:17:25.506','2019-02-23 08:17:25.506'), ('22637','22633','22633',NULL,'day','integer','0',NULL,NULL,'3','3',NULL,'2019-02-23 08:17:25.507','2019-02-23 08:17:25.507'), ('2504','2501','2501',NULL,'userid','string','0',NULL,NULL,NULL,'10010',NULL,'2019-02-23 05:50:29.105','2019-02-23 05:50:29.105'), ('2505','2501','2501',NULL,'day','integer','0',NULL,NULL,'3','3',NULL,'2019-02-23 05:50:29.106','2019-02-23 05:50:29.106'), ('2511','2508','2508',NULL,'userid','string','0',NULL,NULL,NULL,'10010',NULL,'2019-02-23 05:54:52.443','2019-02-23 05:54:52.443'), ('2512','2508','2508',NULL,'day','integer','0',NULL,NULL,'3','3',NULL,'2019-02-23 05:54:52.443','2019-02-23 05:54:52.443'), ('2522','2519','2519',NULL,'userid','string','0',NULL,NULL,NULL,'10010',NULL,'2019-02-23 05:55:05.392','2019-02-23 05:55:05.392'), ('2523','2519','2519',NULL,'day','integer','0',NULL,NULL,'3','3',NULL,'2019-02-23 05:55:05.393','2019-02-23 05:55:05.393'), ('5004','5001','5001',NULL,'userId','string','0',NULL,NULL,NULL,'userId',NULL,'2019-02-23 05:58:00.670','2019-02-23 05:58:00.670'), ('5005','5001','5001',NULL,'day','integer','0',NULL,NULL,'3','3',NULL,'2019-02-23 05:58:00.672','2019-02-23 05:58:00.672'), ('7504','7501','7501',NULL,'userId','string','0',NULL,NULL,NULL,'userId',NULL,'2019-02-23 06:00:48.480','2019-02-23 06:00:48.480'), ('7505','7501','7501',NULL,'day','integer','0',NULL,NULL,'3','3',NULL,'2019-02-23 06:00:48.481','2019-02-23 06:00:48.481'), ('7511','7508','7508',NULL,'userId','string','0',NULL,NULL,NULL,'userId',NULL,'2019-02-23 06:01:47.629','2019-02-23 06:01:47.629'), ('7512','7508','7508',NULL,'day','integer','0',NULL,NULL,'3','3',NULL,'2019-02-23 06:01:47.630','2019-02-23 06:01:47.630'), ('7518','7515','7515',NULL,'userId','string','0',NULL,NULL,NULL,'userId',NULL,'2019-02-23 06:05:02.828','2019-02-23 06:05:02.828'), ('7519','7515','7515',NULL,'day','integer','0',NULL,NULL,'3','3',NULL,'2019-02-23 06:05:02.829','2019-02-23 06:05:02.829'), ('7525','7522','7522',NULL,'userId','string','0',NULL,NULL,NULL,'userId',NULL,'2019-02-23 06:05:37.712','2019-02-23 06:05:37.712'), ('7526','7522','7522',NULL,'day','integer','0',NULL,NULL,'3','3',NULL,'2019-02-23 06:05:37.713','2019-02-23 06:05:37.713');
INSERT INTO `act_id_group` VALUES ('groupId','1','groupName','');
INSERT INTO `act_id_membership` VALUES ('userId','groupId');
INSERT INTO `act_id_user` VALUES ('userId','1','firstName','lastName','email','password',NULL);
INSERT INTO `act_re_deployment` VALUES ('20001','1.bpmn20.xml',NULL,'','2019-02-23 07:10:33.117'), ('20013','1.bpmn20.xml',NULL,'','2019-02-23 07:12:29.386'), ('2515','1.bpmn20.xml',NULL,'','2019-02-23 05:55:00.869'), ('5','1.bpmn20.xml',NULL,'','2019-02-23 05:49:14.520');
INSERT INTO `act_re_model` VALUES ('2','12','1','4',NULL,'2019-02-23 05:48:43.569','2019-02-23 07:12:29.586','1','{\"name\":\"1\",\"description\":\"2\",\"revision\":3}','20013','3','4','');
INSERT INTO `act_re_procdef` VALUES ('ThisIsProcessIdentifier:1:2518','1','http://www.activiti.org/processdef','我是在模型定义页面中的名称','ThisIsProcessIdentifier','1','2515','1.bpmn20.xml','1.ThisIsProcessIdentifier.png',NULL,'0','1','1',''), ('ThisIsProcessIdentifier:2:20004','1','http://www.activiti.org/processdef','我是在模型定义页面中的名称','ThisIsProcessIdentifier','2','20001','1.bpmn20.xml','1.ThisIsProcessIdentifier.png',NULL,'0','1','1',''), ('ThisIsProcessIdentifier:3:20016','1','http://www.activiti.org/processdef','我是在模型定义页面中的名称','ThisIsProcessIdentifier','3','20013','1.bpmn20.xml','1.ThisIsProcessIdentifier.png',NULL,'0','1','1',''), ('process:1:8','1','http://www.activiti.org/processdef',NULL,'process','1','5','1.bpmn20.xml','1.process.png',NULL,'0','1','1','');
INSERT INTO `act_ru_execution` VALUES ('10001','2','10001','CustomerDTO.12345678901234',NULL,'ThisIsProcessIdentifier:1:2518',NULL,'sid-82EA51D5-F77F-4A74-95BA-8E5A1BFE9021','1','0','1','0','1','2','','null-userId',NULL), ('10008','1','10008','CustomerDTO.123456789012345',NULL,'ThisIsProcessIdentifier:1:2518',NULL,'sid-82EA51D5-F77F-4A74-95BA-8E5A1BFE9021','1','0','1','0','1','2','',NULL,NULL), ('12501','2','12501','CustomerDTO.1234567890123456',NULL,'ThisIsProcessIdentifier:1:2518',NULL,'sid-82EA51D5-F77F-4A74-95BA-8E5A1BFE9021','1','0','1','0','1','2','','null-userId',NULL), ('12508','2','12508','CustomerDTO.12345678901234567',NULL,'ThisIsProcessIdentifier:1:2518',NULL,'sid-82EA51D5-F77F-4A74-95BA-8E5A1BFE9021','1','0','1','0','1','2','','null-userId',NULL), ('12515','2','12515','CustomerDTO.12345678901234567',NULL,'ThisIsProcessIdentifier:1:2518',NULL,'sid-82EA51D5-F77F-4A74-95BA-8E5A1BFE9021','1','0','1','0','1','2','','null-userId',NULL), ('12522','1','12522','CustomerDTO.12345678901234567',NULL,'ThisIsProcessIdentifier:1:2518',NULL,'sid-82EA51D5-F77F-4A74-95BA-8E5A1BFE9021','1','0','1','0','1','2','',NULL,NULL), ('15001','2','15001','CustomerDTO.123456789012345678',NULL,'ThisIsProcessIdentifier:1:2518',NULL,'sid-82EA51D5-F77F-4A74-95BA-8E5A1BFE9021','1','0','1','0','1','2','','我是在模型定义页面中的名称-userId',NULL), ('17501','2','17501','CustomerDTO.1234567890123456789',NULL,'ThisIsProcessIdentifier:1:2518',NULL,'sid-82EA51D5-F77F-4A74-95BA-8E5A1BFE9021','1','0','1','0','1','2','','我是在模型定义页面中的名称-userId',NULL), ('22561','2','22561','CustomerDTO.q',NULL,'ThisIsProcessIdentifier:3:20016',NULL,'sid-82EA51D5-F77F-4A74-95BA-8E5A1BFE9021','1','0','1','0','1','2','','我是在模型定义页面中的名称-userId',NULL), ('22569','2','22569','CustomerDTO.q1',NULL,'ThisIsProcessIdentifier:3:20016',NULL,'sid-82EA51D5-F77F-4A74-95BA-8E5A1BFE9021','1','0','1','0','1','2','','我是在模型定义页面中的名称-userId',NULL), ('22577','2','22577','CustomerDTO.q2',NULL,'ThisIsProcessIdentifier:3:20016',NULL,'sid-82EA51D5-F77F-4A74-95BA-8E5A1BFE9021','1','0','1','0','1','2','','我是在模型定义页面中的名称-userId',NULL), ('22585','2','22585','CustomerDTO.q3',NULL,'ThisIsProcessIdentifier:3:20016',NULL,'sid-82EA51D5-F77F-4A74-95BA-8E5A1BFE9021','1','0','1','0','1','2','','我是在模型定义页面中的名称-userId',NULL), ('22593','2','22593','CustomerDTO.q4',NULL,'ThisIsProcessIdentifier:3:20016',NULL,'sid-82EA51D5-F77F-4A74-95BA-8E5A1BFE9021','1','0','1','0','1','2','','我是在模型定义页面中的名称-userId',NULL), ('22601','2','22601','CustomerDTO.q5',NULL,'ThisIsProcessIdentifier:3:20016',NULL,'sid-82EA51D5-F77F-4A74-95BA-8E5A1BFE9021','1','0','1','0','1','2','','我是在模型定义页面中的名称-userId',NULL), ('22609','2','22609','CustomerDTO.q6',NULL,'ThisIsProcessIdentifier:3:20016',NULL,'sid-82EA51D5-F77F-4A74-95BA-8E5A1BFE9021','1','0','1','0','1','2','','我是在模型定义页面中的名称-userId',NULL), ('22617','2','22617','CustomerDTO.q7',NULL,'ThisIsProcessIdentifier:3:20016',NULL,'sid-82EA51D5-F77F-4A74-95BA-8E5A1BFE9021','1','0','1','0','1','2','','我是在模型定义页面中的名称-userId',NULL), ('22625','2','22625','CustomerDTO.q8',NULL,'ThisIsProcessIdentifier:3:20016',NULL,'sid-82EA51D5-F77F-4A74-95BA-8E5A1BFE9021','1','0','1','0','1','2','','我是在模型定义页面中的名称-userId',NULL), ('22633','2','22633','CustomerDTO.q9',NULL,'ThisIsProcessIdentifier:3:20016',NULL,'sid-82EA51D5-F77F-4A74-95BA-8E5A1BFE9021','1','0','1','0','1','2','','我是在模型定义页面中的名称-userId',NULL), ('2501','1','2501','CustomerDTO.123456',NULL,'process:1:8',NULL,'sid-82EA51D5-F77F-4A74-95BA-8E5A1BFE9021','1','0','1','0','1','2','',NULL,NULL), ('2508','1','2508','CustomerDTO.1234567',NULL,'process:1:8',NULL,'sid-82EA51D5-F77F-4A74-95BA-8E5A1BFE9021','1','0','1','0','1','2','',NULL,NULL), ('2519','1','2519','CustomerDTO.12345678',NULL,'process:1:8',NULL,'sid-82EA51D5-F77F-4A74-95BA-8E5A1BFE9021','1','0','1','0','1','2','',NULL,NULL), ('5001','2','5001','CustomerDTO.123456789',NULL,'ThisIsProcessIdentifier:1:2518',NULL,'sid-82EA51D5-F77F-4A74-95BA-8E5A1BFE9021','1','0','1','0','1','2','','null-userId',NULL), ('7501','2','7501','CustomerDTO.1234567890',NULL,'ThisIsProcessIdentifier:1:2518',NULL,'sid-82EA51D5-F77F-4A74-95BA-8E5A1BFE9021','1','0','1','0','1','2','','null-userId',NULL), ('7508','2','7508','CustomerDTO.12345678901',NULL,'ThisIsProcessIdentifier:1:2518',NULL,'sid-82EA51D5-F77F-4A74-95BA-8E5A1BFE9021','1','0','1','0','1','2','','null-userId',NULL), ('7515','2','7515','CustomerDTO.123456789012',NULL,'ThisIsProcessIdentifier:1:2518',NULL,'sid-82EA51D5-F77F-4A74-95BA-8E5A1BFE9021','1','0','1','0','1','2','','null-userId',NULL), ('7522','2','7522','CustomerDTO.1234567890123',NULL,'ThisIsProcessIdentifier:1:2518',NULL,'sid-82EA51D5-F77F-4A74-95BA-8E5A1BFE9021','1','0','1','0','1','2','','null-userId',NULL);
INSERT INTO `act_ru_identitylink` VALUES ('10002','1',NULL,'starter','userId',NULL,'10001',NULL), ('10009','1',NULL,'starter','userId',NULL,'10008',NULL), ('12502','1',NULL,'starter','userId',NULL,'12501',NULL), ('12509','1',NULL,'starter','userId',NULL,'12508',NULL), ('12516','1',NULL,'starter','userId',NULL,'12515',NULL), ('12523','1',NULL,'starter','userId',NULL,'12522',NULL), ('15002','1',NULL,'starter','userId',NULL,'15001',NULL), ('17502','1',NULL,'starter','userId',NULL,'17501',NULL), ('22562','1',NULL,'starter','userId',NULL,'22561',NULL), ('22568','1','groupId','candidate',NULL,'22567',NULL,NULL), ('22570','1',NULL,'starter','userId',NULL,'22569',NULL), ('22576','1','groupId','candidate',NULL,'22575',NULL,NULL), ('22578','1',NULL,'starter','userId',NULL,'22577',NULL), ('22584','1','groupId','candidate',NULL,'22583',NULL,NULL), ('22586','1',NULL,'starter','userId',NULL,'22585',NULL), ('22592','1','groupId','candidate',NULL,'22591',NULL,NULL), ('22594','1',NULL,'starter','userId',NULL,'22593',NULL), ('22600','1','groupId','candidate',NULL,'22599',NULL,NULL), ('22602','1',NULL,'starter','userId',NULL,'22601',NULL), ('22608','1','groupId','candidate',NULL,'22607',NULL,NULL), ('22610','1',NULL,'starter','userId',NULL,'22609',NULL), ('22616','1','groupId','candidate',NULL,'22615',NULL,NULL), ('22618','1',NULL,'starter','userId',NULL,'22617',NULL), ('22624','1','groupId','candidate',NULL,'22623',NULL,NULL), ('22626','1',NULL,'starter','userId',NULL,'22625',NULL), ('22632','1','groupId','candidate',NULL,'22631',NULL,NULL), ('22634','1',NULL,'starter','userId',NULL,'22633',NULL), ('22640','1','groupId','candidate',NULL,'22639',NULL,NULL), ('2502','1',NULL,'starter','userId',NULL,'2501',NULL), ('2509','1',NULL,'starter','userId',NULL,'2508',NULL), ('2520','1',NULL,'starter','userId',NULL,'2519',NULL), ('5002','1',NULL,'starter','userId',NULL,'5001',NULL), ('7502','1',NULL,'starter','userId',NULL,'7501',NULL), ('7509','1',NULL,'starter','userId',NULL,'7508',NULL), ('7516','1',NULL,'starter','userId',NULL,'7515',NULL), ('7523','1',NULL,'starter','userId',NULL,'7522',NULL);
INSERT INTO `act_ru_task` VALUES ('10007','1','10001','10001','ThisIsProcessIdentifier:1:2518',NULL,NULL,NULL,'sid-82EA51D5-F77F-4A74-95BA-8E5A1BFE9021',NULL,NULL,NULL,'50','2019-02-23 06:07:19.185',NULL,NULL,'1','',NULL), ('10014','1','10008','10008','ThisIsProcessIdentifier:1:2518',NULL,NULL,NULL,'sid-82EA51D5-F77F-4A74-95BA-8E5A1BFE9021',NULL,NULL,NULL,'50','2019-02-23 06:07:32.636',NULL,NULL,'1','',NULL), ('12507','1','12501','12501','ThisIsProcessIdentifier:1:2518',NULL,NULL,NULL,'sid-82EA51D5-F77F-4A74-95BA-8E5A1BFE9021',NULL,NULL,NULL,'50','2019-02-23 06:09:20.748',NULL,NULL,'1','',NULL), ('12514','1','12508','12508','ThisIsProcessIdentifier:1:2518',NULL,NULL,NULL,'sid-82EA51D5-F77F-4A74-95BA-8E5A1BFE9021',NULL,NULL,NULL,'50','2019-02-23 06:11:33.092',NULL,NULL,'1','',NULL), ('12521','1','12515','12515','ThisIsProcessIdentifier:1:2518',NULL,NULL,NULL,'sid-82EA51D5-F77F-4A74-95BA-8E5A1BFE9021',NULL,NULL,NULL,'50','2019-02-23 06:19:46.679',NULL,NULL,'1','',NULL), ('12528','1','12522','12522','ThisIsProcessIdentifier:1:2518',NULL,NULL,NULL,'sid-82EA51D5-F77F-4A74-95BA-8E5A1BFE9021',NULL,NULL,NULL,'50','2019-02-23 06:19:50.308',NULL,NULL,'1','',NULL), ('15007','1','15001','15001','ThisIsProcessIdentifier:1:2518',NULL,NULL,NULL,'sid-82EA51D5-F77F-4A74-95BA-8E5A1BFE9021',NULL,NULL,NULL,'50','2019-02-23 06:21:53.035',NULL,NULL,'1','',NULL), ('17507','1','17501','17501','ThisIsProcessIdentifier:1:2518',NULL,NULL,NULL,'sid-82EA51D5-F77F-4A74-95BA-8E5A1BFE9021',NULL,NULL,NULL,'50','2019-02-23 06:26:36.589',NULL,NULL,'1','',NULL), ('22567','2','22561','22561','ThisIsProcessIdentifier:3:20016','模型页面内定义的节点名称',NULL,NULL,'sid-82EA51D5-F77F-4A74-95BA-8E5A1BFE9021',NULL,'userId',NULL,'50','2019-02-23 08:17:03.399',NULL,NULL,'1','',NULL), ('22575','1','22569','22569','ThisIsProcessIdentifier:3:20016','模型页面内定义的节点名称',NULL,NULL,'sid-82EA51D5-F77F-4A74-95BA-8E5A1BFE9021',NULL,NULL,NULL,'50','2019-02-23 08:17:05.779',NULL,NULL,'1','',NULL), ('22583','1','22577','22577','ThisIsProcessIdentifier:3:20016','模型页面内定义的节点名称',NULL,NULL,'sid-82EA51D5-F77F-4A74-95BA-8E5A1BFE9021',NULL,NULL,NULL,'50','2019-02-23 08:17:08.738',NULL,NULL,'1','',NULL), ('22591','1','22585','22585','ThisIsProcessIdentifier:3:20016','模型页面内定义的节点名称',NULL,NULL,'sid-82EA51D5-F77F-4A74-95BA-8E5A1BFE9021',NULL,NULL,NULL,'50','2019-02-23 08:17:11.525',NULL,NULL,'1','',NULL), ('22599','1','22593','22593','ThisIsProcessIdentifier:3:20016','模型页面内定义的节点名称',NULL,NULL,'sid-82EA51D5-F77F-4A74-95BA-8E5A1BFE9021',NULL,NULL,NULL,'50','2019-02-23 08:17:13.996',NULL,NULL,'1','',NULL), ('22607','1','22601','22601','ThisIsProcessIdentifier:3:20016','模型页面内定义的节点名称',NULL,NULL,'sid-82EA51D5-F77F-4A74-95BA-8E5A1BFE9021',NULL,NULL,NULL,'50','2019-02-23 08:17:16.452',NULL,NULL,'1','',NULL), ('22615','1','22609','22609','ThisIsProcessIdentifier:3:20016','模型页面内定义的节点名称',NULL,NULL,'sid-82EA51D5-F77F-4A74-95BA-8E5A1BFE9021',NULL,NULL,NULL,'50','2019-02-23 08:17:18.565',NULL,NULL,'1','',NULL), ('22623','1','22617','22617','ThisIsProcessIdentifier:3:20016','模型页面内定义的节点名称',NULL,NULL,'sid-82EA51D5-F77F-4A74-95BA-8E5A1BFE9021',NULL,NULL,NULL,'50','2019-02-23 08:17:21.220',NULL,NULL,'1','',NULL), ('22631','1','22625','22625','ThisIsProcessIdentifier:3:20016','模型页面内定义的节点名称',NULL,NULL,'sid-82EA51D5-F77F-4A74-95BA-8E5A1BFE9021',NULL,NULL,NULL,'50','2019-02-23 08:17:23.330',NULL,NULL,'1','',NULL), ('22639','1','22633','22633','ThisIsProcessIdentifier:3:20016','模型页面内定义的节点名称',NULL,NULL,'sid-82EA51D5-F77F-4A74-95BA-8E5A1BFE9021',NULL,NULL,NULL,'50','2019-02-23 08:17:25.511',NULL,NULL,'1','',NULL), ('2507','1','2501','2501','process:1:8',NULL,NULL,NULL,'sid-82EA51D5-F77F-4A74-95BA-8E5A1BFE9021',NULL,NULL,NULL,'50','2019-02-23 05:50:29.121',NULL,NULL,'1','',NULL), ('2514','1','2508','2508','process:1:8',NULL,NULL,NULL,'sid-82EA51D5-F77F-4A74-95BA-8E5A1BFE9021',NULL,NULL,NULL,'50','2019-02-23 05:54:52.447',NULL,NULL,'1','',NULL), ('2525','1','2519','2519','process:1:8',NULL,NULL,NULL,'sid-82EA51D5-F77F-4A74-95BA-8E5A1BFE9021',NULL,NULL,NULL,'50','2019-02-23 05:55:05.399',NULL,NULL,'1','',NULL), ('5007','1','5001','5001','ThisIsProcessIdentifier:1:2518',NULL,NULL,NULL,'sid-82EA51D5-F77F-4A74-95BA-8E5A1BFE9021',NULL,NULL,NULL,'50','2019-02-23 05:58:00.690',NULL,NULL,'1','',NULL), ('7507','1','7501','7501','ThisIsProcessIdentifier:1:2518',NULL,NULL,NULL,'sid-82EA51D5-F77F-4A74-95BA-8E5A1BFE9021',NULL,NULL,NULL,'50','2019-02-23 06:00:48.507',NULL,NULL,'1','',NULL), ('7514','1','7508','7508','ThisIsProcessIdentifier:1:2518',NULL,NULL,NULL,'sid-82EA51D5-F77F-4A74-95BA-8E5A1BFE9021',NULL,NULL,NULL,'50','2019-02-23 06:01:47.634',NULL,NULL,'1','',NULL), ('7521','1','7515','7515','ThisIsProcessIdentifier:1:2518',NULL,NULL,NULL,'sid-82EA51D5-F77F-4A74-95BA-8E5A1BFE9021',NULL,NULL,NULL,'50','2019-02-23 06:05:02.835',NULL,NULL,'1','',NULL), ('7528','1','7522','7522','ThisIsProcessIdentifier:1:2518',NULL,NULL,NULL,'sid-82EA51D5-F77F-4A74-95BA-8E5A1BFE9021',NULL,NULL,NULL,'50','2019-02-23 06:05:37.718',NULL,NULL,'1','',NULL);
INSERT INTO `act_ru_variable` VALUES ('10004','1','string','userId','10001','10001',NULL,NULL,NULL,NULL,'userId',NULL), ('10005','1','integer','day','10001','10001',NULL,NULL,NULL,'3','3',NULL), ('10011','1','string','userId','10008','10008',NULL,NULL,NULL,NULL,'userId',NULL), ('10012','1','integer','day','10008','10008',NULL,NULL,NULL,'3','3',NULL), ('12504','1','string','userId','12501','12501',NULL,NULL,NULL,NULL,'userId',NULL), ('12505','1','integer','day','12501','12501',NULL,NULL,NULL,'3','3',NULL), ('12511','1','string','userId','12508','12508',NULL,NULL,NULL,NULL,'userId',NULL), ('12512','1','integer','day','12508','12508',NULL,NULL,NULL,'3','3',NULL), ('12518','1','string','userId','12515','12515',NULL,NULL,NULL,NULL,'userId',NULL), ('12519','1','integer','day','12515','12515',NULL,NULL,NULL,'3','3',NULL), ('12525','1','string','userId','12522','12522',NULL,NULL,NULL,NULL,'userId',NULL), ('12526','1','integer','day','12522','12522',NULL,NULL,NULL,'3','3',NULL), ('15004','1','string','userId','15001','15001',NULL,NULL,NULL,NULL,'userId',NULL), ('15005','1','integer','day','15001','15001',NULL,NULL,NULL,'3','3',NULL), ('17504','1','string','userId','17501','17501',NULL,NULL,NULL,NULL,'userId',NULL), ('17505','1','integer','day','17501','17501',NULL,NULL,NULL,'3','3',NULL), ('22564','1','string','userId','22561','22561',NULL,NULL,NULL,NULL,'userId',NULL), ('22565','1','integer','day','22561','22561',NULL,NULL,NULL,'3','3',NULL), ('22572','1','string','userId','22569','22569',NULL,NULL,NULL,NULL,'userId',NULL), ('22573','1','integer','day','22569','22569',NULL,NULL,NULL,'3','3',NULL), ('22580','1','string','userId','22577','22577',NULL,NULL,NULL,NULL,'userId',NULL), ('22581','1','integer','day','22577','22577',NULL,NULL,NULL,'3','3',NULL), ('22588','1','string','userId','22585','22585',NULL,NULL,NULL,NULL,'userId',NULL), ('22589','1','integer','day','22585','22585',NULL,NULL,NULL,'3','3',NULL), ('22596','1','string','userId','22593','22593',NULL,NULL,NULL,NULL,'userId',NULL), ('22597','1','integer','day','22593','22593',NULL,NULL,NULL,'3','3',NULL), ('22604','1','string','userId','22601','22601',NULL,NULL,NULL,NULL,'userId',NULL), ('22605','1','integer','day','22601','22601',NULL,NULL,NULL,'3','3',NULL), ('22612','1','string','userId','22609','22609',NULL,NULL,NULL,NULL,'userId',NULL), ('22613','1','integer','day','22609','22609',NULL,NULL,NULL,'3','3',NULL), ('22620','1','string','userId','22617','22617',NULL,NULL,NULL,NULL,'userId',NULL), ('22621','1','integer','day','22617','22617',NULL,NULL,NULL,'3','3',NULL), ('22628','1','string','userId','22625','22625',NULL,NULL,NULL,NULL,'userId',NULL), ('22629','1','integer','day','22625','22625',NULL,NULL,NULL,'3','3',NULL), ('22636','1','string','userId','22633','22633',NULL,NULL,NULL,NULL,'userId',NULL), ('22637','1','integer','day','22633','22633',NULL,NULL,NULL,'3','3',NULL), ('2504','1','string','userid','2501','2501',NULL,NULL,NULL,NULL,'10010',NULL), ('2505','1','integer','day','2501','2501',NULL,NULL,NULL,'3','3',NULL), ('2511','1','string','userid','2508','2508',NULL,NULL,NULL,NULL,'10010',NULL), ('2512','1','integer','day','2508','2508',NULL,NULL,NULL,'3','3',NULL), ('2522','1','string','userid','2519','2519',NULL,NULL,NULL,NULL,'10010',NULL), ('2523','1','integer','day','2519','2519',NULL,NULL,NULL,'3','3',NULL), ('5004','1','string','userId','5001','5001',NULL,NULL,NULL,NULL,'userId',NULL), ('5005','1','integer','day','5001','5001',NULL,NULL,NULL,'3','3',NULL), ('7504','1','string','userId','7501','7501',NULL,NULL,NULL,NULL,'userId',NULL), ('7505','1','integer','day','7501','7501',NULL,NULL,NULL,'3','3',NULL), ('7511','1','string','userId','7508','7508',NULL,NULL,NULL,NULL,'userId',NULL), ('7512','1','integer','day','7508','7508',NULL,NULL,NULL,'3','3',NULL), ('7518','1','string','userId','7515','7515',NULL,NULL,NULL,NULL,'userId',NULL), ('7519','1','integer','day','7515','7515',NULL,NULL,NULL,'3','3',NULL), ('7525','1','string','userId','7522','7522',NULL,NULL,NULL,NULL,'userId',NULL), ('7526','1','integer','day','7522','7522',NULL,NULL,NULL,'3','3',NULL);
INSERT INTO `t_base_file` VALUES ('01e567a6daa84cd996fdff4a9c790766',NULL,NULL,NULL,NULL,'1551444412459','E:\\papfile\\d87236e960034718a48ce1f57c870c84.jpg','http://git.oschina.net/alexgaoyh',NULL,NULL,NULL,NULL,NULL,'2019-03-01 20:46:53','0.0.0.0',NULL,NULL,NULL,NULL), ('0609cc645fcf4080a7192716044ab231',NULL,NULL,NULL,NULL,'1551444227459','E:\\papfile\\445f7067676c4cf7bb03cb5623a91333.jpg','http://git.oschina.net/alexgaoyh',NULL,NULL,NULL,NULL,NULL,'2019-03-01 20:43:49','0.0.0.0',NULL,NULL,NULL,NULL), ('0b35171ed4a8438bbd138c00385aafdd',NULL,NULL,NULL,NULL,'1551501282841','E:\\papfile\\7c3294fca535472c8b3eef6dd8d1c909.jpg','https://avatar.gitee.com/uploads/61/73661_alexgaoyh.png!avatar100?1415094407',NULL,NULL,NULL,NULL,NULL,'2019-03-02 12:34:44','0.0.0.0',NULL,NULL,NULL,NULL), ('0edd79302f2641d2889cac344fa5f887',NULL,NULL,NULL,NULL,'1551444093216','E:\\papfile\\9014eceb2a7d48449b1eb707f4e289d7.jpg','http://git.oschina.net/alexgaoyh',NULL,NULL,NULL,NULL,NULL,'2019-03-01 20:41:34','0.0.0.0',NULL,NULL,NULL,NULL), ('102b634df9144aa1bef1100b986e1f00',NULL,NULL,NULL,NULL,'1551497443600','E:\\papfile\\28a0e37a62e84641b5aeea39150a12e1.jpg','http://git.oschina.net/alexgaoyh',NULL,NULL,NULL,NULL,NULL,'2019-03-02 11:30:45','0.0.0.0',NULL,NULL,NULL,NULL), ('13a94a3bab1f44f99de3c3cb7ec79b01',NULL,NULL,NULL,NULL,'1551498553634','E:\\papfile\\3a9a5b2a014b4b238e9a86ba4fcadada.jpg','http://git.oschina.net/alexgaoyh',NULL,NULL,NULL,NULL,NULL,'2019-03-02 11:49:15','0.0.0.0',NULL,NULL,NULL,NULL), ('14b2f83def794e258f027b6a716fbf1e',NULL,NULL,NULL,NULL,'1551500571313','E:\\papfile\\608816aee7af44aa9c734ab50075035c.jpg','https://avatar.gitee.com/uploads/61/73661_alexgaoyh.png!avatar100?1415094407',NULL,NULL,NULL,NULL,NULL,'2019-03-02 12:22:55','0.0.0.0',NULL,NULL,NULL,NULL), ('1d1e881d77dc4959b9886c8c715c13c4',NULL,NULL,NULL,NULL,'1551444091808','E:\\papfile\\303da7a1e6f8488685720cb743dcd0bf.jpg','http://git.oschina.net/alexgaoyh',NULL,NULL,NULL,NULL,NULL,'2019-03-01 20:41:33','0.0.0.0',NULL,NULL,NULL,NULL), ('1e21f4a143d94177959d1c1534290486',NULL,NULL,NULL,NULL,'1551500437044','E:\\papfile\\cfc02e5e23b54a3cbe2835d0ca9378f6.jpg','http://git.oschina.net/alexgaoyh',NULL,NULL,NULL,NULL,NULL,'2019-03-02 12:20:49','0.0.0.0',NULL,NULL,NULL,NULL), ('2090f140a51d467b8f9ade3f209e1d19',NULL,NULL,NULL,NULL,'1551497220444','E:\\papfile\\82e320ee07f349a390f694053b0cda47.jpg','http://git.oschina.net/alexgaoyh',NULL,NULL,NULL,NULL,NULL,'2019-03-02 11:27:02','0.0.0.0',NULL,NULL,NULL,NULL), ('20aa6ac2f6d849e596c6b3013f3bcffa',NULL,NULL,NULL,NULL,'1551442838137','E:\\papfile\\e2e4a2093bac4c48875aea8837c7cd6b.jpg','http://git.oschina.net/alexgaoyh',NULL,NULL,NULL,NULL,NULL,'2019-03-01 20:20:40','0.0.0.0',NULL,NULL,NULL,NULL), ('25693a5527454870ba2237579edcfe2f',NULL,NULL,NULL,NULL,'1551501047723','E:\\papfile\\69e8fad7cbe0471e85fd987584c54490.jpg','https://avatar.gitee.com/uploads/61/73661_alexgaoyh.png!avatar100?1415094407',NULL,NULL,NULL,NULL,NULL,'2019-03-02 12:30:50','0.0.0.0',NULL,NULL,NULL,NULL), ('288fd2738df24f698c5e65b8e5f65a1a',NULL,NULL,NULL,NULL,'1551497181422','E:\\papfile\\bccfb2ef903042179d780cf277678153.jpg','http://git.oschina.net/alexgaoyh',NULL,NULL,NULL,NULL,NULL,'2019-03-02 11:26:23','0.0.0.0',NULL,NULL,NULL,NULL), ('2c4f51e5a7d54ae1877b705db899ea6e',NULL,NULL,NULL,NULL,'1551501140759','E:\\papfile\\0090392f29e0402fa5f102523ea80842.jpg','https://avatar.gitee.com/uploads/61/73661_alexgaoyh.png!avatar100?1415094407',NULL,NULL,NULL,NULL,NULL,'2019-03-02 12:32:22','0.0.0.0',NULL,NULL,NULL,NULL), ('333fea45dfd1419f91e0af55a11fd7bd',NULL,NULL,NULL,NULL,'1551500045901','E:\\papfile\\ae91e2884d8b4e3ca8174fc2c6ef4bd6.jpg','http://git.oschina.net/alexgaoyh',NULL,NULL,NULL,NULL,NULL,'2019-03-02 12:15:05','0.0.0.0',NULL,NULL,NULL,NULL), ('388b1102bf3e4c739765ea225d451594',NULL,NULL,NULL,NULL,'1551497367442','E:\\papfile\\04d5fb546cc0424b9e8ca5e52f2b6208.jpg','http://git.oschina.net/alexgaoyh',NULL,NULL,NULL,NULL,NULL,'2019-03-02 11:29:29','0.0.0.0',NULL,NULL,NULL,NULL), ('3d852dd6c50d41a78f5825c07df7b56e',NULL,NULL,NULL,NULL,'1551444229338','E:\\papfile\\a8fe6a501c564cdc984cf7d2dd925309.jpg','http://git.oschina.net/alexgaoyh',NULL,NULL,NULL,NULL,NULL,'2019-03-01 20:43:50','0.0.0.0',NULL,NULL,NULL,NULL), ('3e277776cf0c4b29a7099fe2ca04542c',NULL,NULL,NULL,NULL,'1551497653646','E:\\papfile\\553bc399f24c43a781aeffa96aa7d9b9.jpg','http://git.oschina.net/alexgaoyh',NULL,NULL,NULL,NULL,NULL,'2019-03-02 11:34:16','0.0.0.0',NULL,NULL,NULL,NULL), ('438501e978774567a31b6e83649d8e90',NULL,NULL,NULL,NULL,'1551497369177','E:\\papfile\\c3bc7d2a238a468c90d28f29a4bd1862.jpg','http://git.oschina.net/alexgaoyh',NULL,NULL,NULL,NULL,NULL,'2019-03-02 11:29:30','0.0.0.0',NULL,NULL,NULL,NULL), ('43bb0fca4a6d429cb545a5929bd4d8a5',NULL,NULL,NULL,NULL,'1551500575185','E:\\papfile\\4bab24363f56465095eab1c09e219645.jpg','https://avatar.gitee.com/uploads/61/73661_alexgaoyh.png!avatar100?1415094407',NULL,NULL,NULL,NULL,NULL,'2019-03-02 12:22:58','0.0.0.0',NULL,NULL,NULL,NULL), ('4812fec863fe4c469d771a65e488c77e',NULL,NULL,NULL,NULL,'1551501978512','E:\\papfile\\431bafffdf31460a8d8c5c9ded6798ea.jpg','https://avatar.gitee.com/uploads/61/73661_alexgaoyh.png!avatar100?1415094407',NULL,NULL,NULL,NULL,NULL,'2019-03-02 12:46:20','0.0.0.0',NULL,NULL,NULL,NULL), ('4d7c24ec5f654be399392e3d89bdc73a',NULL,NULL,NULL,NULL,'1551497268130','E:\\papfile\\4204107d6b94412e9ff03f018a5fc84f.jpg','http://git.oschina.net/alexgaoyh',NULL,NULL,NULL,NULL,NULL,'2019-03-02 11:27:49','0.0.0.0',NULL,NULL,NULL,NULL), ('50056b0df95846f39cd2c53c8d3d0a48',NULL,NULL,NULL,NULL,'1551500209165','E:\\papfile\\5155f2e11b9940478e4f24cd4eeeefe0.jpg','http://git.oschina.net/alexgaoyh',NULL,NULL,NULL,NULL,NULL,'2019-03-02 12:16:51','0.0.0.0',NULL,NULL,NULL,NULL), ('5159a7376ae444a5941a1fb08f38aafb',NULL,NULL,NULL,NULL,'1551500045901','E:\\papfile\\4c85be35bc644d959100daea22a3f972.jpg','http://git.oschina.net/alexgaoyh',NULL,NULL,NULL,NULL,NULL,'2019-03-02 12:14:48','0.0.0.0',NULL,NULL,NULL,NULL), ('55226b13600f40a2a75b2ac53eee1e27',NULL,NULL,NULL,NULL,'1551498058983','E:\\papfile\\0869a44c10ec411dbbdf9dd5396588c7.jpg','http://git.oschina.net/alexgaoyh',NULL,NULL,NULL,NULL,NULL,'2019-03-02 11:41:00','0.0.0.0',NULL,NULL,NULL,NULL), ('580fde9bccf7429fb15bbf64d70f928f',NULL,NULL,NULL,NULL,'1551500164925','E:\\papfile\\b30f8ab16c7f49288ba9f2bc0c3ae0ad.jpg','http://git.oschina.net/alexgaoyh',NULL,NULL,NULL,NULL,NULL,'2019-03-02 12:16:06','0.0.0.0',NULL,NULL,NULL,NULL), ('5a122c6438ff4686967f971c40277290',NULL,NULL,NULL,NULL,'1551498400026','E:\\papfile\\873ecd40129b4b7d87f5f77c893e12f6.jpg','http://git.oschina.net/alexgaoyh',NULL,NULL,NULL,NULL,NULL,'2019-03-02 11:46:41','0.0.0.0',NULL,NULL,NULL,NULL), ('5a65eebc59424a7594862eb504d53a64',NULL,NULL,NULL,NULL,'1551497370568','E:\\papfile\\92205cfa020046948d83f3028319c5e4.jpg','http://git.oschina.net/alexgaoyh',NULL,NULL,NULL,NULL,NULL,'2019-03-02 11:29:32','0.0.0.0',NULL,NULL,NULL,NULL), ('5a72dedbc4f64cfd8e95669ad6cfc6cd',NULL,NULL,NULL,NULL,'1551444175514','E:\\papfile\\8f527888013d492fb6be88488ff05876.jpg','http://git.oschina.net/alexgaoyh',NULL,NULL,NULL,NULL,NULL,'2019-03-01 20:42:57','0.0.0.0',NULL,NULL,NULL,NULL), ('5acc23c9c1964c66bfd055348b0beb6f',NULL,NULL,NULL,NULL,'1551444413875','E:\\papfile\\3c3eb3bf61224b75890cd6c2bc51a076.jpg','http://git.oschina.net/alexgaoyh',NULL,NULL,NULL,NULL,NULL,'2019-03-01 20:46:55','0.0.0.0',NULL,NULL,NULL,NULL), ('62ef807bdd624159b48f481491b35246',NULL,NULL,NULL,NULL,'1551498025951','E:\\papfile\\e7e15b04ef0b42deb227c7ea73512dbe.jpg','http://git.oschina.net/alexgaoyh',NULL,NULL,NULL,NULL,NULL,'2019-03-02 11:40:29','0.0.0.0',NULL,NULL,NULL,NULL), ('63769848010e4619b49ce11f2db556cb',NULL,NULL,NULL,NULL,'1551497445439','E:\\papfile\\105c2710ad604ca398b90b4ffbee1f4c.jpg','http://git.oschina.net/alexgaoyh',NULL,NULL,NULL,NULL,NULL,'2019-03-02 11:30:46','0.0.0.0',NULL,NULL,NULL,NULL), ('640015d74cdb400a92da68622677e071',NULL,NULL,NULL,NULL,'1551497183733','E:\\papfile\\7f46b876f8f14356a7f30d28a700360c.jpg','http://git.oschina.net/alexgaoyh',NULL,NULL,NULL,NULL,NULL,'2019-03-02 11:26:27','0.0.0.0',NULL,NULL,NULL,NULL), ('6495637085ee423a917047e8340d7e3b',NULL,NULL,NULL,NULL,'1551498551990','E:\\papfile\\8b083a7efa884c32815c2aa14088a6cf.jpg','http://git.oschina.net/alexgaoyh',NULL,NULL,NULL,NULL,NULL,'2019-03-02 11:49:13','0.0.0.0',NULL,NULL,NULL,NULL), ('675782f1050a422b8efbdd4e6ac964d4',NULL,NULL,NULL,NULL,'1551444356363','E:\\papfile\\e227f60d0c074f218f78c6e7413a1e1f.jpg','http://git.oschina.net/alexgaoyh',NULL,NULL,NULL,NULL,NULL,'2019-03-01 20:45:58','0.0.0.0',NULL,NULL,NULL,NULL), ('6de876ea0c644c7da0af47c2bfad76a5',NULL,NULL,NULL,NULL,'1551497269603','E:\\papfile\\53cc9d372c154d099b7c567c548f33db.jpg','http://git.oschina.net/alexgaoyh',NULL,NULL,NULL,NULL,NULL,'2019-03-02 11:27:51','0.0.0.0',NULL,NULL,NULL,NULL), ('6f600d5d4e784e329f495434fd7e6c89',NULL,NULL,NULL,NULL,'1551444358093','E:\\papfile\\903fcd34c2b043d1ac1215751e4bbc73.jpg','http://git.oschina.net/alexgaoyh',NULL,NULL,NULL,NULL,NULL,'2019-03-01 20:45:59','0.0.0.0',NULL,NULL,NULL,NULL), ('6f90de22f4cc4f9d8032790ba416499e',NULL,NULL,NULL,NULL,'1551497656142','E:\\papfile\\bc70bb1cc1c640649a55140fee5079fb.jpg','http://git.oschina.net/alexgaoyh',NULL,NULL,NULL,NULL,NULL,'2019-03-02 11:34:17','0.0.0.0',NULL,NULL,NULL,NULL), ('73a6507421aa4ab59502182cfd218d59',NULL,NULL,NULL,NULL,'1551498401751','E:\\papfile\\4246cff94a4947cbb7f557bc71e06147.jpg','http://git.oschina.net/alexgaoyh',NULL,NULL,NULL,NULL,NULL,'2019-03-02 11:46:43','0.0.0.0',NULL,NULL,NULL,NULL), ('742b1a798a8843fb80d5f582845324c1',NULL,NULL,NULL,NULL,'1551501309469','E:\\papfile\\e0ef681eefc3439cbfe8bb2a01ea0971.jpg','https://avatar.gitee.com/uploads/61/73661_alexgaoyh.png!avatar100?1415094407',NULL,NULL,NULL,NULL,NULL,'2019-03-02 12:35:11','0.0.0.0',NULL,NULL,NULL,NULL), ('743aafeb1bb443369930c2e707577059',NULL,NULL,NULL,NULL,'1551501284895','E:\\papfile\\404994d8b264456cbce8c39bcfd3e453.jpg','https://avatar.gitee.com/uploads/61/73661_alexgaoyh.png!avatar100?1415094407',NULL,NULL,NULL,NULL,NULL,'2019-03-02 12:34:47','0.0.0.0',NULL,NULL,NULL,NULL), ('76271fcee4c448f5929f55e4b6b10853',NULL,NULL,NULL,NULL,'1551496979975','E:\\papfile\\51a10504c73847a69bd9fab14f312571.jpg','http://git.oschina.net/alexgaoyh',NULL,NULL,NULL,NULL,NULL,'2019-03-02 11:23:53','0.0.0.0',NULL,NULL,NULL,NULL), ('78e0592dc6f14fdda8230b5114c154f7',NULL,NULL,NULL,NULL,'1551500649941','E:\\papfile\\8552ba7c8dcf4bc1b045ca300df6bb68.jpg','https://avatar.gitee.com/uploads/61/73661_alexgaoyh.png!avatar100?1415094407',NULL,NULL,NULL,NULL,NULL,'2019-03-02 12:24:11','0.0.0.0',NULL,NULL,NULL,NULL), ('7a525755a7a54a9c99c969ed2da71925',NULL,NULL,NULL,NULL,'1551444410810','E:\\papfile\\9fb23013e3b1476ebba5cc11b769face.jpg','http://git.oschina.net/alexgaoyh',NULL,NULL,NULL,NULL,NULL,'2019-03-01 20:46:52','0.0.0.0',NULL,NULL,NULL,NULL), ('7a95506a603e4adcadaee23e3d1f0361',NULL,NULL,NULL,NULL,'1551444230985','E:\\papfile\\72d154f3acdb4a33ad7f44b2bbfeacae.jpg','http://git.oschina.net/alexgaoyh',NULL,NULL,NULL,NULL,NULL,'2019-03-01 20:43:52','0.0.0.0',NULL,NULL,NULL,NULL), ('7df3ec0ab39a490488c5f83bf3f9b54f',NULL,NULL,NULL,NULL,'1551497265913','E:\\papfile\\682295571a0f4b7bb09d25b91cf5ac26.jpg','http://git.oschina.net/alexgaoyh',NULL,NULL,NULL,NULL,NULL,'2019-03-02 11:27:48','0.0.0.0',NULL,NULL,NULL,NULL), ('86b9a4e5ad884733a54af4d0307175d5',NULL,NULL,NULL,NULL,'1551500568496','E:\\papfile\\0e5969e94dfb4cdc897abc95e3deca2b.jpg','https://avatar.gitee.com/uploads/61/73661_alexgaoyh.png!avatar100?1415094407',NULL,NULL,NULL,NULL,NULL,'2019-03-02 12:22:51','0.0.0.0',NULL,NULL,NULL,NULL), ('8d3e900f0fa54729aadc669cf37a379d',NULL,NULL,NULL,NULL,'1551498062000','E:\\papfile\\2470a7d732384cccb3b4f455130446b5.jpg','http://git.oschina.net/alexgaoyh',NULL,NULL,NULL,NULL,NULL,'2019-03-02 11:41:03','0.0.0.0',NULL,NULL,NULL,NULL), ('9204710cc5d14c8984d08d823981c677',NULL,NULL,NULL,NULL,'1551500349206','E:\\papfile\\e0e44365717e4a31a08a6a68391eb202.jpg','http://git.oschina.net/alexgaoyh',NULL,NULL,NULL,NULL,NULL,'2019-03-02 12:19:12','0.0.0.0',NULL,NULL,NULL,NULL), ('967630d3df764e91afe8d3312a228254',NULL,NULL,NULL,NULL,'1551444215407','E:\\papfile\\5bb8ea05da9941bcb80ca686a438c8be.jpg','http://git.oschina.net/alexgaoyh',NULL,NULL,NULL,NULL,NULL,'2019-03-01 20:43:37','0.0.0.0',NULL,NULL,NULL,NULL), ('992db55b07434eeb885898c3d128bbd8',NULL,NULL,NULL,NULL,'1551501045701','E:\\papfile\\3f50518a8173413c93c3cd769445c163.jpg','https://avatar.gitee.com/uploads/61/73661_alexgaoyh.png!avatar100?1415094407',NULL,NULL,NULL,NULL,NULL,'2019-03-02 12:30:47','0.0.0.0',NULL,NULL,NULL,NULL), ('99dcf1b8e7314a9c8aad6d82b77ef19e',NULL,NULL,NULL,NULL,'1551497224268','E:\\papfile\\7e5e2c09a50a4db1b8c1bc98959ea1af.jpg','http://git.oschina.net/alexgaoyh',NULL,NULL,NULL,NULL,NULL,'2019-03-02 11:27:06','0.0.0.0',NULL,NULL,NULL,NULL), ('9bc36f79627a404aaf7486726aa9df91',NULL,NULL,NULL,NULL,'1551502105051','E:\\papfile\\02f994513cb941febbbb97bdef1f1239.jpg','https://avatar.gitee.com/uploads/61/73661_alexgaoyh.png!avatar100?1415094407',NULL,NULL,NULL,NULL,NULL,'2019-03-02 12:48:26','0.0.0.0',NULL,NULL,NULL,NULL), ('9be21c1f52884f43971fda3d60092a53',NULL,NULL,NULL,NULL,'1551497404298','E:\\papfile\\de7ac8ee7bdd43e8aba093b43958bbff.jpg','http://git.oschina.net/alexgaoyh',NULL,NULL,NULL,NULL,NULL,'2019-03-02 11:30:06','0.0.0.0',NULL,NULL,NULL,NULL), ('9d3acb6ffc914128bafcfd43ac1a33fb',NULL,NULL,NULL,NULL,'1551442838137','E:\\papfile\\0265b18ea9ee4b9cade3d639a5d7eb3a.jpg','http://git.oschina.net/alexgaoyh',NULL,NULL,NULL,NULL,NULL,'2019-03-01 20:20:45','0.0.0.0',NULL,NULL,NULL,NULL), ('9e01123ba6f04c88b5d859757f5ac348',NULL,NULL,NULL,NULL,'1551498060448','E:\\papfile\\e9e1253ee3484be8aa1893be48431b2b.jpg','http://git.oschina.net/alexgaoyh',NULL,NULL,NULL,NULL,NULL,'2019-03-02 11:41:01','0.0.0.0',NULL,NULL,NULL,NULL), ('a376a0c0c9604571ae840a16cb64a72a',NULL,NULL,NULL,NULL,'1551497187263','E:\\papfile\\6c03682c7b3b428a8703959dd2b1ec5a.jpg','http://git.oschina.net/alexgaoyh',NULL,NULL,NULL,NULL,NULL,'2019-03-02 11:26:29','0.0.0.0',NULL,NULL,NULL,NULL), ('a390022eddf94dc688e9f0d15da61130',NULL,NULL,NULL,NULL,'1551498505379','E:\\papfile\\f70709f4414f4d81a47b54eac224581b.jpg','http://git.oschina.net/alexgaoyh',NULL,NULL,NULL,NULL,NULL,'2019-03-02 11:48:26','0.0.0.0',NULL,NULL,NULL,NULL), ('a745f30e97a346acb3368ad8f0ea6d45',NULL,NULL,NULL,NULL,'1551502113886','E:\\papfile\\79ab7d89e39249d486c9e0c12a827114.jpg','https://avatar.gitee.com/uploads/61/73661_alexgaoyh.png!avatar100?1415094407',NULL,NULL,NULL,NULL,NULL,'2019-03-02 12:48:35','0.0.0.0',NULL,NULL,NULL,NULL), ('a78913dc906242989495498cfea8e2af',NULL,NULL,NULL,NULL,'1551501142173','E:\\papfile\\12cf0fc2ec6f406487558b218a2c925e.jpg','https://avatar.gitee.com/uploads/61/73661_alexgaoyh.png!avatar100?1415094407',NULL,NULL,NULL,NULL,NULL,'2019-03-02 12:32:24','0.0.0.0',NULL,NULL,NULL,NULL), ('ab677e72d85c4872ace8b858125f26fe',NULL,NULL,NULL,NULL,'1551443895055','E:\\papfile\\cdab51bd2e8c4276878388e5799290e3.jpg','http://git.oschina.net/alexgaoyh',NULL,NULL,NULL,NULL,NULL,'2019-03-01 20:38:20','0.0.0.0',NULL,NULL,NULL,NULL), ('ab820d5dc2ba42c491f35ea7d529ca76',NULL,NULL,NULL,NULL,'1551500655734','E:\\papfile\\d5c92ab3a3344ae4ac10c57d29a11058.jpg','https://avatar.gitee.com/uploads/61/73661_alexgaoyh.png!avatar100?1415094407',NULL,NULL,NULL,NULL,NULL,'2019-03-02 12:24:17','0.0.0.0',NULL,NULL,NULL,NULL), ('b52459e71f4546f08972d49c865ffb82',NULL,NULL,NULL,NULL,'1551442838137','E:\\papfile\\4e4cffc5d49641e8922af993cc4b64a7.jpg','http://git.oschina.net/alexgaoyh',NULL,NULL,NULL,NULL,NULL,'2019-03-01 20:20:43','0.0.0.0',NULL,NULL,NULL,NULL), ('b53faa93ac3c4e8b81d1bb8181a6f96a',NULL,NULL,NULL,NULL,'1551444359924','E:\\papfile\\047dccce4add4b3d9898e6d54b1aac3c.jpg','http://git.oschina.net/alexgaoyh',NULL,NULL,NULL,NULL,NULL,'2019-03-01 20:46:01','0.0.0.0',NULL,NULL,NULL,NULL), ('b5e9c67330e64ac5a8bea1beb2a90a38',NULL,NULL,NULL,NULL,NULL,'E:\\papfile\\80c5da123fce4397bb87b7af7f3248a5.jpg','http://git.oschina.net/alexgaoyh',NULL,NULL,NULL,NULL,NULL,'2019-03-01 20:18:37','0.0.0.0',NULL,NULL,NULL,NULL), ('b9e07930018f482d8f5e1f84638383c3',NULL,NULL,NULL,NULL,'1551500435039','E:\\papfile\\bc04b33ab10044a19ed807a3f71b000c.jpg','http://git.oschina.net/alexgaoyh',NULL,NULL,NULL,NULL,NULL,'2019-03-02 12:20:36','0.0.0.0',NULL,NULL,NULL,NULL), ('bd9e438764854c7ba325ef7399166ad7',NULL,NULL,NULL,NULL,'1551443895055','E:\\papfile\\9f300c3c53594eedb8892b8a9b7d21f3.jpg','http://git.oschina.net/alexgaoyh',NULL,NULL,NULL,NULL,NULL,'2019-03-01 20:38:18','0.0.0.0',NULL,NULL,NULL,NULL), ('c2f7655b39a24567a3c8acb31949c91c',NULL,NULL,NULL,NULL,'1551500211301','E:\\papfile\\55f9d51b20c948a69a23da9c18900259.jpg','http://git.oschina.net/alexgaoyh',NULL,NULL,NULL,NULL,NULL,'2019-03-02 12:16:53','0.0.0.0',NULL,NULL,NULL,NULL), ('c3dac491814b402eb3afbdc9086855e4',NULL,NULL,NULL,NULL,'1551444202464','E:\\papfile\\1358a921ea344358b9ac54b41be03de5.jpg','http://git.oschina.net/alexgaoyh',NULL,NULL,NULL,NULL,NULL,'2019-03-01 20:43:24','0.0.0.0',NULL,NULL,NULL,NULL), ('c604ca5fc0c54b2883403e0b666ad12e',NULL,NULL,NULL,NULL,'1551497034265','E:\\papfile\\11664580cd1144759c74702a0116a4a0.jpg','http://git.oschina.net/alexgaoyh',NULL,NULL,NULL,NULL,NULL,'2019-03-02 11:23:55','0.0.0.0',NULL,NULL,NULL,NULL), ('cabca3fef4724619aa5fd9406270af4e',NULL,NULL,NULL,NULL,'1551500163212','E:\\papfile\\043e976c28b441028ba61295462d717e.jpg','http://git.oschina.net/alexgaoyh',NULL,NULL,NULL,NULL,NULL,'2019-03-02 12:16:04','0.0.0.0',NULL,NULL,NULL,NULL), ('cf48f5c660894814b2cdd777ca06665c',NULL,NULL,NULL,NULL,'1551498507025','E:\\papfile\\b45bf491b8ee4abba9f17b5ad1df4c0c.jpg','http://git.oschina.net/alexgaoyh',NULL,NULL,NULL,NULL,NULL,'2019-03-02 11:48:28','0.0.0.0',NULL,NULL,NULL,NULL), ('d4eca621181248d280e4bf17babe4f29',NULL,NULL,NULL,NULL,'1551444173299','E:\\papfile\\00e988de4acb4035b0093439f1d239dd.jpg','http://git.oschina.net/alexgaoyh',NULL,NULL,NULL,NULL,NULL,'2019-03-01 20:42:55','0.0.0.0',NULL,NULL,NULL,NULL), ('d911a973d52f4911a2de13a2160175f7',NULL,NULL,NULL,NULL,'1551497222784','E:\\papfile\\c9b1be2781444070aea3539e2cb099ed.jpg','http://git.oschina.net/alexgaoyh',NULL,NULL,NULL,NULL,NULL,'2019-03-02 11:27:04','0.0.0.0',NULL,NULL,NULL,NULL), ('d98a430ae5d142768d5c850309c6fa6a',NULL,NULL,NULL,NULL,'1551501980837','E:\\papfile\\74c4f1a7bb924c7881067f25e028dc58.jpg','https://avatar.gitee.com/uploads/61/73661_alexgaoyh.png!avatar100?1415094407',NULL,NULL,NULL,NULL,NULL,'2019-03-02 12:46:21','0.0.0.0',NULL,NULL,NULL,NULL), ('dae2fe963bb14efebebf3f478c2405e4',NULL,NULL,NULL,NULL,'1551498687430','E:\\papfile\\26f40bd6a72147d6b7a491425ae1a3db.jpg','http://git.oschina.net/alexgaoyh',NULL,NULL,NULL,NULL,NULL,'2019-03-02 11:51:29','0.0.0.0',NULL,NULL,NULL,NULL), ('dc6f203a1dd94c79b183ef0253151a46',NULL,NULL,NULL,NULL,'1551498670148','E:\\papfile\\949149e5b9814949b4ec82f1d9e19abb.jpg','http://git.oschina.net/alexgaoyh',NULL,NULL,NULL,NULL,NULL,'2019-03-02 11:51:12','0.0.0.0',NULL,NULL,NULL,NULL), ('e01e94785e80436aab90a3e82308d8a2',NULL,NULL,NULL,NULL,'1551498025951','E:\\papfile\\18bb21f763574d30b0a0a9109497bdec.jpg','http://git.oschina.net/alexgaoyh',NULL,NULL,NULL,NULL,NULL,'2019-03-02 11:40:27','0.0.0.0',NULL,NULL,NULL,NULL), ('e1187bd110454e70ae26ecad2e0e318c',NULL,NULL,NULL,NULL,'1551500045901','E:\\papfile\\2afc8bfe08854734b1d82324361c93a2.jpg','http://git.oschina.net/alexgaoyh',NULL,NULL,NULL,NULL,NULL,'2019-03-02 12:14:36','0.0.0.0',NULL,NULL,NULL,NULL), ('e396370b1b374735bcbb4d2c864b44e8',NULL,NULL,NULL,NULL,'1551497402344','E:\\papfile\\f6e00f006e4049d482877f259fcb7cda.jpg','http://git.oschina.net/alexgaoyh',NULL,NULL,NULL,NULL,NULL,'2019-03-02 11:30:04','0.0.0.0',NULL,NULL,NULL,NULL), ('e41a5ada8eff41d1afd8f4327c9a106e',NULL,NULL,NULL,NULL,'1551443895055','E:\\papfile\\072689de5ace4b0eb143325d48ce2cfe.jpg','http://git.oschina.net/alexgaoyh',NULL,NULL,NULL,NULL,NULL,'2019-03-01 20:38:16','0.0.0.0',NULL,NULL,NULL,NULL), ('e6ebc776bf8b41c280427c993798b393',NULL,NULL,NULL,NULL,'1551498666887','E:\\papfile\\7795ae178ab7489d953f709c65915667.jpg','http://git.oschina.net/alexgaoyh',NULL,NULL,NULL,NULL,NULL,'2019-03-02 11:51:08','0.0.0.0',NULL,NULL,NULL,NULL), ('e8a68642061e40fbb5d7afe9feb4d768',NULL,NULL,NULL,NULL,'1551444090061','E:\\papfile\\15875593929c4093a87b27e181d02898.jpg','http://git.oschina.net/alexgaoyh',NULL,NULL,NULL,NULL,NULL,'2019-03-01 20:41:31','0.0.0.0',NULL,NULL,NULL,NULL), ('eaa845a7db3e4384b94b281660472120',NULL,NULL,NULL,NULL,'1551501981825','E:\\papfile\\c93fdb3986304240bf8dd0f2a70fce06.jpg','https://avatar.gitee.com/uploads/61/73661_alexgaoyh.png!avatar100?1415094407',NULL,NULL,NULL,NULL,NULL,'2019-03-02 12:46:23','0.0.0.0',NULL,NULL,NULL,NULL), ('ef38ba115a7d4409a6455fe0ed141948',NULL,NULL,NULL,NULL,'1551501172375','E:\\papfile\\237443b1aea94c508e2edfd6f09d9650.jpg','https://avatar.gitee.com/uploads/61/73661_alexgaoyh.png!avatar100?1415094407',NULL,NULL,NULL,NULL,NULL,'2019-03-02 12:32:54','0.0.0.0',NULL,NULL,NULL,NULL), ('f1a0f571d4d24bf890ef58dfbf53c620',NULL,NULL,NULL,NULL,'1551500651353','E:\\papfile\\2987ca7664114687838dd4d0691f1000.jpg','https://avatar.gitee.com/uploads/61/73661_alexgaoyh.png!avatar100?1415094407',NULL,NULL,NULL,NULL,NULL,'2019-03-02 12:24:13','0.0.0.0',NULL,NULL,NULL,NULL);
INSERT INTO `t_car_info` VALUES ('1097035962992558080','11','11','-1',NULL,NULL,NULL,NULL,NULL,NULL,NULL,NULL,NULL,'1',NULL,NULL,NULL,'pap','2019-02-17 15:32:10',NULL,'pap','2019-02-17 15:32:36',NULL,'pap'), ('1097035986438717440','222','222','1097036039249199104','1097036039249199104','22','22',NULL,NULL,NULL,NULL,NULL,NULL,'2',NULL,NULL,NULL,'pap','2019-02-17 15:32:15',NULL,'pap','2019-02-17 15:32:52',NULL,'pap'), ('1097036039249199104','22','22','-1',NULL,NULL,NULL,NULL,NULL,NULL,NULL,NULL,NULL,'1',NULL,NULL,NULL,'pap','2019-02-17 15:32:28',NULL,'pap','2019-02-17 15:32:32',NULL,'pap'), ('1097037996986728448','2222','2222','1097035986438717440','1097036039249199104,1097035986438717440','22,222','22,222',NULL,NULL,NULL,NULL,NULL,NULL,'4',NULL,NULL,NULL,'pap','2019-02-17 15:40:15',NULL,'pap','2019-02-17 15:42:04',NULL,'pap'), ('1097038159771860992','111','111','1097035962992558080','1097035962992558080','11','11',NULL,NULL,NULL,NULL,NULL,NULL,'2',NULL,NULL,NULL,'pap','2019-02-17 15:40:53',NULL,NULL,NULL,NULL,'pap'), ('1097038405352554496','1111','1111','1097038159771860992','1097035962992558080,1097038159771860992','11,111','11,111',NULL,NULL,NULL,NULL,NULL,NULL,'4',NULL,NULL,NULL,'pap','2019-02-17 15:41:52',NULL,NULL,NULL,NULL,'pap'), ('1097039720791146496','22222a','22222a','1097038405352554496','1097035962992558080,1097038159771860992,1097038405352554496','11,111,1111','11,111,1111','22222a','22222a','22222a','22222a','22222a',NULL,'8',NULL,NULL,NULL,'pap','2019-02-17 15:47:06',NULL,'pap','2019-02-17 15:53:28',NULL,'pap'), ('1097039812516380672','11111a','11111a','1097037996986728448','1097036039249199104,1097035986438717440,1097037996986728448','22,222,2222','22,222,2222','11111a','11111a','11111a','11111a','11111a',NULL,'8',NULL,NULL,NULL,'pap','2019-02-17 15:47:27',NULL,'pap','2019-02-17 15:53:19',NULL,'pap'), ('1097040885964603392','a1212','a1212','1097037996986728448','1097036039249199104,1097035986438717440,1097037996986728448','22,222,2222','22,222,2222','a1212','a1212','a1212','a1212','a1212',NULL,'8',NULL,NULL,NULL,'pap','2019-02-17 15:51:43',NULL,'pap','2019-02-17 15:53:03',NULL,'pap');
INSERT INTO `t_data_area` VALUES ('100000','中国','','0',NULL,NULL,NULL,NULL,NULL,NULL,'-1'), ('110000','北京市','100000','1',NULL,NULL,NULL,NULL,NULL,NULL,'-1'), ('110100','市辖区','110000','2',NULL,NULL,NULL,NULL,NULL,NULL,'-1'), ('110101','东城区','110100','3',NULL,NULL,NULL,NULL,NULL,NULL,'-1'), ('110102','西城区','110100','3',NULL,NULL,NULL,NULL,NULL,NULL,'-1'), ('110105','朝阳区','110100','3',NULL,NULL,NULL,NULL,NULL,NULL,'-1'), ('110106','丰台区','110100','3',NULL,NULL,NULL,NULL,NULL,NULL,'-1'), ('110107','石景山区','110100','3',NULL,NULL,NULL,NULL,NULL,NULL,'-1'), ('110108','海淀区','110100','3',NULL,NULL,NULL,NULL,NULL,NULL,'-1'), ('110109','门头沟区','110100','3',NULL,NULL,NULL,NULL,NULL,NULL,'-1'), ('110111','房山区','110100','3',NULL,NULL,NULL,NULL,NULL,NULL,'-1'), ('110112','通州区','110100','3',NULL,NULL,NULL,NULL,NULL,NULL,'-1'), ('110113','顺义区','110100','3',NULL,NULL,NULL,NULL,NULL,NULL,'-1'), ('110114','昌平区','110100','3',NULL,NULL,NULL,NULL,NULL,NULL,'-1'), ('110115','大兴区','110100','3',NULL,NULL,NULL,NULL,NULL,NULL,'-1'), ('110116','怀柔区','110100','3',NULL,NULL,NULL,NULL,NULL,NULL,'-1'), ('110117','平谷区','110100','3',NULL,NULL,NULL,NULL,NULL,NULL,'-1'), ('110200','县','110000','2',NULL,NULL,NULL,NULL,NULL,NULL,'-1'), ('110228','密云县','110200','3',NULL,NULL,NULL,NULL,NULL,NULL,'-1'), ('110229','延庆县','110200','3',NULL,NULL,NULL,NULL,NULL,NULL,'-1'), ('120000','天津市','100000','1',NULL,NULL,NULL,NULL,NULL,NULL,'-1'), ('120100','市辖区','120000','2',NULL,NULL,NULL,NULL,NULL,NULL,'-1'), ('120101','和平区','120100','3',NULL,NULL,NULL,NULL,NULL,NULL,'-1'), ('120102','河东区','120100','3',NULL,NULL,NULL,NULL,NULL,NULL,'-1'), ('120103','河西区','120100','3',NULL,NULL,NULL,NULL,NULL,NULL,'-1'), ('120104','南开区','120100','3',NULL,NULL,NULL,NULL,NULL,NULL,'-1'), ('120105','河北区','120100','3',NULL,NULL,NULL,NULL,NULL,NULL,'-1'), ('120106','红桥区','120100','3',NULL,NULL,NULL,NULL,NULL,NULL,'-1'), ('120110','东丽区','120100','3',NULL,NULL,NULL,NULL,NULL,NULL,'-1'), ('120111','西青区','120100','3',NULL,NULL,NULL,NULL,NULL,NULL,'-1'), ('120112','津南区','120100','3',NULL,NULL,NULL,NULL,NULL,NULL,'-1'), ('120113','北辰区','120100','3',NULL,NULL,NULL,NULL,NULL,NULL,'-1'), ('120114','武清区','120100','3',NULL,NULL,NULL,NULL,NULL,NULL,'-1'), ('120115','宝坻区','120100','3',NULL,NULL,NULL,NULL,NULL,NULL,'-1'), ('120116','滨海新区','120100','3',NULL,NULL,NULL,NULL,NULL,NULL,'-1'), ('120200','县','120000','2',NULL,NULL,NULL,NULL,NULL,NULL,'-1'), ('120221','宁河县','120200','3',NULL,NULL,NULL,NULL,NULL,NULL,'-1'), ('120223','静海县','120200','3',NULL,NULL,NULL,NULL,NULL,NULL,'-1'), ('120225','蓟县','120200','3',NULL,NULL,NULL,NULL,NULL,NULL,'-1'), ('130000','河北省','100000','1',NULL,NULL,NULL,NULL,NULL,NULL,'-1'), ('130100','石家庄市','130000','2',NULL,NULL,NULL,NULL,NULL,NULL,'-1'), ('130101','市辖区','130100','3',NULL,NULL,NULL,NULL,NULL,NULL,'-1'), ('130102','长安区','130100','3',NULL,NULL,NULL,NULL,NULL,NULL,'-1'), ('130103','桥东区','130100','3',NULL,NULL,NULL,NULL,NULL,NULL,'-1'), ('130104','桥西区','130100','3',NULL,NULL,NULL,NULL,NULL,NULL,'-1'), ('130105','新华区','130100','3',NULL,NULL,NULL,NULL,NULL,NULL,'-1'), ('130107','井陉矿区','130100','3',NULL,NULL,NULL,NULL,NULL,NULL,'-1'), ('130108','裕华区','130100','3',NULL,NULL,NULL,NULL,NULL,NULL,'-1'), ('130121','井陉县','130100','3',NULL,NULL,NULL,NULL,NULL,NULL,'-1'), ('130123','正定县','130100','3',NULL,NULL,NULL,NULL,NULL,NULL,'-1'), ('130124','栾城县','130100','3',NULL,NULL,NULL,NULL,NULL,NULL,'-1'), ('130125','行唐县','130100','3',NULL,NULL,NULL,NULL,NULL,NULL,'-1'), ('130126','灵寿县','130100','3',NULL,NULL,NULL,NULL,NULL,NULL,'-1'), ('130127','高邑县','130100','3',NULL,NULL,NULL,NULL,NULL,NULL,'-1'), ('130128','深泽县','130100','3',NULL,NULL,NULL,NULL,NULL,NULL,'-1'), ('130129','赞皇县','130100','3',NULL,NULL,NULL,NULL,NULL,NULL,'-1'), ('130130','无极县','130100','3',NULL,NULL,NULL,NULL,NULL,NULL,'-1'), ('130131','平山县','130100','3',NULL,NULL,NULL,NULL,NULL,NULL,'-1'), ('130132','元氏县','130100','3',NULL,NULL,NULL,NULL,NULL,NULL,'-1'), ('130133','赵县','130100','3',NULL,NULL,NULL,NULL,NULL,NULL,'-1'), ('130181','辛集市','130100','3',NULL,NULL,NULL,NULL,NULL,NULL,'-1'), ('130182','藁城市','130100','3',NULL,NULL,NULL,NULL,NULL,NULL,'-1'), ('130183','晋州市','130100','3',NULL,NULL,NULL,NULL,NULL,NULL,'-1'), ('130184','新乐市','130100','3',NULL,NULL,NULL,NULL,NULL,NULL,'-1'), ('130185','鹿泉市','130100','3',NULL,NULL,NULL,NULL,NULL,NULL,'-1'), ('130200','唐山市','130000','2',NULL,NULL,NULL,NULL,NULL,NULL,'-1'), ('130201','市辖区','130200','3',NULL,NULL,NULL,NULL,NULL,NULL,'-1'), ('130202','路南区','130200','3',NULL,NULL,NULL,NULL,NULL,NULL,'-1'), ('130203','路北区','130200','3',NULL,NULL,NULL,NULL,NULL,NULL,'-1'), ('130204','古冶区','130200','3',NULL,NULL,NULL,NULL,NULL,NULL,'-1'), ('130205','开平区','130200','3',NULL,NULL,NULL,NULL,NULL,NULL,'-1'), ('130207','丰南区','130200','3',NULL,NULL,NULL,NULL,NULL,NULL,'-1'), ('130208','丰润区','130200','3',NULL,NULL,NULL,NULL,NULL,NULL,'-1'), ('130209','曹妃甸区','130200','3',NULL,NULL,NULL,NULL,NULL,NULL,'-1'), ('130223','滦县','130200','3',NULL,NULL,NULL,NULL,NULL,NULL,'-1'), ('130224','滦南县','130200','3',NULL,NULL,NULL,NULL,NULL,NULL,'-1'), ('130225','乐亭县','130200','3',NULL,NULL,NULL,NULL,NULL,NULL,'-1'), ('130227','迁西县','130200','3',NULL,NULL,NULL,NULL,NULL,NULL,'-1'), ('130229','玉田县','130200','3',NULL,NULL,NULL,NULL,NULL,NULL,'-1'), ('130281','遵化市','130200','3',NULL,NULL,NULL,NULL,NULL,NULL,'-1'), ('130283','迁安市','130200','3',NULL,NULL,NULL,NULL,NULL,NULL,'-1'), ('130300','秦皇岛市','130000','2',NULL,NULL,NULL,NULL,NULL,NULL,'-1'), ('130301','市辖区','130300','3',NULL,NULL,NULL,NULL,NULL,NULL,'-1'), ('130302','海港区','130300','3',NULL,NULL,NULL,NULL,NULL,NULL,'-1'), ('130303','山海关区','130300','3',NULL,NULL,NULL,NULL,NULL,NULL,'-1'), ('130304','北戴河区','130300','3',NULL,NULL,NULL,NULL,NULL,NULL,'-1'), ('130321','青龙满族自治县','130300','3',NULL,NULL,NULL,NULL,NULL,NULL,'-1'), ('130322','昌黎县','130300','3',NULL,NULL,NULL,NULL,NULL,NULL,'-1'), ('130323','抚宁县','130300','3',NULL,NULL,NULL,NULL,NULL,NULL,'-1'), ('130324','卢龙县','130300','3',NULL,NULL,NULL,NULL,NULL,NULL,'-1'), ('130400','邯郸市','130000','2',NULL,NULL,NULL,NULL,NULL,NULL,'-1'), ('130401','市辖区','130400','3',NULL,NULL,NULL,NULL,NULL,NULL,'-1'), ('130402','邯山区','130400','3',NULL,NULL,NULL,NULL,NULL,NULL,'-1'), ('130403','丛台区','130400','3',NULL,NULL,NULL,NULL,NULL,NULL,'-1'), ('130404','复兴区','130400','3',NULL,NULL,NULL,NULL,NULL,NULL,'-1'), ('130406','峰峰矿区','130400','3',NULL,NULL,NULL,NULL,NULL,NULL,'-1'), ('130421','邯郸县','130400','3',NULL,NULL,NULL,NULL,NULL,NULL,'-1'), ('130423','临漳县','130400','3',NULL,NULL,NULL,NULL,NULL,NULL,'-1'), ('130424','成安县','130400','3',NULL,NULL,NULL,NULL,NULL,NULL,'-1'), ('130425','大名县','130400','3',NULL,NULL,NULL,NULL,NULL,NULL,'-1');
INSERT INTO `t_data_area` VALUES ('130426','涉县','130400','3',NULL,NULL,NULL,NULL,NULL,NULL,'-1'), ('130427','磁县','130400','3',NULL,NULL,NULL,NULL,NULL,NULL,'-1'), ('130428','肥乡县','130400','3',NULL,NULL,NULL,NULL,NULL,NULL,'-1'), ('130429','永年县','130400','3',NULL,NULL,NULL,NULL,NULL,NULL,'-1'), ('130430','邱县','130400','3',NULL,NULL,NULL,NULL,NULL,NULL,'-1'), ('130431','鸡泽县','130400','3',NULL,NULL,NULL,NULL,NULL,NULL,'-1'), ('130432','广平县','130400','3',NULL,NULL,NULL,NULL,NULL,NULL,'-1'), ('130433','馆陶县','130400','3',NULL,NULL,NULL,NULL,NULL,NULL,'-1'), ('130434','魏县','130400','3',NULL,NULL,NULL,NULL,NULL,NULL,'-1'), ('130435','曲周县','130400','3',NULL,NULL,NULL,NULL,NULL,NULL,'-1'), ('130481','武安市','130400','3',NULL,NULL,NULL,NULL,NULL,NULL,'-1'), ('130500','邢台市','130000','2',NULL,NULL,NULL,NULL,NULL,NULL,'-1'), ('130501','市辖区','130500','3',NULL,NULL,NULL,NULL,NULL,NULL,'-1'), ('130502','桥东区','130500','3',NULL,NULL,NULL,NULL,NULL,NULL,'-1'), ('130503','桥西区','130500','3',NULL,NULL,NULL,NULL,NULL,NULL,'-1'), ('130521','邢台县','130500','3',NULL,NULL,NULL,NULL,NULL,NULL,'-1'), ('130522','临城县','130500','3',NULL,NULL,NULL,NULL,NULL,NULL,'-1'), ('130523','内丘县','130500','3',NULL,NULL,NULL,NULL,NULL,NULL,'-1'), ('130524','柏乡县','130500','3',NULL,NULL,NULL,NULL,NULL,NULL,'-1'), ('130525','隆尧县','130500','3',NULL,NULL,NULL,NULL,NULL,NULL,'-1'), ('130526','任县','130500','3',NULL,NULL,NULL,NULL,NULL,NULL,'-1'), ('130527','南和县','130500','3',NULL,NULL,NULL,NULL,NULL,NULL,'-1'), ('130528','宁晋县','130500','3',NULL,NULL,NULL,NULL,NULL,NULL,'-1'), ('130529','巨鹿县','130500','3',NULL,NULL,NULL,NULL,NULL,NULL,'-1'), ('130530','新河县','130500','3',NULL,NULL,NULL,NULL,NULL,NULL,'-1'), ('130531','广宗县','130500','3',NULL,NULL,NULL,NULL,NULL,NULL,'-1'), ('130532','平乡县','130500','3',NULL,NULL,NULL,NULL,NULL,NULL,'-1'), ('130533','威县','130500','3',NULL,NULL,NULL,NULL,NULL,NULL,'-1'), ('130534','清河县','130500','3',NULL,NULL,NULL,NULL,NULL,NULL,'-1'), ('130535','临西县','130500','3',NULL,NULL,NULL,NULL,NULL,NULL,'-1'), ('130581','南宫市','130500','3',NULL,NULL,NULL,NULL,NULL,NULL,'-1'), ('130582','沙河市','130500','3',NULL,NULL,NULL,NULL,NULL,NULL,'-1'), ('130600','保定市','130000','2',NULL,NULL,NULL,NULL,NULL,NULL,'-1'), ('130601','市辖区','130600','3',NULL,NULL,NULL,NULL,NULL,NULL,'-1'), ('130602','新市区','130600','3',NULL,NULL,NULL,NULL,NULL,NULL,'-1'), ('130603','北市区','130600','3',NULL,NULL,NULL,NULL,NULL,NULL,'-1'), ('130604','南市区','130600','3',NULL,NULL,NULL,NULL,NULL,NULL,'-1'), ('130621','满城县','130600','3',NULL,NULL,NULL,NULL,NULL,NULL,'-1'), ('130622','清苑县','130600','3',NULL,NULL,NULL,NULL,NULL,NULL,'-1'), ('130623','涞水县','130600','3',NULL,NULL,NULL,NULL,NULL,NULL,'-1'), ('130624','阜平县','130600','3',NULL,NULL,NULL,NULL,NULL,NULL,'-1'), ('130625','徐水县','130600','3',NULL,NULL,NULL,NULL,NULL,NULL,'-1'), ('130626','定兴县','130600','3',NULL,NULL,NULL,NULL,NULL,NULL,'-1'), ('130627','唐县','130600','3',NULL,NULL,NULL,NULL,NULL,NULL,'-1'), ('130628','高阳县','130600','3',NULL,NULL,NULL,NULL,NULL,NULL,'-1'), ('130629','容城县','130600','3',NULL,NULL,NULL,NULL,NULL,NULL,'-1'), ('130630','涞源县','130600','3',NULL,NULL,NULL,NULL,NULL,NULL,'-1'), ('130631','望都县','130600','3',NULL,NULL,NULL,NULL,NULL,NULL,'-1'), ('130632','安新县','130600','3',NULL,NULL,NULL,NULL,NULL,NULL,'-1'), ('130633','易县','130600','3',NULL,NULL,NULL,NULL,NULL,NULL,'-1'), ('130634','曲阳县','130600','3',NULL,NULL,NULL,NULL,NULL,NULL,'-1'), ('130635','蠡县','130600','3',NULL,NULL,NULL,NULL,NULL,NULL,'-1'), ('130636','顺平县','130600','3',NULL,NULL,NULL,NULL,NULL,NULL,'-1'), ('130637','博野县','130600','3',NULL,NULL,NULL,NULL,NULL,NULL,'-1'), ('130638','雄县','130600','3',NULL,NULL,NULL,NULL,NULL,NULL,'-1'), ('130681','涿州市','130600','3',NULL,NULL,NULL,NULL,NULL,NULL,'-1'), ('130682','定州市','130600','3',NULL,NULL,NULL,NULL,NULL,NULL,'-1'), ('130683','安国市','130600','3',NULL,NULL,NULL,NULL,NULL,NULL,'-1'), ('130684','高碑店市','130600','3',NULL,NULL,NULL,NULL,NULL,NULL,'-1'), ('130700','张家口市','130000','2',NULL,NULL,NULL,NULL,NULL,NULL,'-1'), ('130701','市辖区','130700','3',NULL,NULL,NULL,NULL,NULL,NULL,'-1'), ('130702','桥东区','130700','3',NULL,NULL,NULL,NULL,NULL,NULL,'-1'), ('130703','桥西区','130700','3',NULL,NULL,NULL,NULL,NULL,NULL,'-1'), ('130705','宣化区','130700','3',NULL,NULL,NULL,NULL,NULL,NULL,'-1'), ('130706','下花园区','130700','3',NULL,NULL,NULL,NULL,NULL,NULL,'-1'), ('130721','宣化县','130700','3',NULL,NULL,NULL,NULL,NULL,NULL,'-1'), ('130722','张北县','130700','3',NULL,NULL,NULL,NULL,NULL,NULL,'-1'), ('130723','康保县','130700','3',NULL,NULL,NULL,NULL,NULL,NULL,'-1'), ('130724','沽源县','130700','3',NULL,NULL,NULL,NULL,NULL,NULL,'-1'), ('130725','尚义县','130700','3',NULL,NULL,NULL,NULL,NULL,NULL,'-1'), ('130726','蔚县','130700','3',NULL,NULL,NULL,NULL,NULL,NULL,'-1'), ('130727','阳原县','130700','3',NULL,NULL,NULL,NULL,NULL,NULL,'-1'), ('130728','怀安县','130700','3',NULL,NULL,NULL,NULL,NULL,NULL,'-1'), ('130729','万全县','130700','3',NULL,NULL,NULL,NULL,NULL,NULL,'-1'), ('130730','怀来县','130700','3',NULL,NULL,NULL,NULL,NULL,NULL,'-1'), ('130731','涿鹿县','130700','3',NULL,NULL,NULL,NULL,NULL,NULL,'-1'), ('130732','赤城县','130700','3',NULL,NULL,NULL,NULL,NULL,NULL,'-1'), ('130733','崇礼县','130700','3',NULL,NULL,NULL,NULL,NULL,NULL,'-1'), ('130800','承德市','130000','2',NULL,NULL,NULL,NULL,NULL,NULL,'-1'), ('130801','市辖区','130800','3',NULL,NULL,NULL,NULL,NULL,NULL,'-1'), ('130802','双桥区','130800','3',NULL,NULL,NULL,NULL,NULL,NULL,'-1'), ('130803','双滦区','130800','3',NULL,NULL,NULL,NULL,NULL,NULL,'-1'), ('130804','鹰手营子矿区','130800','3',NULL,NULL,NULL,NULL,NULL,NULL,'-1'), ('130821','承德县','130800','3',NULL,NULL,NULL,NULL,NULL,NULL,'-1'), ('130822','兴隆县','130800','3',NULL,NULL,NULL,NULL,NULL,NULL,'-1'), ('130823','平泉县','130800','3',NULL,NULL,NULL,NULL,NULL,NULL,'-1'), ('130824','滦平县','130800','3',NULL,NULL,NULL,NULL,NULL,NULL,'-1'), ('130825','隆化县','130800','3',NULL,NULL,NULL,NULL,NULL,NULL,'-1'), ('130826','丰宁满族自治县','130800','3',NULL,NULL,NULL,NULL,NULL,NULL,'-1'), ('130827','宽城满族自治县','130800','3',NULL,NULL,NULL,NULL,NULL,NULL,'-1'), ('130828','围场满族蒙古族自治县','130800','3',NULL,NULL,NULL,NULL,NULL,NULL,'-1'), ('130900','沧州市','130000','2',NULL,NULL,NULL,NULL,NULL,NULL,'-1'), ('130901','市辖区','130900','3',NULL,NULL,NULL,NULL,NULL,NULL,'-1'), ('130902','新华区','130900','3',NULL,NULL,NULL,NULL,NULL,NULL,'-1'), ('130903','运河区','130900','3',NULL,NULL,NULL,NULL,NULL,NULL,'-1'), ('130921','沧县','130900','3',NULL,NULL,NULL,NULL,NULL,NULL,'-1'), ('130922','青县','130900','3',NULL,NULL,NULL,NULL,NULL,NULL,'-1'), ('130923','东光县','130900','3',NULL,NULL,NULL,NULL,NULL,NULL,'-1'), ('130924','海兴县','130900','3',NULL,NULL,NULL,NULL,NULL,NULL,'-1'), ('130925','盐山县','130900','3',NULL,NULL,NULL,NULL,NULL,NULL,'-1');
INSERT INTO `t_data_area` VALUES ('130926','肃宁县','130900','3',NULL,NULL,NULL,NULL,NULL,NULL,'-1'), ('130927','南皮县','130900','3',NULL,NULL,NULL,NULL,NULL,NULL,'-1'), ('130928','吴桥县','130900','3',NULL,NULL,NULL,NULL,NULL,NULL,'-1'), ('130929','献县','130900','3',NULL,NULL,NULL,NULL,NULL,NULL,'-1'), ('130930','孟村回族自治县','130900','3',NULL,NULL,NULL,NULL,NULL,NULL,'-1'), ('130981','泊头市','130900','3',NULL,NULL,NULL,NULL,NULL,NULL,'-1'), ('130982','任丘市','130900','3',NULL,NULL,NULL,NULL,NULL,NULL,'-1'), ('130983','黄骅市','130900','3',NULL,NULL,NULL,NULL,NULL,NULL,'-1'), ('130984','河间市','130900','3',NULL,NULL,NULL,NULL,NULL,NULL,'-1'), ('131000','廊坊市','130000','2',NULL,NULL,NULL,NULL,NULL,NULL,'-1'), ('131001','市辖区','131000','3',NULL,NULL,NULL,NULL,NULL,NULL,'-1'), ('131002','安次区','131000','3',NULL,NULL,NULL,NULL,NULL,NULL,'-1'), ('131003','广阳区','131000','3',NULL,NULL,NULL,NULL,NULL,NULL,'-1'), ('131022','固安县','131000','3',NULL,NULL,NULL,NULL,NULL,NULL,'-1'), ('131023','永清县','131000','3',NULL,NULL,NULL,NULL,NULL,NULL,'-1'), ('131024','香河县','131000','3',NULL,NULL,NULL,NULL,NULL,NULL,'-1'), ('131025','大城县','131000','3',NULL,NULL,NULL,NULL,NULL,NULL,'-1'), ('131026','文安县','131000','3',NULL,NULL,NULL,NULL,NULL,NULL,'-1'), ('131028','大厂回族自治县','131000','3',NULL,NULL,NULL,NULL,NULL,NULL,'-1'), ('131081','霸州市','131000','3',NULL,NULL,NULL,NULL,NULL,NULL,'-1'), ('131082','三河市','131000','3',NULL,NULL,NULL,NULL,NULL,NULL,'-1'), ('131100','衡水市','130000','2',NULL,NULL,NULL,NULL,NULL,NULL,'-1'), ('131101','市辖区','131100','3',NULL,NULL,NULL,NULL,NULL,NULL,'-1'), ('131102','桃城区','131100','3',NULL,NULL,NULL,NULL,NULL,NULL,'-1'), ('131121','枣强县','131100','3',NULL,NULL,NULL,NULL,NULL,NULL,'-1'), ('131122','武邑县','131100','3',NULL,NULL,NULL,NULL,NULL,NULL,'-1'), ('131123','武强县','131100','3',NULL,NULL,NULL,NULL,NULL,NULL,'-1'), ('131124','饶阳县','131100','3',NULL,NULL,NULL,NULL,NULL,NULL,'-1'), ('131125','安平县','131100','3',NULL,NULL,NULL,NULL,NULL,NULL,'-1'), ('131126','故城县','131100','3',NULL,NULL,NULL,NULL,NULL,NULL,'-1'), ('131127','景县','131100','3',NULL,NULL,NULL,NULL,NULL,NULL,'-1'), ('131128','阜城县','131100','3',NULL,NULL,NULL,NULL,NULL,NULL,'-1'), ('131181','冀州市','131100','3',NULL,NULL,NULL,NULL,NULL,NULL,'-1'), ('131182','深州市','131100','3',NULL,NULL,NULL,NULL,NULL,NULL,'-1'), ('140000','山西省','100000','1',NULL,NULL,NULL,NULL,NULL,NULL,'-1'), ('140100','太原市','140000','2',NULL,NULL,NULL,NULL,NULL,NULL,'-1'), ('140101','市辖区','140100','3',NULL,NULL,NULL,NULL,NULL,NULL,'-1'), ('140105','小店区','140100','3',NULL,NULL,NULL,NULL,NULL,NULL,'-1'), ('140106','迎泽区','140100','3',NULL,NULL,NULL,NULL,NULL,NULL,'-1'), ('140107','杏花岭区','140100','3',NULL,NULL,NULL,NULL,NULL,NULL,'-1'), ('140108','尖草坪区','140100','3',NULL,NULL,NULL,NULL,NULL,NULL,'-1'), ('140109','万柏林区','140100','3',NULL,NULL,NULL,NULL,NULL,NULL,'-1'), ('140110','晋源区','140100','3',NULL,NULL,NULL,NULL,NULL,NULL,'-1'), ('140121','清徐县','140100','3',NULL,NULL,NULL,NULL,NULL,NULL,'-1'), ('140122','阳曲县','140100','3',NULL,NULL,NULL,NULL,NULL,NULL,'-1'), ('140123','娄烦县','140100','3',NULL,NULL,NULL,NULL,NULL,NULL,'-1'), ('140181','古交市','140100','3',NULL,NULL,NULL,NULL,NULL,NULL,'-1'), ('140200','大同市','140000','2',NULL,NULL,NULL,NULL,NULL,NULL,'-1'), ('140201','市辖区','140200','3',NULL,NULL,NULL,NULL,NULL,NULL,'-1'), ('140202','城区','140200','3',NULL,NULL,NULL,NULL,NULL,NULL,'-1'), ('140203','矿区','140200','3',NULL,NULL,NULL,NULL,NULL,NULL,'-1'), ('140211','南郊区','140200','3',NULL,NULL,NULL,NULL,NULL,NULL,'-1'), ('140212','新荣区','140200','3',NULL,NULL,NULL,NULL,NULL,NULL,'-1'), ('140221','阳高县','140200','3',NULL,NULL,NULL,NULL,NULL,NULL,'-1'), ('140222','天镇县','140200','3',NULL,NULL,NULL,NULL,NULL,NULL,'-1'), ('140223','广灵县','140200','3',NULL,NULL,NULL,NULL,NULL,NULL,'-1'), ('140224','灵丘县','140200','3',NULL,NULL,NULL,NULL,NULL,NULL,'-1'), ('140225','浑源县','140200','3',NULL,NULL,NULL,NULL,NULL,NULL,'-1'), ('140226','左云县','140200','3',NULL,NULL,NULL,NULL,NULL,NULL,'-1'), ('140227','大同县','140200','3',NULL,NULL,NULL,NULL,NULL,NULL,'-1'), ('140300','阳泉市','140000','2',NULL,NULL,NULL,NULL,NULL,NULL,'-1'), ('140301','市辖区','140300','3',NULL,NULL,NULL,NULL,NULL,NULL,'-1'), ('140302','城区','140300','3',NULL,NULL,NULL,NULL,NULL,NULL,'-1'), ('140303','矿区','140300','3',NULL,NULL,NULL,NULL,NULL,NULL,'-1'), ('140311','郊区','140300','3',NULL,NULL,NULL,NULL,NULL,NULL,'-1'), ('140321','平定县','140300','3',NULL,NULL,NULL,NULL,NULL,NULL,'-1'), ('140322','盂县','140300','3',NULL,NULL,NULL,NULL,NULL,NULL,'-1'), ('140400','长治市','140000','2',NULL,NULL,NULL,NULL,NULL,NULL,'-1'), ('140401','市辖区','140400','3',NULL,NULL,NULL,NULL,NULL,NULL,'-1'), ('140402','城区','140400','3',NULL,NULL,NULL,NULL,NULL,NULL,'-1'), ('140411','郊区','140400','3',NULL,NULL,NULL,NULL,NULL,NULL,'-1'), ('140421','长治县','140400','3',NULL,NULL,NULL,NULL,NULL,NULL,'-1'), ('140423','襄垣县','140400','3',NULL,NULL,NULL,NULL,NULL,NULL,'-1'), ('140424','屯留县','140400','3',NULL,NULL,NULL,NULL,NULL,NULL,'-1'), ('140425','平顺县','140400','3',NULL,NULL,NULL,NULL,NULL,NULL,'-1'), ('140426','黎城县','140400','3',NULL,NULL,NULL,NULL,NULL,NULL,'-1'), ('140427','壶关县','140400','3',NULL,NULL,NULL,NULL,NULL,NULL,'-1'), ('140428','长子县','140400','3',NULL,NULL,NULL,NULL,NULL,NULL,'-1'), ('140429','武乡县','140400','3',NULL,NULL,NULL,NULL,NULL,NULL,'-1'), ('140430','沁县','140400','3',NULL,NULL,NULL,NULL,NULL,NULL,'-1'), ('140431','沁源县','140400','3',NULL,NULL,NULL,NULL,NULL,NULL,'-1'), ('140481','潞城市','140400','3',NULL,NULL,NULL,NULL,NULL,NULL,'-1'), ('140500','晋城市','140000','2',NULL,NULL,NULL,NULL,NULL,NULL,'-1'), ('140501','晋城市市辖区','140500','3',NULL,NULL,NULL,NULL,NULL,NULL,'-1'), ('140502','城区','140500','3',NULL,NULL,NULL,NULL,NULL,NULL,'-1'), ('140521','沁水县','140500','3',NULL,NULL,NULL,NULL,NULL,NULL,'-1'), ('140522','阳城县','140500','3',NULL,NULL,NULL,NULL,NULL,NULL,'-1'), ('140524','陵川县','140500','3',NULL,NULL,NULL,NULL,NULL,NULL,'-1'), ('140525','泽州县','140500','3',NULL,NULL,NULL,NULL,NULL,NULL,'-1'), ('140581','高平市','140500','3',NULL,NULL,NULL,NULL,NULL,NULL,'-1'), ('140600','朔州市','140000','2',NULL,NULL,NULL,NULL,NULL,NULL,'-1'), ('140601','市辖区','140600','3',NULL,NULL,NULL,NULL,NULL,NULL,'-1'), ('140602','朔城区','140600','3',NULL,NULL,NULL,NULL,NULL,NULL,'-1'), ('140603','平鲁区','140600','3',NULL,NULL,NULL,NULL,NULL,NULL,'-1'), ('140621','山阴县','140600','3',NULL,NULL,NULL,NULL,NULL,NULL,'-1'), ('140622','应县','140600','3',NULL,NULL,NULL,NULL,NULL,NULL,'-1'), ('140623','右玉县','140600','3',NULL,NULL,NULL,NULL,NULL,NULL,'-1'), ('140624','怀仁县','140600','3',NULL,NULL,NULL,NULL,NULL,NULL,'-1'), ('140700','晋中市','140000','2',NULL,NULL,NULL,NULL,NULL,NULL,'-1'), ('140701','市辖区','140700','3',NULL,NULL,NULL,NULL,NULL,NULL,'-1');
INSERT INTO `t_data_area` VALUES ('140702','榆次区','140700','3',NULL,NULL,NULL,NULL,NULL,NULL,'-1'), ('140721','榆社县','140700','3',NULL,NULL,NULL,NULL,NULL,NULL,'-1'), ('140722','左权县','140700','3',NULL,NULL,NULL,NULL,NULL,NULL,'-1'), ('140723','和顺县','140700','3',NULL,NULL,NULL,NULL,NULL,NULL,'-1'), ('140724','昔阳县','140700','3',NULL,NULL,NULL,NULL,NULL,NULL,'-1'), ('140725','寿阳县','140700','3',NULL,NULL,NULL,NULL,NULL,NULL,'-1'), ('140726','太谷县','140700','3',NULL,NULL,NULL,NULL,NULL,NULL,'-1'), ('140727','祁县','140700','3',NULL,NULL,NULL,NULL,NULL,NULL,'-1'), ('140728','平遥县','140700','3',NULL,NULL,NULL,NULL,NULL,NULL,'-1'), ('140729','灵石县','140700','3',NULL,NULL,NULL,NULL,NULL,NULL,'-1'), ('140781','介休市','140700','3',NULL,NULL,NULL,NULL,NULL,NULL,'-1'), ('140800','运城市','140000','2',NULL,NULL,NULL,NULL,NULL,NULL,'-1'), ('140801','市辖区','140800','3',NULL,NULL,NULL,NULL,NULL,NULL,'-1'), ('140802','盐湖区','140800','3',NULL,NULL,NULL,NULL,NULL,NULL,'-1'), ('140821','临猗县','140800','3',NULL,NULL,NULL,NULL,NULL,NULL,'-1'), ('140822','万荣县','140800','3',NULL,NULL,NULL,NULL,NULL,NULL,'-1'), ('140823','闻喜县','140800','3',NULL,NULL,NULL,NULL,NULL,NULL,'-1'), ('140824','稷山县','140800','3',NULL,NULL,NULL,NULL,NULL,NULL,'-1'), ('140825','新绛县','140800','3',NULL,NULL,NULL,NULL,NULL,NULL,'-1'), ('140826','绛县','140800','3',NULL,NULL,NULL,NULL,NULL,NULL,'-1'), ('140827','垣曲县','140800','3',NULL,NULL,NULL,NULL,NULL,NULL,'-1'), ('140828','夏县','140800','3',NULL,NULL,NULL,NULL,NULL,NULL,'-1'), ('140829','平陆县','140800','3',NULL,NULL,NULL,NULL,NULL,NULL,'-1'), ('140830','芮城县','140800','3',NULL,NULL,NULL,NULL,NULL,NULL,'-1'), ('140881','永济市','140800','3',NULL,NULL,NULL,NULL,NULL,NULL,'-1'), ('140882','河津市','140800','3',NULL,NULL,NULL,NULL,NULL,NULL,'-1'), ('140900','忻州市','140000','2',NULL,NULL,NULL,NULL,NULL,NULL,'-1'), ('140901','市辖区','140900','3',NULL,NULL,NULL,NULL,NULL,NULL,'-1'), ('140902','忻府区','140900','3',NULL,NULL,NULL,NULL,NULL,NULL,'-1'), ('140921','定襄县','140900','3',NULL,NULL,NULL,NULL,NULL,NULL,'-1'), ('140922','五台县','140900','3',NULL,NULL,NULL,NULL,NULL,NULL,'-1'), ('140923','代县','140900','3',NULL,NULL,NULL,NULL,NULL,NULL,'-1'), ('140924','繁峙县','140900','3',NULL,NULL,NULL,NULL,NULL,NULL,'-1'), ('140925','宁武县','140900','3',NULL,NULL,NULL,NULL,NULL,NULL,'-1'), ('140926','静乐县','140900','3',NULL,NULL,NULL,NULL,NULL,NULL,'-1'), ('140927','神池县','140900','3',NULL,NULL,NULL,NULL,NULL,NULL,'-1'), ('140928','五寨县','140900','3',NULL,NULL,NULL,NULL,NULL,NULL,'-1'), ('140929','岢岚县','140900','3',NULL,NULL,NULL,NULL,NULL,NULL,'-1'), ('140930','河曲县','140900','3',NULL,NULL,NULL,NULL,NULL,NULL,'-1'), ('140931','保德县','140900','3',NULL,NULL,NULL,NULL,NULL,NULL,'-1'), ('140932','偏关县','140900','3',NULL,NULL,NULL,NULL,NULL,NULL,'-1'), ('140981','原平市','140900','3',NULL,NULL,NULL,NULL,NULL,NULL,'-1'), ('141000','临汾市','140000','2',NULL,NULL,NULL,NULL,NULL,NULL,'-1'), ('141001','市辖区','141000','3',NULL,NULL,NULL,NULL,NULL,NULL,'-1'), ('141002','尧都区','141000','3',NULL,NULL,NULL,NULL,NULL,NULL,'-1'), ('141021','曲沃县','141000','3',NULL,NULL,NULL,NULL,NULL,NULL,'-1'), ('141022','翼城县','141000','3',NULL,NULL,NULL,NULL,NULL,NULL,'-1'), ('141023','襄汾县','141000','3',NULL,NULL,NULL,NULL,NULL,NULL,'-1'), ('141024','洪洞县','141000','3',NULL,NULL,NULL,NULL,NULL,NULL,'-1'), ('141025','古县','141000','3',NULL,NULL,NULL,NULL,NULL,NULL,'-1'), ('141026','安泽县','141000','3',NULL,NULL,NULL,NULL,NULL,NULL,'-1'), ('141027','浮山县','141000','3',NULL,NULL,NULL,NULL,NULL,NULL,'-1'), ('141028','吉县','141000','3',NULL,NULL,NULL,NULL,NULL,NULL,'-1'), ('141029','乡宁县','141000','3',NULL,NULL,NULL,NULL,NULL,NULL,'-1'), ('141030','大宁县','141000','3',NULL,NULL,NULL,NULL,NULL,NULL,'-1'), ('141031','隰县','141000','3',NULL,NULL,NULL,NULL,NULL,NULL,'-1'), ('141032','永和县','141000','3',NULL,NULL,NULL,NULL,NULL,NULL,'-1'), ('141033','蒲县','141000','3',NULL,NULL,NULL,NULL,NULL,NULL,'-1'), ('141034','汾西县','141000','3',NULL,NULL,NULL,NULL,NULL,NULL,'-1'), ('141081','侯马市','141000','3',NULL,NULL,NULL,NULL,NULL,NULL,'-1'), ('141082','霍州市','141000','3',NULL,NULL,NULL,NULL,NULL,NULL,'-1'), ('141100','吕梁市','140000','2',NULL,NULL,NULL,NULL,NULL,NULL,'-1'), ('141101','市辖区','141100','3',NULL,NULL,NULL,NULL,NULL,NULL,'-1'), ('141102','离石区','141100','3',NULL,NULL,NULL,NULL,NULL,NULL,'-1'), ('141121','文水县','141100','3',NULL,NULL,NULL,NULL,NULL,NULL,'-1'), ('141122','交城县','141100','3',NULL,NULL,NULL,NULL,NULL,NULL,'-1'), ('141123','兴县','141100','3',NULL,NULL,NULL,NULL,NULL,NULL,'-1'), ('141124','临县','141100','3',NULL,NULL,NULL,NULL,NULL,NULL,'-1'), ('141125','柳林县','141100','3',NULL,NULL,NULL,NULL,NULL,NULL,'-1'), ('141126','石楼县','141100','3',NULL,NULL,NULL,NULL,NULL,NULL,'-1'), ('141127','岚县','141100','3',NULL,NULL,NULL,NULL,NULL,NULL,'-1'), ('141128','方山县','141100','3',NULL,NULL,NULL,NULL,NULL,NULL,'-1'), ('141129','中阳县','141100','3',NULL,NULL,NULL,NULL,NULL,NULL,'-1'), ('141130','交口县','141100','3',NULL,NULL,NULL,NULL,NULL,NULL,'-1'), ('141181','孝义市','141100','3',NULL,NULL,NULL,NULL,NULL,NULL,'-1'), ('141182','汾阳市','141100','3',NULL,NULL,NULL,NULL,NULL,NULL,'-1'), ('150000','内蒙古自治区','100000','1',NULL,NULL,NULL,NULL,NULL,NULL,'-1'), ('150100','呼和浩特市','150000','2',NULL,NULL,NULL,NULL,NULL,NULL,'-1'), ('150101','市辖区','150100','3',NULL,NULL,NULL,NULL,NULL,NULL,'-1'), ('150102','新城区','150100','3',NULL,NULL,NULL,NULL,NULL,NULL,'-1'), ('150103','回民区','150100','3',NULL,NULL,NULL,NULL,NULL,NULL,'-1'), ('150104','玉泉区','150100','3',NULL,NULL,NULL,NULL,NULL,NULL,'-1'), ('150105','赛罕区','150100','3',NULL,NULL,NULL,NULL,NULL,NULL,'-1'), ('150121','土默特左旗','150100','3',NULL,NULL,NULL,NULL,NULL,NULL,'-1'), ('150122','托克托县','150100','3',NULL,NULL,NULL,NULL,NULL,NULL,'-1'), ('150123','和林格尔县','150100','3',NULL,NULL,NULL,NULL,NULL,NULL,'-1'), ('150124','清水河县','150100','3',NULL,NULL,NULL,NULL,NULL,NULL,'-1'), ('150125','武川县','150100','3',NULL,NULL,NULL,NULL,NULL,NULL,'-1'), ('150200','包头市','150000','2',NULL,NULL,NULL,NULL,NULL,NULL,'-1'), ('150201','市辖区','150200','3',NULL,NULL,NULL,NULL,NULL,NULL,'-1'), ('150202','东河区','150200','3',NULL,NULL,NULL,NULL,NULL,NULL,'-1'), ('150203','昆都仑区','150200','3',NULL,NULL,NULL,NULL,NULL,NULL,'-1'), ('150204','青山区','150200','3',NULL,NULL,NULL,NULL,NULL,NULL,'-1'), ('150205','石拐区','150200','3',NULL,NULL,NULL,NULL,NULL,NULL,'-1'), ('150206','白云鄂博矿区','150200','3',NULL,NULL,NULL,NULL,NULL,NULL,'-1'), ('150207','九原区','150200','3',NULL,NULL,NULL,NULL,NULL,NULL,'-1'), ('150221','土默特右旗','150200','3',NULL,NULL,NULL,NULL,NULL,NULL,'-1'), ('150222','固阳县','150200','3',NULL,NULL,NULL,NULL,NULL,NULL,'-1'), ('150223','达尔罕茂明安联合旗','150200','3',NULL,NULL,NULL,NULL,NULL,NULL,'-1'), ('150300','乌海市','150000','2',NULL,NULL,NULL,NULL,NULL,NULL,'-1');
INSERT INTO `t_data_area` VALUES ('150301','市辖区','150300','3',NULL,NULL,NULL,NULL,NULL,NULL,'-1'), ('150302','海勃湾区','150300','3',NULL,NULL,NULL,NULL,NULL,NULL,'-1'), ('150303','海南区','150300','3',NULL,NULL,NULL,NULL,NULL,NULL,'-1'), ('150304','乌达区','150300','3',NULL,NULL,NULL,NULL,NULL,NULL,'-1'), ('150400','赤峰市','150000','2',NULL,NULL,NULL,NULL,NULL,NULL,'-1'), ('150401','市辖区','150400','3',NULL,NULL,NULL,NULL,NULL,NULL,'-1'), ('150402','红山区','150400','3',NULL,NULL,NULL,NULL,NULL,NULL,'-1'), ('150403','元宝山区','150400','3',NULL,NULL,NULL,NULL,NULL,NULL,'-1'), ('150404','松山区','150400','3',NULL,NULL,NULL,NULL,NULL,NULL,'-1'), ('150421','阿鲁科尔沁旗','150400','3',NULL,NULL,NULL,NULL,NULL,NULL,'-1'), ('150422','巴林左旗','150400','3',NULL,NULL,NULL,NULL,NULL,NULL,'-1'), ('150423','巴林右旗','150400','3',NULL,NULL,NULL,NULL,NULL,NULL,'-1'), ('150424','林西县','150400','3',NULL,NULL,NULL,NULL,NULL,NULL,'-1'), ('150425','克什克腾旗','150400','3',NULL,NULL,NULL,NULL,NULL,NULL,'-1'), ('150426','翁牛特旗','150400','3',NULL,NULL,NULL,NULL,NULL,NULL,'-1'), ('150428','喀喇沁旗','150400','3',NULL,NULL,NULL,NULL,NULL,NULL,'-1'), ('150429','宁城县','150400','3',NULL,NULL,NULL,NULL,NULL,NULL,'-1'), ('150430','敖汉旗','150400','3',NULL,NULL,NULL,NULL,NULL,NULL,'-1'), ('150500','通辽市','150000','2',NULL,NULL,NULL,NULL,NULL,NULL,'-1'), ('150501','市辖区','150500','3',NULL,NULL,NULL,NULL,NULL,NULL,'-1'), ('150502','科尔沁区','150500','3',NULL,NULL,NULL,NULL,NULL,NULL,'-1'), ('150521','科尔沁左翼中旗','150500','3',NULL,NULL,NULL,NULL,NULL,NULL,'-1'), ('150522','科尔沁左翼后旗','150500','3',NULL,NULL,NULL,NULL,NULL,NULL,'-1'), ('150523','开鲁县','150500','3',NULL,NULL,NULL,NULL,NULL,NULL,'-1'), ('150524','库伦旗','150500','3',NULL,NULL,NULL,NULL,NULL,NULL,'-1'), ('150525','奈曼旗','150500','3',NULL,NULL,NULL,NULL,NULL,NULL,'-1'), ('150526','扎鲁特旗','150500','3',NULL,NULL,NULL,NULL,NULL,NULL,'-1'), ('150581','霍林郭勒市','150500','3',NULL,NULL,NULL,NULL,NULL,NULL,'-1'), ('150600','鄂尔多斯市','150000','2',NULL,NULL,NULL,NULL,NULL,NULL,'-1'), ('150601','市辖区','150600','3',NULL,NULL,NULL,NULL,NULL,NULL,'-1'), ('150602','东胜区','150600','3',NULL,NULL,NULL,NULL,NULL,NULL,'-1'), ('150621','达拉特旗','150600','3',NULL,NULL,NULL,NULL,NULL,NULL,'-1'), ('150622','准格尔旗','150600','3',NULL,NULL,NULL,NULL,NULL,NULL,'-1'), ('150623','鄂托克前旗','150600','3',NULL,NULL,NULL,NULL,NULL,NULL,'-1'), ('150624','鄂托克旗','150600','3',NULL,NULL,NULL,NULL,NULL,NULL,'-1'), ('150625','杭锦旗','150600','3',NULL,NULL,NULL,NULL,NULL,NULL,'-1'), ('150626','乌审旗','150600','3',NULL,NULL,NULL,NULL,NULL,NULL,'-1'), ('150627','伊金霍洛旗','150600','3',NULL,NULL,NULL,NULL,NULL,NULL,'-1'), ('150700','呼伦贝尔市','150000','2',NULL,NULL,NULL,NULL,NULL,NULL,'-1'), ('150701','市辖区','150700','3',NULL,NULL,NULL,NULL,NULL,NULL,'-1'), ('150702','海拉尔区','150700','3',NULL,NULL,NULL,NULL,NULL,NULL,'-1'), ('150721','阿荣旗','150700','3',NULL,NULL,NULL,NULL,NULL,NULL,'-1'), ('150722','莫力达瓦达斡尔族自治旗','150700','3',NULL,NULL,NULL,NULL,NULL,NULL,'-1'), ('150723','鄂伦春自治旗','150700','3',NULL,NULL,NULL,NULL,NULL,NULL,'-1'), ('150724','鄂温克族自治旗','150700','3',NULL,NULL,NULL,NULL,NULL,NULL,'-1'), ('150725','陈巴尔虎旗','150700','3',NULL,NULL,NULL,NULL,NULL,NULL,'-1'), ('150726','新巴尔虎左旗','150700','3',NULL,NULL,NULL,NULL,NULL,NULL,'-1'), ('150727','新巴尔虎右旗','150700','3',NULL,NULL,NULL,NULL,NULL,NULL,'-1'), ('150781','满洲里市','150700','3',NULL,NULL,NULL,NULL,NULL,NULL,'-1'), ('150782','牙克石市','150700','3',NULL,NULL,NULL,NULL,NULL,NULL,'-1'), ('150783','扎兰屯市','150700','3',NULL,NULL,NULL,NULL,NULL,NULL,'-1'), ('150784','额尔古纳市','150700','3',NULL,NULL,NULL,NULL,NULL,NULL,'-1'), ('150785','根河市','150700','3',NULL,NULL,NULL,NULL,NULL,NULL,'-1'), ('150800','巴彦淖尔市','150000','2',NULL,NULL,NULL,NULL,NULL,NULL,'-1'), ('150801','市辖区','150800','3',NULL,NULL,NULL,NULL,NULL,NULL,'-1'), ('150802','临河区','150800','3',NULL,NULL,NULL,NULL,NULL,NULL,'-1'), ('150821','五原县','150800','3',NULL,NULL,NULL,NULL,NULL,NULL,'-1'), ('150822','磴口县','150800','3',NULL,NULL,NULL,NULL,NULL,NULL,'-1'), ('150823','乌拉特前旗','150800','3',NULL,NULL,NULL,NULL,NULL,NULL,'-1'), ('150824','乌拉特中旗','150800','3',NULL,NULL,NULL,NULL,NULL,NULL,'-1'), ('150825','乌拉特后旗','150800','3',NULL,NULL,NULL,NULL,NULL,NULL,'-1'), ('150826','杭锦后旗','150800','3',NULL,NULL,NULL,NULL,NULL,NULL,'-1'), ('150900','乌兰察布市','150000','2',NULL,NULL,NULL,NULL,NULL,NULL,'-1'), ('150901','市辖区','150900','3',NULL,NULL,NULL,NULL,NULL,NULL,'-1'), ('150902','集宁区','150900','3',NULL,NULL,NULL,NULL,NULL,NULL,'-1'), ('150921','卓资县','150900','3',NULL,NULL,NULL,NULL,NULL,NULL,'-1'), ('150922','化德县','150900','3',NULL,NULL,NULL,NULL,NULL,NULL,'-1'), ('150923','商都县','150900','3',NULL,NULL,NULL,NULL,NULL,NULL,'-1'), ('150924','兴和县','150900','3',NULL,NULL,NULL,NULL,NULL,NULL,'-1'), ('150925','凉城县','150900','3',NULL,NULL,NULL,NULL,NULL,NULL,'-1'), ('150926','察哈尔右翼前旗','150900','3',NULL,NULL,NULL,NULL,NULL,NULL,'-1'), ('150927','察哈尔右翼中旗','150900','3',NULL,NULL,NULL,NULL,NULL,NULL,'-1'), ('150928','察哈尔右翼后旗','150900','3',NULL,NULL,NULL,NULL,NULL,NULL,'-1'), ('150929','四子王旗','150900','3',NULL,NULL,NULL,NULL,NULL,NULL,'-1'), ('150981','丰镇市','150900','3',NULL,NULL,NULL,NULL,NULL,NULL,'-1'), ('152200','兴安盟','150000','2',NULL,NULL,NULL,NULL,NULL,NULL,'-1'), ('152201','乌兰浩特市','152200','3',NULL,NULL,NULL,NULL,NULL,NULL,'-1'), ('152202','阿尔山市','152200','3',NULL,NULL,NULL,NULL,NULL,NULL,'-1'), ('152221','科尔沁右翼前旗','152200','3',NULL,NULL,NULL,NULL,NULL,NULL,'-1'), ('152222','科尔沁右翼中旗','152200','3',NULL,NULL,NULL,NULL,NULL,NULL,'-1'), ('152223','扎赉特旗','152200','3',NULL,NULL,NULL,NULL,NULL,NULL,'-1'), ('152224','突泉县','152200','3',NULL,NULL,NULL,NULL,NULL,NULL,'-1'), ('152500','锡林郭勒盟','150000','2',NULL,NULL,NULL,NULL,NULL,NULL,'-1'), ('152501','二连浩特市','152500','3',NULL,NULL,NULL,NULL,NULL,NULL,'-1'), ('152502','锡林浩特市','152500','3',NULL,NULL,NULL,NULL,NULL,NULL,'-1'), ('152522','阿巴嘎旗','152500','3',NULL,NULL,NULL,NULL,NULL,NULL,'-1'), ('152523','苏尼特左旗','152500','3',NULL,NULL,NULL,NULL,NULL,NULL,'-1'), ('152524','苏尼特右旗','152500','3',NULL,NULL,NULL,NULL,NULL,NULL,'-1'), ('152525','东乌珠穆沁旗','152500','3',NULL,NULL,NULL,NULL,NULL,NULL,'-1'), ('152526','西乌珠穆沁旗','152500','3',NULL,NULL,NULL,NULL,NULL,NULL,'-1'), ('152527','太仆寺旗','152500','3',NULL,NULL,NULL,NULL,NULL,NULL,'-1'), ('152528','镶黄旗','152500','3',NULL,NULL,NULL,NULL,NULL,NULL,'-1'), ('152529','正镶白旗','152500','3',NULL,NULL,NULL,NULL,NULL,NULL,'-1'), ('152530','正蓝旗','152500','3',NULL,NULL,NULL,NULL,NULL,NULL,'-1'), ('152531','多伦县','152500','3',NULL,NULL,NULL,NULL,NULL,NULL,'-1'), ('152900','阿拉善盟','150000','2',NULL,NULL,NULL,NULL,NULL,NULL,'-1'), ('152921','阿拉善左旗','152900','3',NULL,NULL,NULL,NULL,NULL,NULL,'-1'), ('152922','阿拉善右旗','152900','3',NULL,NULL,NULL,NULL,NULL,NULL,'-1'), ('152923','额济纳旗','152900','3',NULL,NULL,NULL,NULL,NULL,NULL,'-1'), ('210000','辽宁省','100000','1',NULL,NULL,NULL,NULL,NULL,NULL,'-1');
INSERT INTO `t_data_area` VALUES ('210100','沈阳市','210000','2',NULL,NULL,NULL,NULL,NULL,NULL,'-1'), ('210101','市辖区','210100','3',NULL,NULL,NULL,NULL,NULL,NULL,'-1'), ('210102','和平区','210100','3',NULL,NULL,NULL,NULL,NULL,NULL,'-1'), ('210103','沈河区','210100','3',NULL,NULL,NULL,NULL,NULL,NULL,'-1'), ('210104','大东区','210100','3',NULL,NULL,NULL,NULL,NULL,NULL,'-1'), ('210105','皇姑区','210100','3',NULL,NULL,NULL,NULL,NULL,NULL,'-1'), ('210106','铁西区','210100','3',NULL,NULL,NULL,NULL,NULL,NULL,'-1'), ('210111','苏家屯区','210100','3',NULL,NULL,NULL,NULL,NULL,NULL,'-1'), ('210112','东陵区','210100','3',NULL,NULL,NULL,NULL,NULL,NULL,'-1'), ('210113','沈北新区','210100','3',NULL,NULL,NULL,NULL,NULL,NULL,'-1'), ('210114','于洪区','210100','3',NULL,NULL,NULL,NULL,NULL,NULL,'-1'), ('210122','辽中县','210100','3',NULL,NULL,NULL,NULL,NULL,NULL,'-1'), ('210123','康平县','210100','3',NULL,NULL,NULL,NULL,NULL,NULL,'-1'), ('210124','法库县','210100','3',NULL,NULL,NULL,NULL,NULL,NULL,'-1'), ('210181','新民市','210100','3',NULL,NULL,NULL,NULL,NULL,NULL,'-1'), ('210200','大连市','210000','2',NULL,NULL,NULL,NULL,NULL,NULL,'-1'), ('210201','市辖区','210200','3',NULL,NULL,NULL,NULL,NULL,NULL,'-1'), ('210202','中山区','210200','3',NULL,NULL,NULL,NULL,NULL,NULL,'-1'), ('210203','西岗区','210200','3',NULL,NULL,NULL,NULL,NULL,NULL,'-1'), ('210204','沙河口区','210200','3',NULL,NULL,NULL,NULL,NULL,NULL,'-1'), ('210211','甘井子区','210200','3',NULL,NULL,NULL,NULL,NULL,NULL,'-1'), ('210212','旅顺口区','210200','3',NULL,NULL,NULL,NULL,NULL,NULL,'-1'), ('210213','金州区','210200','3',NULL,NULL,NULL,NULL,NULL,NULL,'-1'), ('210224','长海县','210200','3',NULL,NULL,NULL,NULL,NULL,NULL,'-1'), ('210281','瓦房店市','210200','3',NULL,NULL,NULL,NULL,NULL,NULL,'-1'), ('210282','普兰店市','210200','3',NULL,NULL,NULL,NULL,NULL,NULL,'-1'), ('210283','庄河市','210200','3',NULL,NULL,NULL,NULL,NULL,NULL,'-1'), ('210300','鞍山市','210000','2',NULL,NULL,NULL,NULL,NULL,NULL,'-1'), ('210301','市辖区','210300','3',NULL,NULL,NULL,NULL,NULL,NULL,'-1'), ('210302','铁东区','210300','3',NULL,NULL,NULL,NULL,NULL,NULL,'-1'), ('210303','铁西区','210300','3',NULL,NULL,NULL,NULL,NULL,NULL,'-1'), ('210304','立山区','210300','3',NULL,NULL,NULL,NULL,NULL,NULL,'-1'), ('210311','千山区','210300','3',NULL,NULL,NULL,NULL,NULL,NULL,'-1'), ('210321','台安县','210300','3',NULL,NULL,NULL,NULL,NULL,NULL,'-1'), ('210323','岫岩满族自治县','210300','3',NULL,NULL,NULL,NULL,NULL,NULL,'-1'), ('210381','海城市','210300','3',NULL,NULL,NULL,NULL,NULL,NULL,'-1'), ('210400','抚顺市','210000','2',NULL,NULL,NULL,NULL,NULL,NULL,'-1'), ('210401','市辖区','210400','3',NULL,NULL,NULL,NULL,NULL,NULL,'-1'), ('210402','新抚区','210400','3',NULL,NULL,NULL,NULL,NULL,NULL,'-1'), ('210403','东洲区','210400','3',NULL,NULL,NULL,NULL,NULL,NULL,'-1'), ('210404','望花区','210400','3',NULL,NULL,NULL,NULL,NULL,NULL,'-1'), ('210411','顺城区','210400','3',NULL,NULL,NULL,NULL,NULL,NULL,'-1'), ('210421','抚顺县','210400','3',NULL,NULL,NULL,NULL,NULL,NULL,'-1'), ('210422','新宾满族自治县','210400','3',NULL,NULL,NULL,NULL,NULL,NULL,'-1'), ('210423','清原满族自治县','210400','3',NULL,NULL,NULL,NULL,NULL,NULL,'-1'), ('210500','本溪市','210000','2',NULL,NULL,NULL,NULL,NULL,NULL,'-1'), ('210501','市辖区','210500','3',NULL,NULL,NULL,NULL,NULL,NULL,'-1'), ('210502','平山区','210500','3',NULL,NULL,NULL,NULL,NULL,NULL,'-1'), ('210503','溪湖区','210500','3',NULL,NULL,NULL,NULL,NULL,NULL,'-1'), ('210504','明山区','210500','3',NULL,NULL,NULL,NULL,NULL,NULL,'-1'), ('210505','南芬区','210500','3',NULL,NULL,NULL,NULL,NULL,NULL,'-1'), ('210521','本溪满族自治县','210500','3',NULL,NULL,NULL,NULL,NULL,NULL,'-1'), ('210522','桓仁满族自治县','210500','3',NULL,NULL,NULL,NULL,NULL,NULL,'-1'), ('210600','丹东市','210000','2',NULL,NULL,NULL,NULL,NULL,NULL,'-1'), ('210601','市辖区','210600','3',NULL,NULL,NULL,NULL,NULL,NULL,'-1'), ('210602','元宝区','210600','3',NULL,NULL,NULL,NULL,NULL,NULL,'-1'), ('210603','振兴区','210600','3',NULL,NULL,NULL,NULL,NULL,NULL,'-1'), ('210604','振安区','210600','3',NULL,NULL,NULL,NULL,NULL,NULL,'-1'), ('210624','宽甸满族自治县','210600','3',NULL,NULL,NULL,NULL,NULL,NULL,'-1'), ('210681','东港市','210600','3',NULL,NULL,NULL,NULL,NULL,NULL,'-1'), ('210682','凤城市','210600','3',NULL,NULL,NULL,NULL,NULL,NULL,'-1'), ('210700','锦州市','210000','2',NULL,NULL,NULL,NULL,NULL,NULL,'-1'), ('210701','市辖区','210700','3',NULL,NULL,NULL,NULL,NULL,NULL,'-1'), ('210702','古塔区','210700','3',NULL,NULL,NULL,NULL,NULL,NULL,'-1'), ('210703','凌河区','210700','3',NULL,NULL,NULL,NULL,NULL,NULL,'-1'), ('210711','太和区','210700','3',NULL,NULL,NULL,NULL,NULL,NULL,'-1'), ('210726','黑山县','210700','3',NULL,NULL,NULL,NULL,NULL,NULL,'-1'), ('210727','义县','210700','3',NULL,NULL,NULL,NULL,NULL,NULL,'-1'), ('210781','凌海市','210700','3',NULL,NULL,NULL,NULL,NULL,NULL,'-1'), ('210782','北镇市','210700','3',NULL,NULL,NULL,NULL,NULL,NULL,'-1'), ('210800','营口市','210000','2',NULL,NULL,NULL,NULL,NULL,NULL,'-1'), ('210801','市辖区','210800','3',NULL,NULL,NULL,NULL,NULL,NULL,'-1'), ('210802','站前区','210800','3',NULL,NULL,NULL,NULL,NULL,NULL,'-1'), ('210803','西市区','210800','3',NULL,NULL,NULL,NULL,NULL,NULL,'-1'), ('210804','鲅鱼圈区','210800','3',NULL,NULL,NULL,NULL,NULL,NULL,'-1'), ('210811','老边区','210800','3',NULL,NULL,NULL,NULL,NULL,NULL,'-1'), ('210881','盖州市','210800','3',NULL,NULL,NULL,NULL,NULL,NULL,'-1'), ('210882','大石桥市','210800','3',NULL,NULL,NULL,NULL,NULL,NULL,'-1'), ('210900','阜新市','210000','2',NULL,NULL,NULL,NULL,NULL,NULL,'-1'), ('210901','市辖区','210900','3',NULL,NULL,NULL,NULL,NULL,NULL,'-1'), ('210902','海州区','210900','3',NULL,NULL,NULL,NULL,NULL,NULL,'-1'), ('210903','新邱区','210900','3',NULL,NULL,NULL,NULL,NULL,NULL,'-1'), ('210904','太平区','210900','3',NULL,NULL,NULL,NULL,NULL,NULL,'-1'), ('210905','清河门区','210900','3',NULL,NULL,NULL,NULL,NULL,NULL,'-1'), ('210911','细河区','210900','3',NULL,NULL,NULL,NULL,NULL,NULL,'-1'), ('210921','阜新蒙古族自治县','210900','3',NULL,NULL,NULL,NULL,NULL,NULL,'-1'), ('210922','彰武县','210900','3',NULL,NULL,NULL,NULL,NULL,NULL,'-1'), ('211000','辽阳市','210000','2',NULL,NULL,NULL,NULL,NULL,NULL,'-1'), ('211001','市辖区','211000','3',NULL,NULL,NULL,NULL,NULL,NULL,'-1'), ('211002','白塔区','211000','3',NULL,NULL,NULL,NULL,NULL,NULL,'-1'), ('211003','文圣区','211000','3',NULL,NULL,NULL,NULL,NULL,NULL,'-1'), ('211004','宏伟区','211000','3',NULL,NULL,NULL,NULL,NULL,NULL,'-1'), ('211005','弓长岭区','211000','3',NULL,NULL,NULL,NULL,NULL,NULL,'-1'), ('211011','太子河区','211000','3',NULL,NULL,NULL,NULL,NULL,NULL,'-1'), ('211021','辽阳县','211000','3',NULL,NULL,NULL,NULL,NULL,NULL,'-1'), ('211081','灯塔市','211000','3',NULL,NULL,NULL,NULL,NULL,NULL,'-1'), ('211100','盘锦市','210000','2',NULL,NULL,NULL,NULL,NULL,NULL,'-1'), ('211101','市辖区','211100','3',NULL,NULL,NULL,NULL,NULL,NULL,'-1'), ('211102','双台子区','211100','3',NULL,NULL,NULL,NULL,NULL,NULL,'-1'), ('211103','兴隆台区','211100','3',NULL,NULL,NULL,NULL,NULL,NULL,'-1');
INSERT INTO `t_data_area` VALUES ('211121','大洼县','211100','3',NULL,NULL,NULL,NULL,NULL,NULL,'-1'), ('211122','盘山县','211100','3',NULL,NULL,NULL,NULL,NULL,NULL,'-1'), ('211200','铁岭市','210000','2',NULL,NULL,NULL,NULL,NULL,NULL,'-1'), ('211201','市辖区','211200','3',NULL,NULL,NULL,NULL,NULL,NULL,'-1'), ('211202','银州区','211200','3',NULL,NULL,NULL,NULL,NULL,NULL,'-1'), ('211204','清河区','211200','3',NULL,NULL,NULL,NULL,NULL,NULL,'-1'), ('211221','铁岭县','211200','3',NULL,NULL,NULL,NULL,NULL,NULL,'-1'), ('211223','西丰县','211200','3',NULL,NULL,NULL,NULL,NULL,NULL,'-1'), ('211224','昌图县','211200','3',NULL,NULL,NULL,NULL,NULL,NULL,'-1'), ('211281','调兵山市','211200','3',NULL,NULL,NULL,NULL,NULL,NULL,'-1'), ('211282','开原市','211200','3',NULL,NULL,NULL,NULL,NULL,NULL,'-1'), ('211300','朝阳市','210000','2',NULL,NULL,NULL,NULL,NULL,NULL,'-1'), ('211301','市辖区','211300','3',NULL,NULL,NULL,NULL,NULL,NULL,'-1'), ('211302','双塔区','211300','3',NULL,NULL,NULL,NULL,NULL,NULL,'-1'), ('211303','龙城区','211300','3',NULL,NULL,NULL,NULL,NULL,NULL,'-1'), ('211321','朝阳县','211300','3',NULL,NULL,NULL,NULL,NULL,NULL,'-1'), ('211322','建平县','211300','3',NULL,NULL,NULL,NULL,NULL,NULL,'-1'), ('211324','喀喇沁左翼蒙古族自治县','211300','3',NULL,NULL,NULL,NULL,NULL,NULL,'-1'), ('211381','北票市','211300','3',NULL,NULL,NULL,NULL,NULL,NULL,'-1'), ('211382','凌源市','211300','3',NULL,NULL,NULL,NULL,NULL,NULL,'-1'), ('211400','葫芦岛市','210000','2',NULL,NULL,NULL,NULL,NULL,NULL,'-1'), ('211401','市辖区','211400','3',NULL,NULL,NULL,NULL,NULL,NULL,'-1'), ('211402','连山区','211400','3',NULL,NULL,NULL,NULL,NULL,NULL,'-1'), ('211403','龙港区','211400','3',NULL,NULL,NULL,NULL,NULL,NULL,'-1'), ('211404','南票区','211400','3',NULL,NULL,NULL,NULL,NULL,NULL,'-1'), ('211421','绥中县','211400','3',NULL,NULL,NULL,NULL,NULL,NULL,'-1'), ('211422','建昌县','211400','3',NULL,NULL,NULL,NULL,NULL,NULL,'-1'), ('211481','兴城市','211400','3',NULL,NULL,NULL,NULL,NULL,NULL,'-1'), ('220000','吉林省','100000','1',NULL,NULL,NULL,NULL,NULL,NULL,'-1'), ('220100','长春市','220000','2',NULL,NULL,NULL,NULL,NULL,NULL,'-1'), ('220101','市辖区','220100','3',NULL,NULL,NULL,NULL,NULL,NULL,'-1'), ('220102','南关区','220100','3',NULL,NULL,NULL,NULL,NULL,NULL,'-1'), ('220103','宽城区','220100','3',NULL,NULL,NULL,NULL,NULL,NULL,'-1'), ('220104','朝阳区','220100','3',NULL,NULL,NULL,NULL,NULL,NULL,'-1'), ('220105','二道区','220100','3',NULL,NULL,NULL,NULL,NULL,NULL,'-1'), ('220106','绿园区','220100','3',NULL,NULL,NULL,NULL,NULL,NULL,'-1'), ('220112','双阳区','220100','3',NULL,NULL,NULL,NULL,NULL,NULL,'-1'), ('220122','农安县','220100','3',NULL,NULL,NULL,NULL,NULL,NULL,'-1'), ('220181','九台市','220100','3',NULL,NULL,NULL,NULL,NULL,NULL,'-1'), ('220182','榆树市','220100','3',NULL,NULL,NULL,NULL,NULL,NULL,'-1'), ('220183','德惠市','220100','3',NULL,NULL,NULL,NULL,NULL,NULL,'-1'), ('220200','吉林市','220000','2',NULL,NULL,NULL,NULL,NULL,NULL,'-1'), ('220201','市辖区','220200','3',NULL,NULL,NULL,NULL,NULL,NULL,'-1'), ('220202','昌邑区','220200','3',NULL,NULL,NULL,NULL,NULL,NULL,'-1'), ('220203','龙潭区','220200','3',NULL,NULL,NULL,NULL,NULL,NULL,'-1'), ('220204','船营区','220200','3',NULL,NULL,NULL,NULL,NULL,NULL,'-1'), ('220211','丰满区','220200','3',NULL,NULL,NULL,NULL,NULL,NULL,'-1'), ('220221','永吉县','220200','3',NULL,NULL,NULL,NULL,NULL,NULL,'-1'), ('220281','蛟河市','220200','3',NULL,NULL,NULL,NULL,NULL,NULL,'-1'), ('220282','桦甸市','220200','3',NULL,NULL,NULL,NULL,NULL,NULL,'-1'), ('220283','舒兰市','220200','3',NULL,NULL,NULL,NULL,NULL,NULL,'-1'), ('220284','磐石市','220200','3',NULL,NULL,NULL,NULL,NULL,NULL,'-1'), ('220300','四平市','220000','2',NULL,NULL,NULL,NULL,NULL,NULL,'-1'), ('220301','市辖区','220300','3',NULL,NULL,NULL,NULL,NULL,NULL,'-1'), ('220302','铁西区','220300','3',NULL,NULL,NULL,NULL,NULL,NULL,'-1'), ('220303','铁东区','220300','3',NULL,NULL,NULL,NULL,NULL,NULL,'-1'), ('220322','梨树县','220300','3',NULL,NULL,NULL,NULL,NULL,NULL,'-1'), ('220323','伊通满族自治县','220300','3',NULL,NULL,NULL,NULL,NULL,NULL,'-1'), ('220381','公主岭市','220300','3',NULL,NULL,NULL,NULL,NULL,NULL,'-1'), ('220382','双辽市','220300','3',NULL,NULL,NULL,NULL,NULL,NULL,'-1'), ('220400','辽源市','220000','2',NULL,NULL,NULL,NULL,NULL,NULL,'-1'), ('220401','市辖区','220400','3',NULL,NULL,NULL,NULL,NULL,NULL,'-1'), ('220402','龙山区','220400','3',NULL,NULL,NULL,NULL,NULL,NULL,'-1'), ('220403','西安区','220400','3',NULL,NULL,NULL,NULL,NULL,NULL,'-1'), ('220421','东丰县','220400','3',NULL,NULL,NULL,NULL,NULL,NULL,'-1'), ('220422','东辽县','220400','3',NULL,NULL,NULL,NULL,NULL,NULL,'-1'), ('220500','通化市','220000','2',NULL,NULL,NULL,NULL,NULL,NULL,'-1'), ('220501','市辖区','220500','3',NULL,NULL,NULL,NULL,NULL,NULL,'-1'), ('220502','东昌区','220500','3',NULL,NULL,NULL,NULL,NULL,NULL,'-1'), ('220503','二道江区','220500','3',NULL,NULL,NULL,NULL,NULL,NULL,'-1'), ('220521','通化县','220500','3',NULL,NULL,NULL,NULL,NULL,NULL,'-1'), ('220523','辉南县','220500','3',NULL,NULL,NULL,NULL,NULL,NULL,'-1'), ('220524','柳河县','220500','3',NULL,NULL,NULL,NULL,NULL,NULL,'-1'), ('220581','梅河口市','220500','3',NULL,NULL,NULL,NULL,NULL,NULL,'-1'), ('220582','集安市','220500','3',NULL,NULL,NULL,NULL,NULL,NULL,'-1'), ('220600','白山市','220000','2',NULL,NULL,NULL,NULL,NULL,NULL,'-1'), ('220601','市辖区','220600','3',NULL,NULL,NULL,NULL,NULL,NULL,'-1'), ('220602','浑江区','220600','3',NULL,NULL,NULL,NULL,NULL,NULL,'-1'), ('220605','江源区','220600','3',NULL,NULL,NULL,NULL,NULL,NULL,'-1'), ('220621','抚松县','220600','3',NULL,NULL,NULL,NULL,NULL,NULL,'-1'), ('220622','靖宇县','220600','3',NULL,NULL,NULL,NULL,NULL,NULL,'-1'), ('220623','长白朝鲜族自治县','220600','3',NULL,NULL,NULL,NULL,NULL,NULL,'-1'), ('220681','临江市','220600','3',NULL,NULL,NULL,NULL,NULL,NULL,'-1'), ('220700','松原市','220000','2',NULL,NULL,NULL,NULL,NULL,NULL,'-1'), ('220701','市辖区','220700','3',NULL,NULL,NULL,NULL,NULL,NULL,'-1'), ('220702','宁江区','220700','3',NULL,NULL,NULL,NULL,NULL,NULL,'-1'), ('220721','前郭尔罗斯蒙古族自治县','220700','3',NULL,NULL,NULL,NULL,NULL,NULL,'-1'), ('220722','长岭县','220700','3',NULL,NULL,NULL,NULL,NULL,NULL,'-1'), ('220723','乾安县','220700','3',NULL,NULL,NULL,NULL,NULL,NULL,'-1'), ('220724','扶余县','220700','3',NULL,NULL,NULL,NULL,NULL,NULL,'-1'), ('220800','白城市','220000','2',NULL,NULL,NULL,NULL,NULL,NULL,'-1'), ('220801','市辖区','220800','3',NULL,NULL,NULL,NULL,NULL,NULL,'-1'), ('220802','洮北区','220800','3',NULL,NULL,NULL,NULL,NULL,NULL,'-1'), ('220821','镇赉县','220800','3',NULL,NULL,NULL,NULL,NULL,NULL,'-1'), ('220822','通榆县','220800','3',NULL,NULL,NULL,NULL,NULL,NULL,'-1'), ('220881','洮南市','220800','3',NULL,NULL,NULL,NULL,NULL,NULL,'-1'), ('220882','大安市','220800','3',NULL,NULL,NULL,NULL,NULL,NULL,'-1'), ('222400','延边朝鲜族自治州','220000','2',NULL,NULL,NULL,NULL,NULL,NULL,'-1'), ('222401','延吉市','222400','3',NULL,NULL,NULL,NULL,NULL,NULL,'-1'), ('222402','图们市','222400','3',NULL,NULL,NULL,NULL,NULL,NULL,'-1');
INSERT INTO `t_data_area` VALUES ('222403','敦化市','222400','3',NULL,NULL,NULL,NULL,NULL,NULL,'-1'), ('222404','珲春市','222400','3',NULL,NULL,NULL,NULL,NULL,NULL,'-1'), ('222405','龙井市','222400','3',NULL,NULL,NULL,NULL,NULL,NULL,'-1'), ('222406','和龙市','222400','3',NULL,NULL,NULL,NULL,NULL,NULL,'-1'), ('222424','汪清县','222400','3',NULL,NULL,NULL,NULL,NULL,NULL,'-1'), ('222426','安图县','222400','3',NULL,NULL,NULL,NULL,NULL,NULL,'-1'), ('230000','黑龙江省','100000','1',NULL,NULL,NULL,NULL,NULL,NULL,'-1'), ('230100','哈尔滨市','230000','2',NULL,NULL,NULL,NULL,NULL,NULL,'-1'), ('230101','市辖区','230100','3',NULL,NULL,NULL,NULL,NULL,NULL,'-1'), ('230102','道里区','230100','3',NULL,NULL,NULL,NULL,NULL,NULL,'-1'), ('230103','南岗区','230100','3',NULL,NULL,NULL,NULL,NULL,NULL,'-1'), ('230104','道外区','230100','3',NULL,NULL,NULL,NULL,NULL,NULL,'-1'), ('230108','平房区','230100','3',NULL,NULL,NULL,NULL,NULL,NULL,'-1'), ('230109','松北区','230100','3',NULL,NULL,NULL,NULL,NULL,NULL,'-1'), ('230110','香坊区','230100','3',NULL,NULL,NULL,NULL,NULL,NULL,'-1'), ('230111','呼兰区','230100','3',NULL,NULL,NULL,NULL,NULL,NULL,'-1'), ('230112','阿城区','230100','3',NULL,NULL,NULL,NULL,NULL,NULL,'-1'), ('230123','依兰县','230100','3',NULL,NULL,NULL,NULL,NULL,NULL,'-1'), ('230124','方正县','230100','3',NULL,NULL,NULL,NULL,NULL,NULL,'-1'), ('230125','宾县','230100','3',NULL,NULL,NULL,NULL,NULL,NULL,'-1'), ('230126','巴彦县','230100','3',NULL,NULL,NULL,NULL,NULL,NULL,'-1'), ('230127','木兰县','230100','3',NULL,NULL,NULL,NULL,NULL,NULL,'-1'), ('230128','通河县','230100','3',NULL,NULL,NULL,NULL,NULL,NULL,'-1'), ('230129','延寿县','230100','3',NULL,NULL,NULL,NULL,NULL,NULL,'-1'), ('230182','双城市','230100','3',NULL,NULL,NULL,NULL,NULL,NULL,'-1'), ('230183','尚志市','230100','3',NULL,NULL,NULL,NULL,NULL,NULL,'-1'), ('230184','五常市','230100','3',NULL,NULL,NULL,NULL,NULL,NULL,'-1'), ('230200','齐齐哈尔市','230000','2',NULL,NULL,NULL,NULL,NULL,NULL,'-1'), ('230201','市辖区','230200','3',NULL,NULL,NULL,NULL,NULL,NULL,'-1'), ('230202','龙沙区','230200','3',NULL,NULL,NULL,NULL,NULL,NULL,'-1'), ('230203','建华区','230200','3',NULL,NULL,NULL,NULL,NULL,NULL,'-1'), ('230204','铁锋区','230200','3',NULL,NULL,NULL,NULL,NULL,NULL,'-1'), ('230205','昂昂溪区','230200','3',NULL,NULL,NULL,NULL,NULL,NULL,'-1'), ('230206','富拉尔基区','230200','3',NULL,NULL,NULL,NULL,NULL,NULL,'-1'), ('230207','碾子山区','230200','3',NULL,NULL,NULL,NULL,NULL,NULL,'-1'), ('230208','梅里斯达斡尔族区','230200','3',NULL,NULL,NULL,NULL,NULL,NULL,'-1'), ('230221','龙江县','230200','3',NULL,NULL,NULL,NULL,NULL,NULL,'-1'), ('230223','依安县','230200','3',NULL,NULL,NULL,NULL,NULL,NULL,'-1'), ('230224','泰来县','230200','3',NULL,NULL,NULL,NULL,NULL,NULL,'-1'), ('230225','甘南县','230200','3',NULL,NULL,NULL,NULL,NULL,NULL,'-1'), ('230227','富裕县','230200','3',NULL,NULL,NULL,NULL,NULL,NULL,'-1'), ('230229','克山县','230200','3',NULL,NULL,NULL,NULL,NULL,NULL,'-1'), ('230230','克东县','230200','3',NULL,NULL,NULL,NULL,NULL,NULL,'-1'), ('230231','拜泉县','230200','3',NULL,NULL,NULL,NULL,NULL,NULL,'-1'), ('230281','讷河市','230200','3',NULL,NULL,NULL,NULL,NULL,NULL,'-1'), ('230300','鸡西市','230000','2',NULL,NULL,NULL,NULL,NULL,NULL,'-1'), ('230301','市辖区','230300','3',NULL,NULL,NULL,NULL,NULL,NULL,'-1'), ('230302','鸡冠区','230300','3',NULL,NULL,NULL,NULL,NULL,NULL,'-1'), ('230303','恒山区','230300','3',NULL,NULL,NULL,NULL,NULL,NULL,'-1'), ('230304','滴道区','230300','3',NULL,NULL,NULL,NULL,NULL,NULL,'-1'), ('230305','梨树区','230300','3',NULL,NULL,NULL,NULL,NULL,NULL,'-1'), ('230306','城子河区','230300','3',NULL,NULL,NULL,NULL,NULL,NULL,'-1'), ('230307','麻山区','230300','3',NULL,NULL,NULL,NULL,NULL,NULL,'-1'), ('230321','鸡东县','230300','3',NULL,NULL,NULL,NULL,NULL,NULL,'-1'), ('230381','虎林市','230300','3',NULL,NULL,NULL,NULL,NULL,NULL,'-1'), ('230382','密山市','230300','3',NULL,NULL,NULL,NULL,NULL,NULL,'-1'), ('230400','鹤岗市','230000','2',NULL,NULL,NULL,NULL,NULL,NULL,'-1'), ('230401','市辖区','230400','3',NULL,NULL,NULL,NULL,NULL,NULL,'-1'), ('230402','向阳区','230400','3',NULL,NULL,NULL,NULL,NULL,NULL,'-1'), ('230403','工农区','230400','3',NULL,NULL,NULL,NULL,NULL,NULL,'-1'), ('230404','南山区','230400','3',NULL,NULL,NULL,NULL,NULL,NULL,'-1'), ('230405','兴安区','230400','3',NULL,NULL,NULL,NULL,NULL,NULL,'-1'), ('230406','东山区','230400','3',NULL,NULL,NULL,NULL,NULL,NULL,'-1'), ('230407','兴山区','230400','3',NULL,NULL,NULL,NULL,NULL,NULL,'-1'), ('230421','萝北县','230400','3',NULL,NULL,NULL,NULL,NULL,NULL,'-1'), ('230422','绥滨县','230400','3',NULL,NULL,NULL,NULL,NULL,NULL,'-1'), ('230500','双鸭山市','230000','2',NULL,NULL,NULL,NULL,NULL,NULL,'-1'), ('230501','市辖区','230500','3',NULL,NULL,NULL,NULL,NULL,NULL,'-1'), ('230502','尖山区','230500','3',NULL,NULL,NULL,NULL,NULL,NULL,'-1'), ('230503','岭东区','230500','3',NULL,NULL,NULL,NULL,NULL,NULL,'-1'), ('230505','四方台区','230500','3',NULL,NULL,NULL,NULL,NULL,NULL,'-1'), ('230506','宝山区','230500','3',NULL,NULL,NULL,NULL,NULL,NULL,'-1'), ('230521','集贤县','230500','3',NULL,NULL,NULL,NULL,NULL,NULL,'-1'), ('230522','友谊县','230500','3',NULL,NULL,NULL,NULL,NULL,NULL,'-1'), ('230523','宝清县','230500','3',NULL,NULL,NULL,NULL,NULL,NULL,'-1'), ('230524','饶河县','230500','3',NULL,NULL,NULL,NULL,NULL,NULL,'-1'), ('230600','大庆市','230000','2',NULL,NULL,NULL,NULL,NULL,NULL,'-1'), ('230601','市辖区','230600','3',NULL,NULL,NULL,NULL,NULL,NULL,'-1'), ('230602','萨尔图区','230600','3',NULL,NULL,NULL,NULL,NULL,NULL,'-1'), ('230603','龙凤区','230600','3',NULL,NULL,NULL,NULL,NULL,NULL,'-1'), ('230604','让胡路区','230600','3',NULL,NULL,NULL,NULL,NULL,NULL,'-1'), ('230605','红岗区','230600','3',NULL,NULL,NULL,NULL,NULL,NULL,'-1'), ('230606','大同区','230600','3',NULL,NULL,NULL,NULL,NULL,NULL,'-1'), ('230621','肇州县','230600','3',NULL,NULL,NULL,NULL,NULL,NULL,'-1'), ('230622','肇源县','230600','3',NULL,NULL,NULL,NULL,NULL,NULL,'-1'), ('230623','林甸县','230600','3',NULL,NULL,NULL,NULL,NULL,NULL,'-1'), ('230624','杜尔伯特蒙古族自治县','230600','3',NULL,NULL,NULL,NULL,NULL,NULL,'-1'), ('230700','伊春市','230000','2',NULL,NULL,NULL,NULL,NULL,NULL,'-1'), ('230701','市辖区','230700','3',NULL,NULL,NULL,NULL,NULL,NULL,'-1'), ('230702','伊春区','230700','3',NULL,NULL,NULL,NULL,NULL,NULL,'-1'), ('230703','南岔区','230700','3',NULL,NULL,NULL,NULL,NULL,NULL,'-1'), ('230704','友好区','230700','3',NULL,NULL,NULL,NULL,NULL,NULL,'-1'), ('230705','西林区','230700','3',NULL,NULL,NULL,NULL,NULL,NULL,'-1'), ('230706','翠峦区','230700','3',NULL,NULL,NULL,NULL,NULL,NULL,'-1'), ('230707','新青区','230700','3',NULL,NULL,NULL,NULL,NULL,NULL,'-1'), ('230708','美溪区','230700','3',NULL,NULL,NULL,NULL,NULL,NULL,'-1'), ('230709','金山屯区','230700','3',NULL,NULL,NULL,NULL,NULL,NULL,'-1'), ('230710','五营区','230700','3',NULL,NULL,NULL,NULL,NULL,NULL,'-1'), ('230711','乌马河区','230700','3',NULL,NULL,NULL,NULL,NULL,NULL,'-1'), ('230712','汤旺河区','230700','3',NULL,NULL,NULL,NULL,NULL,NULL,'-1');
INSERT INTO `t_data_area` VALUES ('230713','带岭区','230700','3',NULL,NULL,NULL,NULL,NULL,NULL,'-1'), ('230714','乌伊岭区','230700','3',NULL,NULL,NULL,NULL,NULL,NULL,'-1'), ('230715','红星区','230700','3',NULL,NULL,NULL,NULL,NULL,NULL,'-1'), ('230716','上甘岭区','230700','3',NULL,NULL,NULL,NULL,NULL,NULL,'-1'), ('230722','嘉荫县','230700','3',NULL,NULL,NULL,NULL,NULL,NULL,'-1'), ('230781','铁力市','230700','3',NULL,NULL,NULL,NULL,NULL,NULL,'-1'), ('230800','佳木斯市','230000','2',NULL,NULL,NULL,NULL,NULL,NULL,'-1'), ('230801','市辖区','230800','3',NULL,NULL,NULL,NULL,NULL,NULL,'-1'), ('230803','向阳区','230800','3',NULL,NULL,NULL,NULL,NULL,NULL,'-1'), ('230804','前进区','230800','3',NULL,NULL,NULL,NULL,NULL,NULL,'-1'), ('230805','东风区','230800','3',NULL,NULL,NULL,NULL,NULL,NULL,'-1'), ('230811','郊区','230800','3',NULL,NULL,NULL,NULL,NULL,NULL,'-1'), ('230822','桦南县','230800','3',NULL,NULL,NULL,NULL,NULL,NULL,'-1'), ('230826','桦川县','230800','3',NULL,NULL,NULL,NULL,NULL,NULL,'-1'), ('230828','汤原县','230800','3',NULL,NULL,NULL,NULL,NULL,NULL,'-1'), ('230833','抚远县','230800','3',NULL,NULL,NULL,NULL,NULL,NULL,'-1'), ('230881','同江市','230800','3',NULL,NULL,NULL,NULL,NULL,NULL,'-1'), ('230882','富锦市','230800','3',NULL,NULL,NULL,NULL,NULL,NULL,'-1'), ('230900','七台河市','230000','2',NULL,NULL,NULL,NULL,NULL,NULL,'-1'), ('230901','市辖区','230900','3',NULL,NULL,NULL,NULL,NULL,NULL,'-1'), ('230902','新兴区','230900','3',NULL,NULL,NULL,NULL,NULL,NULL,'-1'), ('230903','桃山区','230900','3',NULL,NULL,NULL,NULL,NULL,NULL,'-1'), ('230904','茄子河区','230900','3',NULL,NULL,NULL,NULL,NULL,NULL,'-1'), ('230921','勃利县','230900','3',NULL,NULL,NULL,NULL,NULL,NULL,'-1'), ('231000','牡丹江市','230000','2',NULL,NULL,NULL,NULL,NULL,NULL,'-1'), ('231001','市辖区','231000','3',NULL,NULL,NULL,NULL,NULL,NULL,'-1'), ('231002','东安区','231000','3',NULL,NULL,NULL,NULL,NULL,NULL,'-1'), ('231003','阳明区','231000','3',NULL,NULL,NULL,NULL,NULL,NULL,'-1'), ('231004','爱民区','231000','3',NULL,NULL,NULL,NULL,NULL,NULL,'-1'), ('231005','西安区','231000','3',NULL,NULL,NULL,NULL,NULL,NULL,'-1'), ('231024','东宁县','231000','3',NULL,NULL,NULL,NULL,NULL,NULL,'-1'), ('231025','林口县','231000','3',NULL,NULL,NULL,NULL,NULL,NULL,'-1'), ('231081','绥芬河市','231000','3',NULL,NULL,NULL,NULL,NULL,NULL,'-1'), ('231083','海林市','231000','3',NULL,NULL,NULL,NULL,NULL,NULL,'-1'), ('231084','宁安市','231000','3',NULL,NULL,NULL,NULL,NULL,NULL,'-1'), ('231085','穆棱市','231000','3',NULL,NULL,NULL,NULL,NULL,NULL,'-1'), ('231100','黑河市','230000','2',NULL,NULL,NULL,NULL,NULL,NULL,'-1'), ('231101','市辖区','231100','3',NULL,NULL,NULL,NULL,NULL,NULL,'-1'), ('231102','爱辉区','231100','3',NULL,NULL,NULL,NULL,NULL,NULL,'-1'), ('231121','嫩江县','231100','3',NULL,NULL,NULL,NULL,NULL,NULL,'-1'), ('231123','逊克县','231100','3',NULL,NULL,NULL,NULL,NULL,NULL,'-1'), ('231124','孙吴县','231100','3',NULL,NULL,NULL,NULL,NULL,NULL,'-1'), ('231181','北安市','231100','3',NULL,NULL,NULL,NULL,NULL,NULL,'-1'), ('231182','五大连池市','231100','3',NULL,NULL,NULL,NULL,NULL,NULL,'-1'), ('231200','绥化市','230000','2',NULL,NULL,NULL,NULL,NULL,NULL,'-1'), ('231201','市辖区','231200','3',NULL,NULL,NULL,NULL,NULL,NULL,'-1'), ('231202','北林区','231200','3',NULL,NULL,NULL,NULL,NULL,NULL,'-1'), ('231221','望奎县','231200','3',NULL,NULL,NULL,NULL,NULL,NULL,'-1'), ('231222','兰西县','231200','3',NULL,NULL,NULL,NULL,NULL,NULL,'-1'), ('231223','青冈县','231200','3',NULL,NULL,NULL,NULL,NULL,NULL,'-1'), ('231224','庆安县','231200','3',NULL,NULL,NULL,NULL,NULL,NULL,'-1'), ('231225','明水县','231200','3',NULL,NULL,NULL,NULL,NULL,NULL,'-1'), ('231226','绥棱县','231200','3',NULL,NULL,NULL,NULL,NULL,NULL,'-1'), ('231281','安达市','231200','3',NULL,NULL,NULL,NULL,NULL,NULL,'-1'), ('231282','肇东市','231200','3',NULL,NULL,NULL,NULL,NULL,NULL,'-1'), ('231283','海伦市','231200','3',NULL,NULL,NULL,NULL,NULL,NULL,'-1'), ('232700','大兴安岭地区','230000','2',NULL,NULL,NULL,NULL,NULL,NULL,'-1'), ('232721','呼玛县','232700','3',NULL,NULL,NULL,NULL,NULL,NULL,'-1'), ('232722','塔河县','232700','3',NULL,NULL,NULL,NULL,NULL,NULL,'-1'), ('232723','漠河县','232700','3',NULL,NULL,NULL,NULL,NULL,NULL,'-1'), ('310000','上海市','100000','1',NULL,NULL,NULL,NULL,NULL,NULL,'-1'), ('310100','市辖区','310000','2',NULL,NULL,NULL,NULL,NULL,NULL,'-1'), ('310101','黄浦区','310100','3',NULL,NULL,NULL,NULL,NULL,NULL,'-1'), ('310104','徐汇区','310100','3',NULL,NULL,NULL,NULL,NULL,NULL,'-1'), ('310105','长宁区','310100','3',NULL,NULL,NULL,NULL,NULL,NULL,'-1'), ('310106','静安区','310100','3',NULL,NULL,NULL,NULL,NULL,NULL,'-1'), ('310107','普陀区','310100','3',NULL,NULL,NULL,NULL,NULL,NULL,'-1'), ('310108','闸北区','310100','3',NULL,NULL,NULL,NULL,NULL,NULL,'-1'), ('310109','虹口区','310100','3',NULL,NULL,NULL,NULL,NULL,NULL,'-1'), ('310110','杨浦区','310100','3',NULL,NULL,NULL,NULL,NULL,NULL,'-1'), ('310112','闵行区','310100','3',NULL,NULL,NULL,NULL,NULL,NULL,'-1'), ('310113','宝山区','310100','3',NULL,NULL,NULL,NULL,NULL,NULL,'-1'), ('310114','嘉定区','310100','3',NULL,NULL,NULL,NULL,NULL,NULL,'-1'), ('310115','浦东新区','310100','3',NULL,NULL,NULL,NULL,NULL,NULL,'-1'), ('310116','金山区','310100','3',NULL,NULL,NULL,NULL,NULL,NULL,'-1'), ('310117','松江区','310100','3',NULL,NULL,NULL,NULL,NULL,NULL,'-1'), ('310118','青浦区','310100','3',NULL,NULL,NULL,NULL,NULL,NULL,'-1'), ('310120','奉贤区','310100','3',NULL,NULL,NULL,NULL,NULL,NULL,'-1'), ('310200','县','310000','2',NULL,NULL,NULL,NULL,NULL,NULL,'-1'), ('310230','崇明县','310200','3',NULL,NULL,NULL,NULL,NULL,NULL,'-1'), ('320000','江苏省','100000','1',NULL,NULL,NULL,NULL,NULL,NULL,'-1'), ('320100','南京市','320000','2',NULL,NULL,NULL,NULL,NULL,NULL,'-1'), ('320101','市辖区','320100','3',NULL,NULL,NULL,NULL,NULL,NULL,'-1'), ('320102','玄武区','320100','3',NULL,NULL,NULL,NULL,NULL,NULL,'-1'), ('320103','白下区','320100','3',NULL,NULL,NULL,NULL,NULL,NULL,'-1'), ('320104','秦淮区','320100','3',NULL,NULL,NULL,NULL,NULL,NULL,'-1'), ('320105','建邺区','320100','3',NULL,NULL,NULL,NULL,NULL,NULL,'-1'), ('320106','鼓楼区','320100','3',NULL,NULL,NULL,NULL,NULL,NULL,'-1'), ('320107','下关区','320100','3',NULL,NULL,NULL,NULL,NULL,NULL,'-1'), ('320111','浦口区','320100','3',NULL,NULL,NULL,NULL,NULL,NULL,'-1'), ('320113','栖霞区','320100','3',NULL,NULL,NULL,NULL,NULL,NULL,'-1'), ('320114','雨花台区','320100','3',NULL,NULL,NULL,NULL,NULL,NULL,'-1'), ('320115','江宁区','320100','3',NULL,NULL,NULL,NULL,NULL,NULL,'-1'), ('320116','六合区','320100','3',NULL,NULL,NULL,NULL,NULL,NULL,'-1'), ('320124','溧水县','320100','3',NULL,NULL,NULL,NULL,NULL,NULL,'-1'), ('320125','高淳县','320100','3',NULL,NULL,NULL,NULL,NULL,NULL,'-1'), ('320200','无锡市','320000','2',NULL,NULL,NULL,NULL,NULL,NULL,'-1'), ('320201','市辖区','320200','3',NULL,NULL,NULL,NULL,NULL,NULL,'-1'), ('320202','崇安区','320200','3',NULL,NULL,NULL,NULL,NULL,NULL,'-1'), ('320203','南长区','320200','3',NULL,NULL,NULL,NULL,NULL,NULL,'-1');
INSERT INTO `t_data_area` VALUES ('320204','北塘区','320200','3',NULL,NULL,NULL,NULL,NULL,NULL,'-1'), ('320205','锡山区','320200','3',NULL,NULL,NULL,NULL,NULL,NULL,'-1'), ('320206','惠山区','320200','3',NULL,NULL,NULL,NULL,NULL,NULL,'-1'), ('320211','滨湖区','320200','3',NULL,NULL,NULL,NULL,NULL,NULL,'-1'), ('320281','江阴市','320200','3',NULL,NULL,NULL,NULL,NULL,NULL,'-1'), ('320282','宜兴市','320200','3',NULL,NULL,NULL,NULL,NULL,NULL,'-1'), ('320300','徐州市','320000','2',NULL,NULL,NULL,NULL,NULL,NULL,'-1'), ('320301','市辖区','320300','3',NULL,NULL,NULL,NULL,NULL,NULL,'-1'), ('320302','鼓楼区','320300','3',NULL,NULL,NULL,NULL,NULL,NULL,'-1'), ('320303','云龙区','320300','3',NULL,NULL,NULL,NULL,NULL,NULL,'-1'), ('320305','贾汪区','320300','3',NULL,NULL,NULL,NULL,NULL,NULL,'-1'), ('320311','泉山区','320300','3',NULL,NULL,NULL,NULL,NULL,NULL,'-1'), ('320312','铜山区','320300','3',NULL,NULL,NULL,NULL,NULL,NULL,'-1'), ('320321','丰县','320300','3',NULL,NULL,NULL,NULL,NULL,NULL,'-1'), ('320322','沛县','320300','3',NULL,NULL,NULL,NULL,NULL,NULL,'-1'), ('320324','睢宁县','320300','3',NULL,NULL,NULL,NULL,NULL,NULL,'-1'), ('320381','新沂市','320300','3',NULL,NULL,NULL,NULL,NULL,NULL,'-1'), ('320382','邳州市','320300','3',NULL,NULL,NULL,NULL,NULL,NULL,'-1'), ('320400','常州市','320000','2',NULL,NULL,NULL,NULL,NULL,NULL,'-1'), ('320401','市辖区','320400','3',NULL,NULL,NULL,NULL,NULL,NULL,'-1'), ('320402','天宁区','320400','3',NULL,NULL,NULL,NULL,NULL,NULL,'-1'), ('320404','钟楼区','320400','3',NULL,NULL,NULL,NULL,NULL,NULL,'-1'), ('320405','戚墅堰区','320400','3',NULL,NULL,NULL,NULL,NULL,NULL,'-1'), ('320411','新北区','320400','3',NULL,NULL,NULL,NULL,NULL,NULL,'-1'), ('320412','武进区','320400','3',NULL,NULL,NULL,NULL,NULL,NULL,'-1'), ('320481','溧阳市','320400','3',NULL,NULL,NULL,NULL,NULL,NULL,'-1'), ('320482','金坛市','320400','3',NULL,NULL,NULL,NULL,NULL,NULL,'-1'), ('320500','苏州市','320000','2',NULL,NULL,NULL,NULL,NULL,NULL,'-1'), ('320501','市辖区','320500','3',NULL,NULL,NULL,NULL,NULL,NULL,'-1'), ('320505','虎丘区','320500','3',NULL,NULL,NULL,NULL,NULL,NULL,'-1'), ('320506','吴中区','320500','3',NULL,NULL,NULL,NULL,NULL,NULL,'-1'), ('320507','相城区','320500','3',NULL,NULL,NULL,NULL,NULL,NULL,'-1'), ('320508','姑苏区','320500','3',NULL,NULL,NULL,NULL,NULL,NULL,'-1'), ('320509','吴江区','320500','3',NULL,NULL,NULL,NULL,NULL,NULL,'-1'), ('320581','常熟市','320500','3',NULL,NULL,NULL,NULL,NULL,NULL,'-1'), ('320582','张家港市','320500','3',NULL,NULL,NULL,NULL,NULL,NULL,'-1'), ('320583','昆山市','320500','3',NULL,NULL,NULL,NULL,NULL,NULL,'-1'), ('320585','太仓市','320500','3',NULL,NULL,NULL,NULL,NULL,NULL,'-1'), ('320600','南通市','320000','2',NULL,NULL,NULL,NULL,NULL,NULL,'-1'), ('320601','市辖区','320600','3',NULL,NULL,NULL,NULL,NULL,NULL,'-1'), ('320602','崇川区','320600','3',NULL,NULL,NULL,NULL,NULL,NULL,'-1'), ('320611','港闸区','320600','3',NULL,NULL,NULL,NULL,NULL,NULL,'-1'), ('320612','通州区','320600','3',NULL,NULL,NULL,NULL,NULL,NULL,'-1'), ('320621','海安县','320600','3',NULL,NULL,NULL,NULL,NULL,NULL,'-1'), ('320623','如东县','320600','3',NULL,NULL,NULL,NULL,NULL,NULL,'-1'), ('320681','启东市','320600','3',NULL,NULL,NULL,NULL,NULL,NULL,'-1'), ('320682','如皋市','320600','3',NULL,NULL,NULL,NULL,NULL,NULL,'-1'), ('320684','海门市','320600','3',NULL,NULL,NULL,NULL,NULL,NULL,'-1'), ('320700','连云港市','320000','2',NULL,NULL,NULL,NULL,NULL,NULL,'-1'), ('320701','市辖区','320700','3',NULL,NULL,NULL,NULL,NULL,NULL,'-1'), ('320703','连云区','320700','3',NULL,NULL,NULL,NULL,NULL,NULL,'-1'), ('320705','新浦区','320700','3',NULL,NULL,NULL,NULL,NULL,NULL,'-1'), ('320706','海州区','320700','3',NULL,NULL,NULL,NULL,NULL,NULL,'-1'), ('320721','赣榆县','320700','3',NULL,NULL,NULL,NULL,NULL,NULL,'-1'), ('320722','东海县','320700','3',NULL,NULL,NULL,NULL,NULL,NULL,'-1'), ('320723','灌云县','320700','3',NULL,NULL,NULL,NULL,NULL,NULL,'-1'), ('320724','灌南县','320700','3',NULL,NULL,NULL,NULL,NULL,NULL,'-1'), ('320800','淮安市','320000','2',NULL,NULL,NULL,NULL,NULL,NULL,'-1'), ('320801','市辖区','320800','3',NULL,NULL,NULL,NULL,NULL,NULL,'-1'), ('320802','清河区','320800','3',NULL,NULL,NULL,NULL,NULL,NULL,'-1'), ('320803','淮安区','320800','3',NULL,NULL,NULL,NULL,NULL,NULL,'-1'), ('320804','淮阴区','320800','3',NULL,NULL,NULL,NULL,NULL,NULL,'-1'), ('320811','清浦区','320800','3',NULL,NULL,NULL,NULL,NULL,NULL,'-1'), ('320826','涟水县','320800','3',NULL,NULL,NULL,NULL,NULL,NULL,'-1'), ('320829','洪泽县','320800','3',NULL,NULL,NULL,NULL,NULL,NULL,'-1'), ('320830','盱眙县','320800','3',NULL,NULL,NULL,NULL,NULL,NULL,'-1'), ('320831','金湖县','320800','3',NULL,NULL,NULL,NULL,NULL,NULL,'-1'), ('320900','盐城市','320000','2',NULL,NULL,NULL,NULL,NULL,NULL,'-1'), ('320901','市辖区','320900','3',NULL,NULL,NULL,NULL,NULL,NULL,'-1'), ('320902','亭湖区','320900','3',NULL,NULL,NULL,NULL,NULL,NULL,'-1'), ('320903','盐都区','320900','3',NULL,NULL,NULL,NULL,NULL,NULL,'-1'), ('320921','响水县','320900','3',NULL,NULL,NULL,NULL,NULL,NULL,'-1'), ('320922','滨海县','320900','3',NULL,NULL,NULL,NULL,NULL,NULL,'-1'), ('320923','阜宁县','320900','3',NULL,NULL,NULL,NULL,NULL,NULL,'-1'), ('320924','射阳县','320900','3',NULL,NULL,NULL,NULL,NULL,NULL,'-1'), ('320925','建湖县','320900','3',NULL,NULL,NULL,NULL,NULL,NULL,'-1'), ('320981','东台市','320900','3',NULL,NULL,NULL,NULL,NULL,NULL,'-1'), ('320982','大丰市','320900','3',NULL,NULL,NULL,NULL,NULL,NULL,'-1'), ('321000','扬州市','320000','2',NULL,NULL,NULL,NULL,NULL,NULL,'-1'), ('321001','市辖区','321000','3',NULL,NULL,NULL,NULL,NULL,NULL,'-1'), ('321002','广陵区','321000','3',NULL,NULL,NULL,NULL,NULL,NULL,'-1'), ('321003','邗江区','321000','3',NULL,NULL,NULL,NULL,NULL,NULL,'-1'), ('321012','江都区','321000','3',NULL,NULL,NULL,NULL,NULL,NULL,'-1'), ('321023','宝应县','321000','3',NULL,NULL,NULL,NULL,NULL,NULL,'-1'), ('321081','仪征市','321000','3',NULL,NULL,NULL,NULL,NULL,NULL,'-1'), ('321084','高邮市','321000','3',NULL,NULL,NULL,NULL,NULL,NULL,'-1'), ('321100','镇江市','320000','2',NULL,NULL,NULL,NULL,NULL,NULL,'-1'), ('321101','市辖区','321100','3',NULL,NULL,NULL,NULL,NULL,NULL,'-1'), ('321102','京口区','321100','3',NULL,NULL,NULL,NULL,NULL,NULL,'-1'), ('321111','润州区','321100','3',NULL,NULL,NULL,NULL,NULL,NULL,'-1'), ('321112','丹徒区','321100','3',NULL,NULL,NULL,NULL,NULL,NULL,'-1'), ('321181','丹阳市','321100','3',NULL,NULL,NULL,NULL,NULL,NULL,'-1'), ('321182','扬中市','321100','3',NULL,NULL,NULL,NULL,NULL,NULL,'-1'), ('321183','句容市','321100','3',NULL,NULL,NULL,NULL,NULL,NULL,'-1'), ('321200','泰州市','320000','2',NULL,NULL,NULL,NULL,NULL,NULL,'-1'), ('321201','市辖区','321200','3',NULL,NULL,NULL,NULL,NULL,NULL,'-1'), ('321202','海陵区','321200','3',NULL,NULL,NULL,NULL,NULL,NULL,'-1'), ('321203','高港区','321200','3',NULL,NULL,NULL,NULL,NULL,NULL,'-1'), ('321281','兴化市','321200','3',NULL,NULL,NULL,NULL,NULL,NULL,'-1'), ('321282','靖江市','321200','3',NULL,NULL,NULL,NULL,NULL,NULL,'-1');
INSERT INTO `t_data_area` VALUES ('321283','泰兴市','321200','3',NULL,NULL,NULL,NULL,NULL,NULL,'-1'), ('321284','姜堰市','321200','3',NULL,NULL,NULL,NULL,NULL,NULL,'-1'), ('321300','宿迁市','320000','2',NULL,NULL,NULL,NULL,NULL,NULL,'-1'), ('321301','市辖区','321300','3',NULL,NULL,NULL,NULL,NULL,NULL,'-1'), ('321302','宿城区','321300','3',NULL,NULL,NULL,NULL,NULL,NULL,'-1'), ('321311','宿豫区','321300','3',NULL,NULL,NULL,NULL,NULL,NULL,'-1'), ('321322','沭阳县','321300','3',NULL,NULL,NULL,NULL,NULL,NULL,'-1'), ('321323','泗阳县','321300','3',NULL,NULL,NULL,NULL,NULL,NULL,'-1'), ('321324','泗洪县','321300','3',NULL,NULL,NULL,NULL,NULL,NULL,'-1'), ('330000','浙江省','100000','1',NULL,NULL,NULL,NULL,NULL,NULL,'-1'), ('330100','杭州市','330000','2',NULL,NULL,NULL,NULL,NULL,NULL,'-1'), ('330101','市辖区','330100','3',NULL,NULL,NULL,NULL,NULL,NULL,'-1'), ('330102','上城区','330100','3',NULL,NULL,NULL,NULL,NULL,NULL,'-1'), ('330103','下城区','330100','3',NULL,NULL,NULL,NULL,NULL,NULL,'-1'), ('330104','江干区','330100','3',NULL,NULL,NULL,NULL,NULL,NULL,'-1'), ('330105','拱墅区','330100','3',NULL,NULL,NULL,NULL,NULL,NULL,'-1'), ('330106','西湖区','330100','3',NULL,NULL,NULL,NULL,NULL,NULL,'-1'), ('330108','滨江区','330100','3',NULL,NULL,NULL,NULL,NULL,NULL,'-1'), ('330109','萧山区','330100','3',NULL,NULL,NULL,NULL,NULL,NULL,'-1'), ('330110','余杭区','330100','3',NULL,NULL,NULL,NULL,NULL,NULL,'-1'), ('330122','桐庐县','330100','3',NULL,NULL,NULL,NULL,NULL,NULL,'-1'), ('330127','淳安县','330100','3',NULL,NULL,NULL,NULL,NULL,NULL,'-1'), ('330182','建德市','330100','3',NULL,NULL,NULL,NULL,NULL,NULL,'-1'), ('330183','富阳市','330100','3',NULL,NULL,NULL,NULL,NULL,NULL,'-1'), ('330185','临安市','330100','3',NULL,NULL,NULL,NULL,NULL,NULL,'-1'), ('330200','宁波市','330000','2',NULL,NULL,NULL,NULL,NULL,NULL,'-1'), ('330201','市辖区','330200','3',NULL,NULL,NULL,NULL,NULL,NULL,'-1'), ('330203','海曙区','330200','3',NULL,NULL,NULL,NULL,NULL,NULL,'-1'), ('330204','江东区','330200','3',NULL,NULL,NULL,NULL,NULL,NULL,'-1'), ('330205','江北区','330200','3',NULL,NULL,NULL,NULL,NULL,NULL,'-1'), ('330206','北仑区','330200','3',NULL,NULL,NULL,NULL,NULL,NULL,'-1'), ('330211','镇海区','330200','3',NULL,NULL,NULL,NULL,NULL,NULL,'-1'), ('330212','鄞州区','330200','3',NULL,NULL,NULL,NULL,NULL,NULL,'-1'), ('330225','象山县','330200','3',NULL,NULL,NULL,NULL,NULL,NULL,'-1'), ('330226','宁海县','330200','3',NULL,NULL,NULL,NULL,NULL,NULL,'-1'), ('330281','余姚市','330200','3',NULL,NULL,NULL,NULL,NULL,NULL,'-1'), ('330282','慈溪市','330200','3',NULL,NULL,NULL,NULL,NULL,NULL,'-1'), ('330283','奉化市','330200','3',NULL,NULL,NULL,NULL,NULL,NULL,'-1'), ('330300','温州市','330000','2',NULL,NULL,NULL,NULL,NULL,NULL,'-1'), ('330301','市辖区','330300','3',NULL,NULL,NULL,NULL,NULL,NULL,'-1'), ('330302','鹿城区','330300','3',NULL,NULL,NULL,NULL,NULL,NULL,'-1'), ('330303','龙湾区','330300','3',NULL,NULL,NULL,NULL,NULL,NULL,'-1'), ('330304','瓯海区','330300','3',NULL,NULL,NULL,NULL,NULL,NULL,'-1'), ('330322','洞头县','330300','3',NULL,NULL,NULL,NULL,NULL,NULL,'-1'), ('330324','永嘉县','330300','3',NULL,NULL,NULL,NULL,NULL,NULL,'-1'), ('330326','平阳县','330300','3',NULL,NULL,NULL,NULL,NULL,NULL,'-1'), ('330327','苍南县','330300','3',NULL,NULL,NULL,NULL,NULL,NULL,'-1'), ('330328','文成县','330300','3',NULL,NULL,NULL,NULL,NULL,NULL,'-1'), ('330329','泰顺县','330300','3',NULL,NULL,NULL,NULL,NULL,NULL,'-1'), ('330381','瑞安市','330300','3',NULL,NULL,NULL,NULL,NULL,NULL,'-1'), ('330382','乐清市','330300','3',NULL,NULL,NULL,NULL,NULL,NULL,'-1'), ('330400','嘉兴市','330000','2',NULL,NULL,NULL,NULL,NULL,NULL,'-1'), ('330401','市辖区','330400','3',NULL,NULL,NULL,NULL,NULL,NULL,'-1'), ('330402','南湖区','330400','3',NULL,NULL,NULL,NULL,NULL,NULL,'-1'), ('330411','秀洲区','330400','3',NULL,NULL,NULL,NULL,NULL,NULL,'-1'), ('330421','嘉善县','330400','3',NULL,NULL,NULL,NULL,NULL,NULL,'-1'), ('330424','海盐县','330400','3',NULL,NULL,NULL,NULL,NULL,NULL,'-1'), ('330481','海宁市','330400','3',NULL,NULL,NULL,NULL,NULL,NULL,'-1'), ('330482','平湖市','330400','3',NULL,NULL,NULL,NULL,NULL,NULL,'-1'), ('330483','桐乡市','330400','3',NULL,NULL,NULL,NULL,NULL,NULL,'-1'), ('330500','湖州市','330000','2',NULL,NULL,NULL,NULL,NULL,NULL,'-1'), ('330501','市辖区','330500','3',NULL,NULL,NULL,NULL,NULL,NULL,'-1'), ('330502','吴兴区','330500','3',NULL,NULL,NULL,NULL,NULL,NULL,'-1'), ('330503','南浔区','330500','3',NULL,NULL,NULL,NULL,NULL,NULL,'-1'), ('330521','德清县','330500','3',NULL,NULL,NULL,NULL,NULL,NULL,'-1'), ('330522','长兴县','330500','3',NULL,NULL,NULL,NULL,NULL,NULL,'-1'), ('330523','安吉县','330500','3',NULL,NULL,NULL,NULL,NULL,NULL,'-1'), ('330600','绍兴市','330000','2',NULL,NULL,NULL,NULL,NULL,NULL,'-1'), ('330601','市辖区','330600','3',NULL,NULL,NULL,NULL,NULL,NULL,'-1'), ('330602','越城区','330600','3',NULL,NULL,NULL,NULL,NULL,NULL,'-1'), ('330621','绍兴县','330600','3',NULL,NULL,NULL,NULL,NULL,NULL,'-1'), ('330624','新昌县','330600','3',NULL,NULL,NULL,NULL,NULL,NULL,'-1'), ('330681','诸暨市','330600','3',NULL,NULL,NULL,NULL,NULL,NULL,'-1'), ('330682','上虞市','330600','3',NULL,NULL,NULL,NULL,NULL,NULL,'-1'), ('330683','嵊州市','330600','3',NULL,NULL,NULL,NULL,NULL,NULL,'-1'), ('330700','金华市','330000','2',NULL,NULL,NULL,NULL,NULL,NULL,'-1'), ('330701','市辖区','330700','3',NULL,NULL,NULL,NULL,NULL,NULL,'-1'), ('330702','婺城区','330700','3',NULL,NULL,NULL,NULL,NULL,NULL,'-1'), ('330703','金东区','330700','3',NULL,NULL,NULL,NULL,NULL,NULL,'-1'), ('330723','武义县','330700','3',NULL,NULL,NULL,NULL,NULL,NULL,'-1'), ('330726','浦江县','330700','3',NULL,NULL,NULL,NULL,NULL,NULL,'-1'), ('330727','磐安县','330700','3',NULL,NULL,NULL,NULL,NULL,NULL,'-1'), ('330781','兰溪市','330700','3',NULL,NULL,NULL,NULL,NULL,NULL,'-1'), ('330782','义乌市','330700','3',NULL,NULL,NULL,NULL,NULL,NULL,'-1'), ('330783','东阳市','330700','3',NULL,NULL,NULL,NULL,NULL,NULL,'-1'), ('330784','永康市','330700','3',NULL,NULL,NULL,NULL,NULL,NULL,'-1'), ('330800','衢州市','330000','2',NULL,NULL,NULL,NULL,NULL,NULL,'-1'), ('330801','市辖区','330800','3',NULL,NULL,NULL,NULL,NULL,NULL,'-1'), ('330802','柯城区','330800','3',NULL,NULL,NULL,NULL,NULL,NULL,'-1'), ('330803','衢江区','330800','3',NULL,NULL,NULL,NULL,NULL,NULL,'-1'), ('330822','常山县','330800','3',NULL,NULL,NULL,NULL,NULL,NULL,'-1'), ('330824','开化县','330800','3',NULL,NULL,NULL,NULL,NULL,NULL,'-1'), ('330825','龙游县','330800','3',NULL,NULL,NULL,NULL,NULL,NULL,'-1'), ('330881','江山市','330800','3',NULL,NULL,NULL,NULL,NULL,NULL,'-1'), ('330900','舟山市','330000','2',NULL,NULL,NULL,NULL,NULL,NULL,'-1'), ('330901','市辖区','330900','3',NULL,NULL,NULL,NULL,NULL,NULL,'-1'), ('330902','定海区','330900','3',NULL,NULL,NULL,NULL,NULL,NULL,'-1'), ('330903','普陀区','330900','3',NULL,NULL,NULL,NULL,NULL,NULL,'-1'), ('330921','岱山县','330900','3',NULL,NULL,NULL,NULL,NULL,NULL,'-1'), ('330922','嵊泗县','330900','3',NULL,NULL,NULL,NULL,NULL,NULL,'-1');
INSERT INTO `t_data_area` VALUES ('331000','台州市','330000','2',NULL,NULL,NULL,NULL,NULL,NULL,'-1'), ('331001','市辖区','331000','3',NULL,NULL,NULL,NULL,NULL,NULL,'-1'), ('331002','椒江区','331000','3',NULL,NULL,NULL,NULL,NULL,NULL,'-1'), ('331003','黄岩区','331000','3',NULL,NULL,NULL,NULL,NULL,NULL,'-1'), ('331004','路桥区','331000','3',NULL,NULL,NULL,NULL,NULL,NULL,'-1'), ('331021','玉环县','331000','3',NULL,NULL,NULL,NULL,NULL,NULL,'-1'), ('331022','三门县','331000','3',NULL,NULL,NULL,NULL,NULL,NULL,'-1'), ('331023','天台县','331000','3',NULL,NULL,NULL,NULL,NULL,NULL,'-1'), ('331024','仙居县','331000','3',NULL,NULL,NULL,NULL,NULL,NULL,'-1'), ('331081','温岭市','331000','3',NULL,NULL,NULL,NULL,NULL,NULL,'-1'), ('331082','临海市','331000','3',NULL,NULL,NULL,NULL,NULL,NULL,'-1'), ('331100','丽水市','330000','2',NULL,NULL,NULL,NULL,NULL,NULL,'-1'), ('331101','市辖区','331100','3',NULL,NULL,NULL,NULL,NULL,NULL,'-1'), ('331102','莲都区','331100','3',NULL,NULL,NULL,NULL,NULL,NULL,'-1'), ('331121','青田县','331100','3',NULL,NULL,NULL,NULL,NULL,NULL,'-1'), ('331122','缙云县','331100','3',NULL,NULL,NULL,NULL,NULL,NULL,'-1'), ('331123','遂昌县','331100','3',NULL,NULL,NULL,NULL,NULL,NULL,'-1'), ('331124','松阳县','331100','3',NULL,NULL,NULL,NULL,NULL,NULL,'-1'), ('331125','云和县','331100','3',NULL,NULL,NULL,NULL,NULL,NULL,'-1'), ('331126','庆元县','331100','3',NULL,NULL,NULL,NULL,NULL,NULL,'-1'), ('331127','景宁畲族自治县','331100','3',NULL,NULL,NULL,NULL,NULL,NULL,'-1'), ('331181','龙泉市','331100','3',NULL,NULL,NULL,NULL,NULL,NULL,'-1'), ('340000','安徽省','100000','1',NULL,NULL,NULL,NULL,NULL,NULL,'-1'), ('340100','合肥市','340000','2',NULL,NULL,NULL,NULL,NULL,NULL,'-1'), ('340101','市辖区','340100','3',NULL,NULL,NULL,NULL,NULL,NULL,'-1'), ('340102','瑶海区','340100','3',NULL,NULL,NULL,NULL,NULL,NULL,'-1'), ('340103','庐阳区','340100','3',NULL,NULL,NULL,NULL,NULL,NULL,'-1'), ('340104','蜀山区','340100','3',NULL,NULL,NULL,NULL,NULL,NULL,'-1'), ('340111','包河区','340100','3',NULL,NULL,NULL,NULL,NULL,NULL,'-1'), ('340121','长丰县','340100','3',NULL,NULL,NULL,NULL,NULL,NULL,'-1'), ('340122','肥东县','340100','3',NULL,NULL,NULL,NULL,NULL,NULL,'-1'), ('340123','肥西县','340100','3',NULL,NULL,NULL,NULL,NULL,NULL,'-1'), ('340124','庐江县','340100','3',NULL,NULL,NULL,NULL,NULL,NULL,'-1'), ('340181','巢湖市','340100','3',NULL,NULL,NULL,NULL,NULL,NULL,'-1'), ('340200','芜湖市','340000','2',NULL,NULL,NULL,NULL,NULL,NULL,'-1'), ('340201','市辖区','340200','3',NULL,NULL,NULL,NULL,NULL,NULL,'-1'), ('340202','镜湖区','340200','3',NULL,NULL,NULL,NULL,NULL,NULL,'-1'), ('340203','弋江区','340200','3',NULL,NULL,NULL,NULL,NULL,NULL,'-1'), ('340207','鸠江区','340200','3',NULL,NULL,NULL,NULL,NULL,NULL,'-1'), ('340208','三山区','340200','3',NULL,NULL,NULL,NULL,NULL,NULL,'-1'), ('340221','芜湖县','340200','3',NULL,NULL,NULL,NULL,NULL,NULL,'-1'), ('340222','繁昌县','340200','3',NULL,NULL,NULL,NULL,NULL,NULL,'-1'), ('340223','南陵县','340200','3',NULL,NULL,NULL,NULL,NULL,NULL,'-1'), ('340225','无为县','340200','3',NULL,NULL,NULL,NULL,NULL,NULL,'-1'), ('340300','蚌埠市','340000','2',NULL,NULL,NULL,NULL,NULL,NULL,'-1'), ('340301','市辖区','340300','3',NULL,NULL,NULL,NULL,NULL,NULL,'-1'), ('340302','龙子湖区','340300','3',NULL,NULL,NULL,NULL,NULL,NULL,'-1'), ('340303','蚌山区','340300','3',NULL,NULL,NULL,NULL,NULL,NULL,'-1'), ('340304','禹会区','340300','3',NULL,NULL,NULL,NULL,NULL,NULL,'-1'), ('340311','淮上区','340300','3',NULL,NULL,NULL,NULL,NULL,NULL,'-1'), ('340321','怀远县','340300','3',NULL,NULL,NULL,NULL,NULL,NULL,'-1'), ('340322','五河县','340300','3',NULL,NULL,NULL,NULL,NULL,NULL,'-1'), ('340323','固镇县','340300','3',NULL,NULL,NULL,NULL,NULL,NULL,'-1'), ('340400','淮南市','340000','2',NULL,NULL,NULL,NULL,NULL,NULL,'-1'), ('340401','市辖区','340400','3',NULL,NULL,NULL,NULL,NULL,NULL,'-1'), ('340402','大通区','340400','3',NULL,NULL,NULL,NULL,NULL,NULL,'-1'), ('340403','田家庵区','340400','3',NULL,NULL,NULL,NULL,NULL,NULL,'-1'), ('340404','谢家集区','340400','3',NULL,NULL,NULL,NULL,NULL,NULL,'-1'), ('340405','八公山区','340400','3',NULL,NULL,NULL,NULL,NULL,NULL,'-1'), ('340406','潘集区','340400','3',NULL,NULL,NULL,NULL,NULL,NULL,'-1'), ('340421','凤台县','340400','3',NULL,NULL,NULL,NULL,NULL,NULL,'-1'), ('340500','马鞍山市','340000','2',NULL,NULL,NULL,NULL,NULL,NULL,'-1'), ('340501','市辖区','340500','3',NULL,NULL,NULL,NULL,NULL,NULL,'-1'), ('340503','花山区','340500','3',NULL,NULL,NULL,NULL,NULL,NULL,'-1'), ('340504','雨山区','340500','3',NULL,NULL,NULL,NULL,NULL,NULL,'-1'), ('340506','博望区','340500','3',NULL,NULL,NULL,NULL,NULL,NULL,'-1'), ('340521','当涂县','340500','3',NULL,NULL,NULL,NULL,NULL,NULL,'-1'), ('340522','含山县','340500','3',NULL,NULL,NULL,NULL,NULL,NULL,'-1'), ('340523','和县','340500','3',NULL,NULL,NULL,NULL,NULL,NULL,'-1'), ('340600','淮北市','340000','2',NULL,NULL,NULL,NULL,NULL,NULL,'-1'), ('340601','市辖区','340600','3',NULL,NULL,NULL,NULL,NULL,NULL,'-1'), ('340602','杜集区','340600','3',NULL,NULL,NULL,NULL,NULL,NULL,'-1'), ('340603','相山区','340600','3',NULL,NULL,NULL,NULL,NULL,NULL,'-1'), ('340604','烈山区','340600','3',NULL,NULL,NULL,NULL,NULL,NULL,'-1'), ('340621','濉溪县','340600','3',NULL,NULL,NULL,NULL,NULL,NULL,'-1'), ('340700','铜陵市','340000','2',NULL,NULL,NULL,NULL,NULL,NULL,'-1'), ('340701','市辖区','340700','3',NULL,NULL,NULL,NULL,NULL,NULL,'-1'), ('340702','铜官山区','340700','3',NULL,NULL,NULL,NULL,NULL,NULL,'-1'), ('340703','狮子山区','340700','3',NULL,NULL,NULL,NULL,NULL,NULL,'-1'), ('340711','郊区','340700','3',NULL,NULL,NULL,NULL,NULL,NULL,'-1'), ('340721','铜陵县','340700','3',NULL,NULL,NULL,NULL,NULL,NULL,'-1'), ('340800','安庆市','340000','2',NULL,NULL,NULL,NULL,NULL,NULL,'-1'), ('340801','市辖区','340800','3',NULL,NULL,NULL,NULL,NULL,NULL,'-1'), ('340802','迎江区','340800','3',NULL,NULL,NULL,NULL,NULL,NULL,'-1'), ('340803','大观区','340800','3',NULL,NULL,NULL,NULL,NULL,NULL,'-1'), ('340811','宜秀区','340800','3',NULL,NULL,NULL,NULL,NULL,NULL,'-1'), ('340822','怀宁县','340800','3',NULL,NULL,NULL,NULL,NULL,NULL,'-1'), ('340823','枞阳县','340800','3',NULL,NULL,NULL,NULL,NULL,NULL,'-1'), ('340824','潜山县','340800','3',NULL,NULL,NULL,NULL,NULL,NULL,'-1'), ('340825','太湖县','340800','3',NULL,NULL,NULL,NULL,NULL,NULL,'-1'), ('340826','宿松县','340800','3',NULL,NULL,NULL,NULL,NULL,NULL,'-1'), ('340827','望江县','340800','3',NULL,NULL,NULL,NULL,NULL,NULL,'-1'), ('340828','岳西县','340800','3',NULL,NULL,NULL,NULL,NULL,NULL,'-1'), ('340881','桐城市','340800','3',NULL,NULL,NULL,NULL,NULL,NULL,'-1'), ('341000','黄山市','340000','2',NULL,NULL,NULL,NULL,NULL,NULL,'-1'), ('341001','市辖区','341000','3',NULL,NULL,NULL,NULL,NULL,NULL,'-1'), ('341002','屯溪区','341000','3',NULL,NULL,NULL,NULL,NULL,NULL,'-1'), ('341003','黄山区','341000','3',NULL,NULL,NULL,NULL,NULL,NULL,'-1'), ('341004','徽州区','341000','3',NULL,NULL,NULL,NULL,NULL,NULL,'-1'), ('341021','歙县','341000','3',NULL,NULL,NULL,NULL,NULL,NULL,'-1');
INSERT INTO `t_data_area` VALUES ('341022','休宁县','341000','3',NULL,NULL,NULL,NULL,NULL,NULL,'-1'), ('341023','黟县','341000','3',NULL,NULL,NULL,NULL,NULL,NULL,'-1'), ('341024','祁门县','341000','3',NULL,NULL,NULL,NULL,NULL,NULL,'-1'), ('341100','滁州市','340000','2',NULL,NULL,NULL,NULL,NULL,NULL,'-1'), ('341101','市辖区','341100','3',NULL,NULL,NULL,NULL,NULL,NULL,'-1'), ('341102','琅琊区','341100','3',NULL,NULL,NULL,NULL,NULL,NULL,'-1'), ('341103','南谯区','341100','3',NULL,NULL,NULL,NULL,NULL,NULL,'-1'), ('341122','来安县','341100','3',NULL,NULL,NULL,NULL,NULL,NULL,'-1'), ('341124','全椒县','341100','3',NULL,NULL,NULL,NULL,NULL,NULL,'-1'), ('341125','定远县','341100','3',NULL,NULL,NULL,NULL,NULL,NULL,'-1'), ('341126','凤阳县','341100','3',NULL,NULL,NULL,NULL,NULL,NULL,'-1'), ('341181','天长市','341100','3',NULL,NULL,NULL,NULL,NULL,NULL,'-1'), ('341182','明光市','341100','3',NULL,NULL,NULL,NULL,NULL,NULL,'-1'), ('341200','阜阳市','340000','2',NULL,NULL,NULL,NULL,NULL,NULL,'-1'), ('341201','市辖区','341200','3',NULL,NULL,NULL,NULL,NULL,NULL,'-1'), ('341202','颍州区','341200','3',NULL,NULL,NULL,NULL,NULL,NULL,'-1'), ('341203','颍东区','341200','3',NULL,NULL,NULL,NULL,NULL,NULL,'-1'), ('341204','颍泉区','341200','3',NULL,NULL,NULL,NULL,NULL,NULL,'-1'), ('341221','临泉县','341200','3',NULL,NULL,NULL,NULL,NULL,NULL,'-1'), ('341222','太和县','341200','3',NULL,NULL,NULL,NULL,NULL,NULL,'-1'), ('341225','阜南县','341200','3',NULL,NULL,NULL,NULL,NULL,NULL,'-1'), ('341226','颍上县','341200','3',NULL,NULL,NULL,NULL,NULL,NULL,'-1'), ('341282','界首市','341200','3',NULL,NULL,NULL,NULL,NULL,NULL,'-1'), ('341300','宿州市','340000','2',NULL,NULL,NULL,NULL,NULL,NULL,'-1'), ('341301','市辖区','341300','3',NULL,NULL,NULL,NULL,NULL,NULL,'-1'), ('341302','埇桥区','341300','3',NULL,NULL,NULL,NULL,NULL,NULL,'-1'), ('341321','砀山县','341300','3',NULL,NULL,NULL,NULL,NULL,NULL,'-1'), ('341322','萧县','341300','3',NULL,NULL,NULL,NULL,NULL,NULL,'-1'), ('341323','灵璧县','341300','3',NULL,NULL,NULL,NULL,NULL,NULL,'-1'), ('341324','泗县','341300','3',NULL,NULL,NULL,NULL,NULL,NULL,'-1'), ('341500','六安市','340000','2',NULL,NULL,NULL,NULL,NULL,NULL,'-1'), ('341501','市辖区','341500','3',NULL,NULL,NULL,NULL,NULL,NULL,'-1'), ('341502','金安区','341500','3',NULL,NULL,NULL,NULL,NULL,NULL,'-1'), ('341503','裕安区','341500','3',NULL,NULL,NULL,NULL,NULL,NULL,'-1'), ('341521','寿县','341500','3',NULL,NULL,NULL,NULL,NULL,NULL,'-1'), ('341522','霍邱县','341500','3',NULL,NULL,NULL,NULL,NULL,NULL,'-1'), ('341523','舒城县','341500','3',NULL,NULL,NULL,NULL,NULL,NULL,'-1'), ('341524','金寨县','341500','3',NULL,NULL,NULL,NULL,NULL,NULL,'-1'), ('341525','霍山县','341500','3',NULL,NULL,NULL,NULL,NULL,NULL,'-1'), ('341600','亳州市','340000','2',NULL,NULL,NULL,NULL,NULL,NULL,'-1'), ('341601','市辖区','341600','3',NULL,NULL,NULL,NULL,NULL,NULL,'-1'), ('341602','谯城区','341600','3',NULL,NULL,NULL,NULL,NULL,NULL,'-1'), ('341621','涡阳县','341600','3',NULL,NULL,NULL,NULL,NULL,NULL,'-1'), ('341622','蒙城县','341600','3',NULL,NULL,NULL,NULL,NULL,NULL,'-1'), ('341623','利辛县','341600','3',NULL,NULL,NULL,NULL,NULL,NULL,'-1'), ('341700','池州市','340000','2',NULL,NULL,NULL,NULL,NULL,NULL,'-1'), ('341701','市辖区','341700','3',NULL,NULL,NULL,NULL,NULL,NULL,'-1'), ('341702','贵池区','341700','3',NULL,NULL,NULL,NULL,NULL,NULL,'-1'), ('341721','东至县','341700','3',NULL,NULL,NULL,NULL,NULL,NULL,'-1'), ('341722','石台县','341700','3',NULL,NULL,NULL,NULL,NULL,NULL,'-1'), ('341723','青阳县','341700','3',NULL,NULL,NULL,NULL,NULL,NULL,'-1'), ('341800','宣城市','340000','2',NULL,NULL,NULL,NULL,NULL,NULL,'-1'), ('341801','市辖区','341800','3',NULL,NULL,NULL,NULL,NULL,NULL,'-1'), ('341802','宣州区','341800','3',NULL,NULL,NULL,NULL,NULL,NULL,'-1'), ('341821','郎溪县','341800','3',NULL,NULL,NULL,NULL,NULL,NULL,'-1'), ('341822','广德县','341800','3',NULL,NULL,NULL,NULL,NULL,NULL,'-1'), ('341823','泾县','341800','3',NULL,NULL,NULL,NULL,NULL,NULL,'-1'), ('341824','绩溪县','341800','3',NULL,NULL,NULL,NULL,NULL,NULL,'-1'), ('341825','旌德县','341800','3',NULL,NULL,NULL,NULL,NULL,NULL,'-1'), ('341881','宁国市','341800','3',NULL,NULL,NULL,NULL,NULL,NULL,'-1'), ('350000','福建省','100000','1',NULL,NULL,NULL,NULL,NULL,NULL,'-1'), ('350100','福州市','350000','2',NULL,NULL,NULL,NULL,NULL,NULL,'-1'), ('350101','市辖区','350100','3',NULL,NULL,NULL,NULL,NULL,NULL,'-1'), ('350102','鼓楼区','350100','3',NULL,NULL,NULL,NULL,NULL,NULL,'-1'), ('350103','台江区','350100','3',NULL,NULL,NULL,NULL,NULL,NULL,'-1'), ('350104','仓山区','350100','3',NULL,NULL,NULL,NULL,NULL,NULL,'-1'), ('350105','马尾区','350100','3',NULL,NULL,NULL,NULL,NULL,NULL,'-1'), ('350111','晋安区','350100','3',NULL,NULL,NULL,NULL,NULL,NULL,'-1'), ('350121','闽侯县','350100','3',NULL,NULL,NULL,NULL,NULL,NULL,'-1'), ('350122','连江县','350100','3',NULL,NULL,NULL,NULL,NULL,NULL,'-1'), ('350123','罗源县','350100','3',NULL,NULL,NULL,NULL,NULL,NULL,'-1'), ('350124','闽清县','350100','3',NULL,NULL,NULL,NULL,NULL,NULL,'-1'), ('350125','永泰县','350100','3',NULL,NULL,NULL,NULL,NULL,NULL,'-1'), ('350128','平潭县','350100','3',NULL,NULL,NULL,NULL,NULL,NULL,'-1'), ('350181','福清市','350100','3',NULL,NULL,NULL,NULL,NULL,NULL,'-1'), ('350182','长乐市','350100','3',NULL,NULL,NULL,NULL,NULL,NULL,'-1'), ('350200','厦门市','350000','2',NULL,NULL,NULL,NULL,NULL,NULL,'-1'), ('350201','市辖区','350200','3',NULL,NULL,NULL,NULL,NULL,NULL,'-1'), ('350203','思明区','350200','3',NULL,NULL,NULL,NULL,NULL,NULL,'-1'), ('350205','海沧区','350200','3',NULL,NULL,NULL,NULL,NULL,NULL,'-1'), ('350206','湖里区','350200','3',NULL,NULL,NULL,NULL,NULL,NULL,'-1'), ('350211','集美区','350200','3',NULL,NULL,NULL,NULL,NULL,NULL,'-1'), ('350212','同安区','350200','3',NULL,NULL,NULL,NULL,NULL,NULL,'-1'), ('350213','翔安区','350200','3',NULL,NULL,NULL,NULL,NULL,NULL,'-1'), ('350300','莆田市','350000','2',NULL,NULL,NULL,NULL,NULL,NULL,'-1'), ('350301','市辖区','350300','3',NULL,NULL,NULL,NULL,NULL,NULL,'-1'), ('350302','城厢区','350300','3',NULL,NULL,NULL,NULL,NULL,NULL,'-1'), ('350303','涵江区','350300','3',NULL,NULL,NULL,NULL,NULL,NULL,'-1'), ('350304','荔城区','350300','3',NULL,NULL,NULL,NULL,NULL,NULL,'-1'), ('350305','秀屿区','350300','3',NULL,NULL,NULL,NULL,NULL,NULL,'-1'), ('350322','仙游县','350300','3',NULL,NULL,NULL,NULL,NULL,NULL,'-1'), ('350400','三明市','350000','2',NULL,NULL,NULL,NULL,NULL,NULL,'-1'), ('350401','市辖区','350400','3',NULL,NULL,NULL,NULL,NULL,NULL,'-1'), ('350402','梅列区','350400','3',NULL,NULL,NULL,NULL,NULL,NULL,'-1'), ('350403','三元区','350400','3',NULL,NULL,NULL,NULL,NULL,NULL,'-1'), ('350421','明溪县','350400','3',NULL,NULL,NULL,NULL,NULL,NULL,'-1'), ('350423','清流县','350400','3',NULL,NULL,NULL,NULL,NULL,NULL,'-1'), ('350424','宁化县','350400','3',NULL,NULL,NULL,NULL,NULL,NULL,'-1'), ('350425','大田县','350400','3',NULL,NULL,NULL,NULL,NULL,NULL,'-1'), ('350426','尤溪县','350400','3',NULL,NULL,NULL,NULL,NULL,NULL,'-1');
INSERT INTO `t_data_area` VALUES ('350427','沙县','350400','3',NULL,NULL,NULL,NULL,NULL,NULL,'-1'), ('350428','将乐县','350400','3',NULL,NULL,NULL,NULL,NULL,NULL,'-1'), ('350429','泰宁县','350400','3',NULL,NULL,NULL,NULL,NULL,NULL,'-1'), ('350430','建宁县','350400','3',NULL,NULL,NULL,NULL,NULL,NULL,'-1'), ('350481','永安市','350400','3',NULL,NULL,NULL,NULL,NULL,NULL,'-1'), ('350500','泉州市','350000','2',NULL,NULL,NULL,NULL,NULL,NULL,'-1'), ('350501','市辖区','350500','3',NULL,NULL,NULL,NULL,NULL,NULL,'-1'), ('350502','鲤城区','350500','3',NULL,NULL,NULL,NULL,NULL,NULL,'-1'), ('350503','丰泽区','350500','3',NULL,NULL,NULL,NULL,NULL,NULL,'-1'), ('350504','洛江区','350500','3',NULL,NULL,NULL,NULL,NULL,NULL,'-1'), ('350505','泉港区','350500','3',NULL,NULL,NULL,NULL,NULL,NULL,'-1'), ('350521','惠安县','350500','3',NULL,NULL,NULL,NULL,NULL,NULL,'-1'), ('350524','安溪县','350500','3',NULL,NULL,NULL,NULL,NULL,NULL,'-1'), ('350525','永春县','350500','3',NULL,NULL,NULL,NULL,NULL,NULL,'-1'), ('350526','德化县','350500','3',NULL,NULL,NULL,NULL,NULL,NULL,'-1'), ('350527','金门县','350500','3',NULL,NULL,NULL,NULL,NULL,NULL,'-1'), ('350581','石狮市','350500','3',NULL,NULL,NULL,NULL,NULL,NULL,'-1'), ('350582','晋江市','350500','3',NULL,NULL,NULL,NULL,NULL,NULL,'-1'), ('350583','南安市','350500','3',NULL,NULL,NULL,NULL,NULL,NULL,'-1'), ('350600','漳州市','350000','2',NULL,NULL,NULL,NULL,NULL,NULL,'-1'), ('350601','市辖区','350600','3',NULL,NULL,NULL,NULL,NULL,NULL,'-1'), ('350602','芗城区','350600','3',NULL,NULL,NULL,NULL,NULL,NULL,'-1'), ('350603','龙文区','350600','3',NULL,NULL,NULL,NULL,NULL,NULL,'-1'), ('350622','云霄县','350600','3',NULL,NULL,NULL,NULL,NULL,NULL,'-1'), ('350623','漳浦县','350600','3',NULL,NULL,NULL,NULL,NULL,NULL,'-1'), ('350624','诏安县','350600','3',NULL,NULL,NULL,NULL,NULL,NULL,'-1'), ('350625','长泰县','350600','3',NULL,NULL,NULL,NULL,NULL,NULL,'-1'), ('350626','东山县','350600','3',NULL,NULL,NULL,NULL,NULL,NULL,'-1'), ('350627','南靖县','350600','3',NULL,NULL,NULL,NULL,NULL,NULL,'-1'), ('350628','平和县','350600','3',NULL,NULL,NULL,NULL,NULL,NULL,'-1'), ('350629','华安县','350600','3',NULL,NULL,NULL,NULL,NULL,NULL,'-1'), ('350681','龙海市','350600','3',NULL,NULL,NULL,NULL,NULL,NULL,'-1'), ('350700','南平市','350000','2',NULL,NULL,NULL,NULL,NULL,NULL,'-1'), ('350701','市辖区','350700','3',NULL,NULL,NULL,NULL,NULL,NULL,'-1'), ('350702','延平区','350700','3',NULL,NULL,NULL,NULL,NULL,NULL,'-1'), ('350721','顺昌县','350700','3',NULL,NULL,NULL,NULL,NULL,NULL,'-1'), ('350722','浦城县','350700','3',NULL,NULL,NULL,NULL,NULL,NULL,'-1'), ('350723','光泽县','350700','3',NULL,NULL,NULL,NULL,NULL,NULL,'-1'), ('350724','松溪县','350700','3',NULL,NULL,NULL,NULL,NULL,NULL,'-1'), ('350725','政和县','350700','3',NULL,NULL,NULL,NULL,NULL,NULL,'-1'), ('350781','邵武市','350700','3',NULL,NULL,NULL,NULL,NULL,NULL,'-1'), ('350782','武夷山市','350700','3',NULL,NULL,NULL,NULL,NULL,NULL,'-1'), ('350783','建瓯市','350700','3',NULL,NULL,NULL,NULL,NULL,NULL,'-1'), ('350784','建阳市','350700','3',NULL,NULL,NULL,NULL,NULL,NULL,'-1'), ('350800','龙岩市','350000','2',NULL,NULL,NULL,NULL,NULL,NULL,'-1'), ('350801','市辖区','350800','3',NULL,NULL,NULL,NULL,NULL,NULL,'-1'), ('350802','新罗区','350800','3',NULL,NULL,NULL,NULL,NULL,NULL,'-1'), ('350821','长汀县','350800','3',NULL,NULL,NULL,NULL,NULL,NULL,'-1'), ('350822','永定县','350800','3',NULL,NULL,NULL,NULL,NULL,NULL,'-1'), ('350823','上杭县','350800','3',NULL,NULL,NULL,NULL,NULL,NULL,'-1'), ('350824','武平县','350800','3',NULL,NULL,NULL,NULL,NULL,NULL,'-1'), ('350825','连城县','350800','3',NULL,NULL,NULL,NULL,NULL,NULL,'-1'), ('350881','漳平市','350800','3',NULL,NULL,NULL,NULL,NULL,NULL,'-1'), ('350900','宁德市','350000','2',NULL,NULL,NULL,NULL,NULL,NULL,'-1'), ('350901','市辖区','350900','3',NULL,NULL,NULL,NULL,NULL,NULL,'-1'), ('350902','蕉城区','350900','3',NULL,NULL,NULL,NULL,NULL,NULL,'-1'), ('350921','霞浦县','350900','3',NULL,NULL,NULL,NULL,NULL,NULL,'-1'), ('350922','古田县','350900','3',NULL,NULL,NULL,NULL,NULL,NULL,'-1'), ('350923','屏南县','350900','3',NULL,NULL,NULL,NULL,NULL,NULL,'-1'), ('350924','寿宁县','350900','3',NULL,NULL,NULL,NULL,NULL,NULL,'-1'), ('350925','周宁县','350900','3',NULL,NULL,NULL,NULL,NULL,NULL,'-1'), ('350926','柘荣县','350900','3',NULL,NULL,NULL,NULL,NULL,NULL,'-1'), ('350981','福安市','350900','3',NULL,NULL,NULL,NULL,NULL,NULL,'-1'), ('350982','福鼎市','350900','3',NULL,NULL,NULL,NULL,NULL,NULL,'-1'), ('360000','江西省','100000','1',NULL,NULL,NULL,NULL,NULL,NULL,'-1'), ('360100','南昌市','360000','2',NULL,NULL,NULL,NULL,NULL,NULL,'-1'), ('360101','市辖区','360100','3',NULL,NULL,NULL,NULL,NULL,NULL,'-1'), ('360102','东湖区','360100','3',NULL,NULL,NULL,NULL,NULL,NULL,'-1'), ('360103','西湖区','360100','3',NULL,NULL,NULL,NULL,NULL,NULL,'-1'), ('360104','青云谱区','360100','3',NULL,NULL,NULL,NULL,NULL,NULL,'-1'), ('360105','湾里区','360100','3',NULL,NULL,NULL,NULL,NULL,NULL,'-1'), ('360111','青山湖区','360100','3',NULL,NULL,NULL,NULL,NULL,NULL,'-1'), ('360121','南昌县','360100','3',NULL,NULL,NULL,NULL,NULL,NULL,'-1'), ('360122','新建县','360100','3',NULL,NULL,NULL,NULL,NULL,NULL,'-1'), ('360123','安义县','360100','3',NULL,NULL,NULL,NULL,NULL,NULL,'-1'), ('360124','进贤县','360100','3',NULL,NULL,NULL,NULL,NULL,NULL,'-1'), ('360200','景德镇市','360000','2',NULL,NULL,NULL,NULL,NULL,NULL,'-1'), ('360201','市辖区','360200','3',NULL,NULL,NULL,NULL,NULL,NULL,'-1'), ('360202','昌江区','360200','3',NULL,NULL,NULL,NULL,NULL,NULL,'-1'), ('360203','珠山区','360200','3',NULL,NULL,NULL,NULL,NULL,NULL,'-1'), ('360222','浮梁县','360200','3',NULL,NULL,NULL,NULL,NULL,NULL,'-1'), ('360281','乐平市','360200','3',NULL,NULL,NULL,NULL,NULL,NULL,'-1'), ('360300','萍乡市','360000','2',NULL,NULL,NULL,NULL,NULL,NULL,'-1'), ('360301','市辖区','360300','3',NULL,NULL,NULL,NULL,NULL,NULL,'-1'), ('360302','安源区','360300','3',NULL,NULL,NULL,NULL,NULL,NULL,'-1'), ('360313','湘东区','360300','3',NULL,NULL,NULL,NULL,NULL,NULL,'-1'), ('360321','莲花县','360300','3',NULL,NULL,NULL,NULL,NULL,NULL,'-1'), ('360322','上栗县','360300','3',NULL,NULL,NULL,NULL,NULL,NULL,'-1'), ('360323','芦溪县','360300','3',NULL,NULL,NULL,NULL,NULL,NULL,'-1'), ('360400','九江市','360000','2',NULL,NULL,NULL,NULL,NULL,NULL,'-1'), ('360401','市辖区','360400','3',NULL,NULL,NULL,NULL,NULL,NULL,'-1'), ('360402','庐山区','360400','3',NULL,NULL,NULL,NULL,NULL,NULL,'-1'), ('360403','浔阳区','360400','3',NULL,NULL,NULL,NULL,NULL,NULL,'-1'), ('360421','九江县','360400','3',NULL,NULL,NULL,NULL,NULL,NULL,'-1'), ('360423','武宁县','360400','3',NULL,NULL,NULL,NULL,NULL,NULL,'-1'), ('360424','修水县','360400','3',NULL,NULL,NULL,NULL,NULL,NULL,'-1'), ('360425','永修县','360400','3',NULL,NULL,NULL,NULL,NULL,NULL,'-1'), ('360426','德安县','360400','3',NULL,NULL,NULL,NULL,NULL,NULL,'-1'), ('360427','星子县','360400','3',NULL,NULL,NULL,NULL,NULL,NULL,'-1'), ('360428','都昌县','360400','3',NULL,NULL,NULL,NULL,NULL,NULL,'-1');
INSERT INTO `t_data_area` VALUES ('360429','湖口县','360400','3',NULL,NULL,NULL,NULL,NULL,NULL,'-1'), ('360430','彭泽县','360400','3',NULL,NULL,NULL,NULL,NULL,NULL,'-1'), ('360481','瑞昌市','360400','3',NULL,NULL,NULL,NULL,NULL,NULL,'-1'), ('360482','共青城市','360400','3',NULL,NULL,NULL,NULL,NULL,NULL,'-1'), ('360500','新余市','360000','2',NULL,NULL,NULL,NULL,NULL,NULL,'-1'), ('360501','市辖区','360500','3',NULL,NULL,NULL,NULL,NULL,NULL,'-1'), ('360502','渝水区','360500','3',NULL,NULL,NULL,NULL,NULL,NULL,'-1'), ('360521','分宜县','360500','3',NULL,NULL,NULL,NULL,NULL,NULL,'-1'), ('360600','鹰潭市','360000','2',NULL,NULL,NULL,NULL,NULL,NULL,'-1'), ('360601','市辖区','360600','3',NULL,NULL,NULL,NULL,NULL,NULL,'-1'), ('360602','月湖区','360600','3',NULL,NULL,NULL,NULL,NULL,NULL,'-1'), ('360622','余江县','360600','3',NULL,NULL,NULL,NULL,NULL,NULL,'-1'), ('360681','贵溪市','360600','3',NULL,NULL,NULL,NULL,NULL,NULL,'-1'), ('360700','赣州市','360000','2',NULL,NULL,NULL,NULL,NULL,NULL,'-1'), ('360701','市辖区','360700','3',NULL,NULL,NULL,NULL,NULL,NULL,'-1'), ('360702','章贡区','360700','3',NULL,NULL,NULL,NULL,NULL,NULL,'-1'), ('360721','赣县','360700','3',NULL,NULL,NULL,NULL,NULL,NULL,'-1'), ('360722','信丰县','360700','3',NULL,NULL,NULL,NULL,NULL,NULL,'-1'), ('360723','大余县','360700','3',NULL,NULL,NULL,NULL,NULL,NULL,'-1'), ('360724','上犹县','360700','3',NULL,NULL,NULL,NULL,NULL,NULL,'-1'), ('360725','崇义县','360700','3',NULL,NULL,NULL,NULL,NULL,NULL,'-1'), ('360726','安远县','360700','3',NULL,NULL,NULL,NULL,NULL,NULL,'-1'), ('360727','龙南县','360700','3',NULL,NULL,NULL,NULL,NULL,NULL,'-1'), ('360728','定南县','360700','3',NULL,NULL,NULL,NULL,NULL,NULL,'-1'), ('360729','全南县','360700','3',NULL,NULL,NULL,NULL,NULL,NULL,'-1'), ('360730','宁都县','360700','3',NULL,NULL,NULL,NULL,NULL,NULL,'-1'), ('360731','于都县','360700','3',NULL,NULL,NULL,NULL,NULL,NULL,'-1'), ('360732','兴国县','360700','3',NULL,NULL,NULL,NULL,NULL,NULL,'-1'), ('360733','会昌县','360700','3',NULL,NULL,NULL,NULL,NULL,NULL,'-1'), ('360734','寻乌县','360700','3',NULL,NULL,NULL,NULL,NULL,NULL,'-1'), ('360735','石城县','360700','3',NULL,NULL,NULL,NULL,NULL,NULL,'-1'), ('360781','瑞金市','360700','3',NULL,NULL,NULL,NULL,NULL,NULL,'-1'), ('360782','南康市','360700','3',NULL,NULL,NULL,NULL,NULL,NULL,'-1'), ('360800','吉安市','360000','2',NULL,NULL,NULL,NULL,NULL,NULL,'-1'), ('360801','市辖区','360800','3',NULL,NULL,NULL,NULL,NULL,NULL,'-1'), ('360802','吉州区','360800','3',NULL,NULL,NULL,NULL,NULL,NULL,'-1'), ('360803','青原区','360800','3',NULL,NULL,NULL,NULL,NULL,NULL,'-1'), ('360821','吉安县','360800','3',NULL,NULL,NULL,NULL,NULL,NULL,'-1'), ('360822','吉水县','360800','3',NULL,NULL,NULL,NULL,NULL,NULL,'-1'), ('360823','峡江县','360800','3',NULL,NULL,NULL,NULL,NULL,NULL,'-1'), ('360824','新干县','360800','3',NULL,NULL,NULL,NULL,NULL,NULL,'-1'), ('360825','永丰县','360800','3',NULL,NULL,NULL,NULL,NULL,NULL,'-1'), ('360826','泰和县','360800','3',NULL,NULL,NULL,NULL,NULL,NULL,'-1'), ('360827','遂川县','360800','3',NULL,NULL,NULL,NULL,NULL,NULL,'-1'), ('360828','万安县','360800','3',NULL,NULL,NULL,NULL,NULL,NULL,'-1'), ('360829','安福县','360800','3',NULL,NULL,NULL,NULL,NULL,NULL,'-1'), ('360830','永新县','360800','3',NULL,NULL,NULL,NULL,NULL,NULL,'-1'), ('360881','井冈山市','360800','3',NULL,NULL,NULL,NULL,NULL,NULL,'-1'), ('360900','宜春市','360000','2',NULL,NULL,NULL,NULL,NULL,NULL,'-1'), ('360901','市辖区','360900','3',NULL,NULL,NULL,NULL,NULL,NULL,'-1'), ('360902','袁州区','360900','3',NULL,NULL,NULL,NULL,NULL,NULL,'-1'), ('360921','奉新县','360900','3',NULL,NULL,NULL,NULL,NULL,NULL,'-1'), ('360922','万载县','360900','3',NULL,NULL,NULL,NULL,NULL,NULL,'-1'), ('360923','上高县','360900','3',NULL,NULL,NULL,NULL,NULL,NULL,'-1'), ('360924','宜丰县','360900','3',NULL,NULL,NULL,NULL,NULL,NULL,'-1'), ('360925','靖安县','360900','3',NULL,NULL,NULL,NULL,NULL,NULL,'-1'), ('360926','铜鼓县','360900','3',NULL,NULL,NULL,NULL,NULL,NULL,'-1'), ('360981','丰城市','360900','3',NULL,NULL,NULL,NULL,NULL,NULL,'-1'), ('360982','樟树市','360900','3',NULL,NULL,NULL,NULL,NULL,NULL,'-1'), ('360983','高安市','360900','3',NULL,NULL,NULL,NULL,NULL,NULL,'-1'), ('361000','抚州市','360000','2',NULL,NULL,NULL,NULL,NULL,NULL,'-1'), ('361001','市辖区','361000','3',NULL,NULL,NULL,NULL,NULL,NULL,'-1'), ('361002','临川区','361000','3',NULL,NULL,NULL,NULL,NULL,NULL,'-1'), ('361021','南城县','361000','3',NULL,NULL,NULL,NULL,NULL,NULL,'-1'), ('361022','黎川县','361000','3',NULL,NULL,NULL,NULL,NULL,NULL,'-1'), ('361023','南丰县','361000','3',NULL,NULL,NULL,NULL,NULL,NULL,'-1'), ('361024','崇仁县','361000','3',NULL,NULL,NULL,NULL,NULL,NULL,'-1'), ('361025','乐安县','361000','3',NULL,NULL,NULL,NULL,NULL,NULL,'-1'), ('361026','宜黄县','361000','3',NULL,NULL,NULL,NULL,NULL,NULL,'-1'), ('361027','金溪县','361000','3',NULL,NULL,NULL,NULL,NULL,NULL,'-1'), ('361028','资溪县','361000','3',NULL,NULL,NULL,NULL,NULL,NULL,'-1'), ('361029','东乡县','361000','3',NULL,NULL,NULL,NULL,NULL,NULL,'-1'), ('361030','广昌县','361000','3',NULL,NULL,NULL,NULL,NULL,NULL,'-1'), ('361100','上饶市','360000','2',NULL,NULL,NULL,NULL,NULL,NULL,'-1'), ('361101','市辖区','361100','3',NULL,NULL,NULL,NULL,NULL,NULL,'-1'), ('361102','信州区','361100','3',NULL,NULL,NULL,NULL,NULL,NULL,'-1'), ('361121','上饶县','361100','3',NULL,NULL,NULL,NULL,NULL,NULL,'-1'), ('361122','广丰县','361100','3',NULL,NULL,NULL,NULL,NULL,NULL,'-1'), ('361123','玉山县','361100','3',NULL,NULL,NULL,NULL,NULL,NULL,'-1'), ('361124','铅山县','361100','3',NULL,NULL,NULL,NULL,NULL,NULL,'-1'), ('361125','横峰县','361100','3',NULL,NULL,NULL,NULL,NULL,NULL,'-1'), ('361126','弋阳县','361100','3',NULL,NULL,NULL,NULL,NULL,NULL,'-1'), ('361127','余干县','361100','3',NULL,NULL,NULL,NULL,NULL,NULL,'-1'), ('361128','鄱阳县','361100','3',NULL,NULL,NULL,NULL,NULL,NULL,'-1'), ('361129','万年县','361100','3',NULL,NULL,NULL,NULL,NULL,NULL,'-1'), ('361130','婺源县','361100','3',NULL,NULL,NULL,NULL,NULL,NULL,'-1'), ('361181','德兴市','361100','3',NULL,NULL,NULL,NULL,NULL,NULL,'-1'), ('370000','山东省','100000','1',NULL,NULL,NULL,NULL,NULL,NULL,'-1'), ('370100','济南市','370000','2',NULL,NULL,NULL,NULL,NULL,NULL,'-1'), ('370101','市辖区','370100','3',NULL,NULL,NULL,NULL,NULL,NULL,'-1'), ('370102','历下区','370100','3',NULL,NULL,NULL,NULL,NULL,NULL,'-1'), ('370103','市中区','370100','3',NULL,NULL,NULL,NULL,NULL,NULL,'-1'), ('370104','槐荫区','370100','3',NULL,NULL,NULL,NULL,NULL,NULL,'-1'), ('370105','天桥区','370100','3',NULL,NULL,NULL,NULL,NULL,NULL,'-1'), ('370112','历城区','370100','3',NULL,NULL,NULL,NULL,NULL,NULL,'-1'), ('370113','长清区','370100','3',NULL,NULL,NULL,NULL,NULL,NULL,'-1'), ('370124','平阴县','370100','3',NULL,NULL,NULL,NULL,NULL,NULL,'-1'), ('370125','济阳县','370100','3',NULL,NULL,NULL,NULL,NULL,NULL,'-1'), ('370126','商河县','370100','3',NULL,NULL,NULL,NULL,NULL,NULL,'-1'), ('370181','章丘市','370100','3',NULL,NULL,NULL,NULL,NULL,NULL,'-1');
INSERT INTO `t_data_area` VALUES ('370200','青岛市','370000','2',NULL,NULL,NULL,NULL,NULL,NULL,'-1'), ('370201','市辖区','370200','3',NULL,NULL,NULL,NULL,NULL,NULL,'-1'), ('370202','市南区','370200','3',NULL,NULL,NULL,NULL,NULL,NULL,'-1'), ('370203','市北区','370200','3',NULL,NULL,NULL,NULL,NULL,NULL,'-1'), ('370205','四方区','370200','3',NULL,NULL,NULL,NULL,NULL,NULL,'-1'), ('370211','黄岛区','370200','3',NULL,NULL,NULL,NULL,NULL,NULL,'-1'), ('370212','崂山区','370200','3',NULL,NULL,NULL,NULL,NULL,NULL,'-1'), ('370213','李沧区','370200','3',NULL,NULL,NULL,NULL,NULL,NULL,'-1'), ('370214','城阳区','370200','3',NULL,NULL,NULL,NULL,NULL,NULL,'-1'), ('370281','胶州市','370200','3',NULL,NULL,NULL,NULL,NULL,NULL,'-1'), ('370282','即墨市','370200','3',NULL,NULL,NULL,NULL,NULL,NULL,'-1'), ('370283','平度市','370200','3',NULL,NULL,NULL,NULL,NULL,NULL,'-1'), ('370284','胶南市','370200','3',NULL,NULL,NULL,NULL,NULL,NULL,'-1'), ('370285','莱西市','370200','3',NULL,NULL,NULL,NULL,NULL,NULL,'-1'), ('370300','淄博市','370000','2',NULL,NULL,NULL,NULL,NULL,NULL,'-1'), ('370301','市辖区','370300','3',NULL,NULL,NULL,NULL,NULL,NULL,'-1'), ('370302','淄川区','370300','3',NULL,NULL,NULL,NULL,NULL,NULL,'-1'), ('370303','张店区','370300','3',NULL,NULL,NULL,NULL,NULL,NULL,'-1'), ('370304','博山区','370300','3',NULL,NULL,NULL,NULL,NULL,NULL,'-1'), ('370305','临淄区','370300','3',NULL,NULL,NULL,NULL,NULL,NULL,'-1'), ('370306','周村区','370300','3',NULL,NULL,NULL,NULL,NULL,NULL,'-1'), ('370321','桓台县','370300','3',NULL,NULL,NULL,NULL,NULL,NULL,'-1'), ('370322','高青县','370300','3',NULL,NULL,NULL,NULL,NULL,NULL,'-1'), ('370323','沂源县','370300','3',NULL,NULL,NULL,NULL,NULL,NULL,'-1'), ('370400','枣庄市','370000','2',NULL,NULL,NULL,NULL,NULL,NULL,'-1'), ('370401','市辖区','370400','3',NULL,NULL,NULL,NULL,NULL,NULL,'-1'), ('370402','市中区','370400','3',NULL,NULL,NULL,NULL,NULL,NULL,'-1'), ('370403','薛城区','370400','3',NULL,NULL,NULL,NULL,NULL,NULL,'-1'), ('370404','峄城区','370400','3',NULL,NULL,NULL,NULL,NULL,NULL,'-1'), ('370405','台儿庄区','370400','3',NULL,NULL,NULL,NULL,NULL,NULL,'-1'), ('370406','山亭区','370400','3',NULL,NULL,NULL,NULL,NULL,NULL,'-1'), ('370481','滕州市','370400','3',NULL,NULL,NULL,NULL,NULL,NULL,'-1'), ('370500','东营市','370000','2',NULL,NULL,NULL,NULL,NULL,NULL,'-1'), ('370501','市辖区','370500','3',NULL,NULL,NULL,NULL,NULL,NULL,'-1'), ('370502','东营区','370500','3',NULL,NULL,NULL,NULL,NULL,NULL,'-1'), ('370503','河口区','370500','3',NULL,NULL,NULL,NULL,NULL,NULL,'-1'), ('370521','垦利县','370500','3',NULL,NULL,NULL,NULL,NULL,NULL,'-1'), ('370522','利津县','370500','3',NULL,NULL,NULL,NULL,NULL,NULL,'-1'), ('370523','广饶县','370500','3',NULL,NULL,NULL,NULL,NULL,NULL,'-1'), ('370600','烟台市','370000','2',NULL,NULL,NULL,NULL,NULL,NULL,'-1'), ('370601','市辖区','370600','3',NULL,NULL,NULL,NULL,NULL,NULL,'-1'), ('370602','芝罘区','370600','3',NULL,NULL,NULL,NULL,NULL,NULL,'-1'), ('370611','福山区','370600','3',NULL,NULL,NULL,NULL,NULL,NULL,'-1'), ('370612','牟平区','370600','3',NULL,NULL,NULL,NULL,NULL,NULL,'-1'), ('370613','莱山区','370600','3',NULL,NULL,NULL,NULL,NULL,NULL,'-1'), ('370634','长岛县','370600','3',NULL,NULL,NULL,NULL,NULL,NULL,'-1'), ('370681','龙口市','370600','3',NULL,NULL,NULL,NULL,NULL,NULL,'-1'), ('370682','莱阳市','370600','3',NULL,NULL,NULL,NULL,NULL,NULL,'-1'), ('370683','莱州市','370600','3',NULL,NULL,NULL,NULL,NULL,NULL,'-1'), ('370684','蓬莱市','370600','3',NULL,NULL,NULL,NULL,NULL,NULL,'-1'), ('370685','招远市','370600','3',NULL,NULL,NULL,NULL,NULL,NULL,'-1'), ('370686','栖霞市','370600','3',NULL,NULL,NULL,NULL,NULL,NULL,'-1'), ('370687','海阳市','370600','3',NULL,NULL,NULL,NULL,NULL,NULL,'-1'), ('370700','潍坊市','370000','2',NULL,NULL,NULL,NULL,NULL,NULL,'-1'), ('370701','市辖区','370700','3',NULL,NULL,NULL,NULL,NULL,NULL,'-1'), ('370702','潍城区','370700','3',NULL,NULL,NULL,NULL,NULL,NULL,'-1'), ('370703','寒亭区','370700','3',NULL,NULL,NULL,NULL,NULL,NULL,'-1'), ('370704','坊子区','370700','3',NULL,NULL,NULL,NULL,NULL,NULL,'-1'), ('370705','奎文区','370700','3',NULL,NULL,NULL,NULL,NULL,NULL,'-1'), ('370724','临朐县','370700','3',NULL,NULL,NULL,NULL,NULL,NULL,'-1'), ('370725','昌乐县','370700','3',NULL,NULL,NULL,NULL,NULL,NULL,'-1'), ('370781','青州市','370700','3',NULL,NULL,NULL,NULL,NULL,NULL,'-1'), ('370782','诸城市','370700','3',NULL,NULL,NULL,NULL,NULL,NULL,'-1'), ('370783','寿光市','370700','3',NULL,NULL,NULL,NULL,NULL,NULL,'-1'), ('370784','安丘市','370700','3',NULL,NULL,NULL,NULL,NULL,NULL,'-1'), ('370785','高密市','370700','3',NULL,NULL,NULL,NULL,NULL,NULL,'-1'), ('370786','昌邑市','370700','3',NULL,NULL,NULL,NULL,NULL,NULL,'-1'), ('370800','济宁市','370000','2',NULL,NULL,NULL,NULL,NULL,NULL,'-1'), ('370801','市辖区','370800','3',NULL,NULL,NULL,NULL,NULL,NULL,'-1'), ('370802','市中区','370800','3',NULL,NULL,NULL,NULL,NULL,NULL,'-1'), ('370811','任城区','370800','3',NULL,NULL,NULL,NULL,NULL,NULL,'-1'), ('370826','微山县','370800','3',NULL,NULL,NULL,NULL,NULL,NULL,'-1'), ('370827','鱼台县','370800','3',NULL,NULL,NULL,NULL,NULL,NULL,'-1'), ('370828','金乡县','370800','3',NULL,NULL,NULL,NULL,NULL,NULL,'-1'), ('370829','嘉祥县','370800','3',NULL,NULL,NULL,NULL,NULL,NULL,'-1'), ('370830','汶上县','370800','3',NULL,NULL,NULL,NULL,NULL,NULL,'-1'), ('370831','泗水县','370800','3',NULL,NULL,NULL,NULL,NULL,NULL,'-1'), ('370832','梁山县','370800','3',NULL,NULL,NULL,NULL,NULL,NULL,'-1'), ('370881','曲阜市','370800','3',NULL,NULL,NULL,NULL,NULL,NULL,'-1'), ('370882','兖州市','370800','3',NULL,NULL,NULL,NULL,NULL,NULL,'-1'), ('370883','邹城市','370800','3',NULL,NULL,NULL,NULL,NULL,NULL,'-1'), ('370900','泰安市','370000','2',NULL,NULL,NULL,NULL,NULL,NULL,'-1'), ('370901','市辖区','370900','3',NULL,NULL,NULL,NULL,NULL,NULL,'-1'), ('370902','泰山区','370900','3',NULL,NULL,NULL,NULL,NULL,NULL,'-1'), ('370911','岱岳区','370900','3',NULL,NULL,NULL,NULL,NULL,NULL,'-1'), ('370921','宁阳县','370900','3',NULL,NULL,NULL,NULL,NULL,NULL,'-1'), ('370923','东平县','370900','3',NULL,NULL,NULL,NULL,NULL,NULL,'-1'), ('370982','新泰市','370900','3',NULL,NULL,NULL,NULL,NULL,NULL,'-1'), ('370983','肥城市','370900','3',NULL,NULL,NULL,NULL,NULL,NULL,'-1'), ('371000','威海市','370000','2',NULL,NULL,NULL,NULL,NULL,NULL,'-1'), ('371001','市辖区','371000','3',NULL,NULL,NULL,NULL,NULL,NULL,'-1'), ('371002','环翠区','371000','3',NULL,NULL,NULL,NULL,NULL,NULL,'-1'), ('371081','文登市','371000','3',NULL,NULL,NULL,NULL,NULL,NULL,'-1'), ('371082','荣成市','371000','3',NULL,NULL,NULL,NULL,NULL,NULL,'-1'), ('371083','乳山市','371000','3',NULL,NULL,NULL,NULL,NULL,NULL,'-1'), ('371100','日照市','370000','2',NULL,NULL,NULL,NULL,NULL,NULL,'-1'), ('371101','市辖区','371100','3',NULL,NULL,NULL,NULL,NULL,NULL,'-1'), ('371102','东港区','371100','3',NULL,NULL,NULL,NULL,NULL,NULL,'-1'), ('371103','岚山区','371100','3',NULL,NULL,NULL,NULL,NULL,NULL,'-1'), ('371121','五莲县','371100','3',NULL,NULL,NULL,NULL,NULL,NULL,'-1');
INSERT INTO `t_data_area` VALUES ('371122','莒县','371100','3',NULL,NULL,NULL,NULL,NULL,NULL,'-1'), ('371200','莱芜市','370000','2',NULL,NULL,NULL,NULL,NULL,NULL,'-1'), ('371201','市辖区','371200','3',NULL,NULL,NULL,NULL,NULL,NULL,'-1'), ('371202','莱城区','371200','3',NULL,NULL,NULL,NULL,NULL,NULL,'-1'), ('371203','钢城区','371200','3',NULL,NULL,NULL,NULL,NULL,NULL,'-1'), ('371300','临沂市','370000','2',NULL,NULL,NULL,NULL,NULL,NULL,'-1'), ('371301','市辖区','371300','3',NULL,NULL,NULL,NULL,NULL,NULL,'-1'), ('371302','兰山区','371300','3',NULL,NULL,NULL,NULL,NULL,NULL,'-1'), ('371311','罗庄区','371300','3',NULL,NULL,NULL,NULL,NULL,NULL,'-1'), ('371312','河东区','371300','3',NULL,NULL,NULL,NULL,NULL,NULL,'-1'), ('371321','沂南县','371300','3',NULL,NULL,NULL,NULL,NULL,NULL,'-1'), ('371322','郯城县','371300','3',NULL,NULL,NULL,NULL,NULL,NULL,'-1'), ('371323','沂水县','371300','3',NULL,NULL,NULL,NULL,NULL,NULL,'-1'), ('371324','苍山县','371300','3',NULL,NULL,NULL,NULL,NULL,NULL,'-1'), ('371325','费县','371300','3',NULL,NULL,NULL,NULL,NULL,NULL,'-1'), ('371326','平邑县','371300','3',NULL,NULL,NULL,NULL,NULL,NULL,'-1'), ('371327','莒南县','371300','3',NULL,NULL,NULL,NULL,NULL,NULL,'-1'), ('371328','蒙阴县','371300','3',NULL,NULL,NULL,NULL,NULL,NULL,'-1'), ('371329','临沭县','371300','3',NULL,NULL,NULL,NULL,NULL,NULL,'-1'), ('371400','德州市','370000','2',NULL,NULL,NULL,NULL,NULL,NULL,'-1'), ('371401','市辖区','371400','3',NULL,NULL,NULL,NULL,NULL,NULL,'-1'), ('371402','德城区','371400','3',NULL,NULL,NULL,NULL,NULL,NULL,'-1'), ('371421','陵县','371400','3',NULL,NULL,NULL,NULL,NULL,NULL,'-1'), ('371422','宁津县','371400','3',NULL,NULL,NULL,NULL,NULL,NULL,'-1'), ('371423','庆云县','371400','3',NULL,NULL,NULL,NULL,NULL,NULL,'-1'), ('371424','临邑县','371400','3',NULL,NULL,NULL,NULL,NULL,NULL,'-1'), ('371425','齐河县','371400','3',NULL,NULL,NULL,NULL,NULL,NULL,'-1'), ('371426','平原县','371400','3',NULL,NULL,NULL,NULL,NULL,NULL,'-1'), ('371427','夏津县','371400','3',NULL,NULL,NULL,NULL,NULL,NULL,'-1'), ('371428','武城县','371400','3',NULL,NULL,NULL,NULL,NULL,NULL,'-1'), ('371481','乐陵市','371400','3',NULL,NULL,NULL,NULL,NULL,NULL,'-1'), ('371482','禹城市','371400','3',NULL,NULL,NULL,NULL,NULL,NULL,'-1'), ('371500','聊城市','370000','2',NULL,NULL,NULL,NULL,NULL,NULL,'-1'), ('371501','市辖区','371500','3',NULL,NULL,NULL,NULL,NULL,NULL,'-1'), ('371502','东昌府区','371500','3',NULL,NULL,NULL,NULL,NULL,NULL,'-1'), ('371521','阳谷县','371500','3',NULL,NULL,NULL,NULL,NULL,NULL,'-1'), ('371522','莘县','371500','3',NULL,NULL,NULL,NULL,NULL,NULL,'-1'), ('371523','茌平县','371500','3',NULL,NULL,NULL,NULL,NULL,NULL,'-1'), ('371524','东阿县','371500','3',NULL,NULL,NULL,NULL,NULL,NULL,'-1'), ('371525','冠县','371500','3',NULL,NULL,NULL,NULL,NULL,NULL,'-1'), ('371526','高唐县','371500','3',NULL,NULL,NULL,NULL,NULL,NULL,'-1'), ('371581','临清市','371500','3',NULL,NULL,NULL,NULL,NULL,NULL,'-1'), ('371600','滨州市','370000','2',NULL,NULL,NULL,NULL,NULL,NULL,'-1'), ('371601','市辖区','371600','3',NULL,NULL,NULL,NULL,NULL,NULL,'-1'), ('371602','滨城区','371600','3',NULL,NULL,NULL,NULL,NULL,NULL,'-1'), ('371621','惠民县','371600','3',NULL,NULL,NULL,NULL,NULL,NULL,'-1'), ('371622','阳信县','371600','3',NULL,NULL,NULL,NULL,NULL,NULL,'-1'), ('371623','无棣县','371600','3',NULL,NULL,NULL,NULL,NULL,NULL,'-1'), ('371624','沾化县','371600','3',NULL,NULL,NULL,NULL,NULL,NULL,'-1'), ('371625','博兴县','371600','3',NULL,NULL,NULL,NULL,NULL,NULL,'-1'), ('371626','邹平县','371600','3',NULL,NULL,NULL,NULL,NULL,NULL,'-1'), ('371700','菏泽市','370000','2',NULL,NULL,NULL,NULL,NULL,NULL,'-1'), ('371701','市辖区','371700','3',NULL,NULL,NULL,NULL,NULL,NULL,'-1'), ('371702','牡丹区','371700','3',NULL,NULL,NULL,NULL,NULL,NULL,'-1'), ('371721','曹县','371700','3',NULL,NULL,NULL,NULL,NULL,NULL,'-1'), ('371722','单县','371700','3',NULL,NULL,NULL,NULL,NULL,NULL,'-1'), ('371723','成武县','371700','3',NULL,NULL,NULL,NULL,NULL,NULL,'-1'), ('371724','巨野县','371700','3',NULL,NULL,NULL,NULL,NULL,NULL,'-1'), ('371725','郓城县','371700','3',NULL,NULL,NULL,NULL,NULL,NULL,'-1'), ('371726','鄄城县','371700','3',NULL,NULL,NULL,NULL,NULL,NULL,'-1'), ('371727','定陶县','371700','3',NULL,NULL,NULL,NULL,NULL,NULL,'-1'), ('371728','东明县','371700','3',NULL,NULL,NULL,NULL,NULL,NULL,'-1'), ('410000','河南省','100000','1',NULL,NULL,NULL,NULL,NULL,NULL,'-1'), ('410100','郑州市','410000','2',NULL,NULL,NULL,NULL,NULL,NULL,'-1'), ('410101','市辖区','410100','3',NULL,NULL,NULL,NULL,NULL,NULL,'-1'), ('410102','中原区','410100','3',NULL,NULL,NULL,NULL,NULL,NULL,'-1'), ('410103','二七区','410100','3',NULL,NULL,NULL,NULL,NULL,NULL,'-1'), ('410104','管城回族区','410100','3',NULL,NULL,NULL,NULL,NULL,NULL,'-1'), ('410105','金水区','410100','3',NULL,NULL,NULL,NULL,NULL,NULL,'-1'), ('410106','上街区','410100','3',NULL,NULL,NULL,NULL,NULL,NULL,'-1'), ('410108','惠济区','410100','3',NULL,NULL,NULL,NULL,NULL,NULL,'-1'), ('410122','中牟县','410100','3',NULL,NULL,NULL,NULL,NULL,NULL,'-1'), ('410181','巩义市','410100','3',NULL,NULL,NULL,NULL,NULL,NULL,'-1'), ('410182','荥阳市','410100','3',NULL,NULL,NULL,NULL,NULL,NULL,'-1'), ('410183','新密市','410100','3',NULL,NULL,NULL,NULL,NULL,NULL,'-1'), ('410184','新郑市','410100','3',NULL,NULL,NULL,NULL,NULL,NULL,'-1'), ('410185','登封市','410100','3',NULL,NULL,NULL,NULL,NULL,NULL,'-1'), ('410200','开封市','410000','2',NULL,NULL,NULL,NULL,NULL,NULL,'-1'), ('410201','市辖区','410200','3',NULL,NULL,NULL,NULL,NULL,NULL,'-1'), ('410202','龙亭区','410200','3',NULL,NULL,NULL,NULL,NULL,NULL,'-1'), ('410203','顺河回族区','410200','3',NULL,NULL,NULL,NULL,NULL,NULL,'-1'), ('410204','鼓楼区','410200','3',NULL,NULL,NULL,NULL,NULL,NULL,'-1'), ('410205','禹王台区','410200','3',NULL,NULL,NULL,NULL,NULL,NULL,'-1'), ('410211','金明区','410200','3',NULL,NULL,NULL,NULL,NULL,NULL,'-1'), ('410221','杞县','410200','3',NULL,NULL,NULL,NULL,NULL,NULL,'-1'), ('410222','通许县','410200','3',NULL,NULL,NULL,NULL,NULL,NULL,'-1'), ('410223','尉氏县','410200','3',NULL,NULL,NULL,NULL,NULL,NULL,'-1'), ('410224','开封县','410200','3',NULL,NULL,NULL,NULL,NULL,NULL,'-1'), ('410225','兰考县','410200','3',NULL,NULL,NULL,NULL,NULL,NULL,'-1'), ('410300','洛阳市','410000','2',NULL,NULL,NULL,NULL,NULL,NULL,'-1'), ('410301','市辖区','410300','3',NULL,NULL,NULL,NULL,NULL,NULL,'-1'), ('410302','老城区','410300','3',NULL,NULL,NULL,NULL,NULL,NULL,'-1'), ('410303','西工区','410300','3',NULL,NULL,NULL,NULL,NULL,NULL,'-1'), ('410304','瀍河回族区','410300','3',NULL,NULL,NULL,NULL,NULL,NULL,'-1'), ('410305','涧西区','410300','3',NULL,NULL,NULL,NULL,NULL,NULL,'-1'), ('410306','吉利区','410300','3',NULL,NULL,NULL,NULL,NULL,NULL,'-1'), ('410311','洛龙区','410300','3',NULL,NULL,NULL,NULL,NULL,NULL,'-1'), ('410322','孟津县','410300','3',NULL,NULL,NULL,NULL,NULL,NULL,'-1'), ('410323','新安县','410300','3',NULL,NULL,NULL,NULL,NULL,NULL,'-1'), ('410324','栾川县','410300','3',NULL,NULL,NULL,NULL,NULL,NULL,'-1');
INSERT INTO `t_data_area` VALUES ('410325','嵩县','410300','3',NULL,NULL,NULL,NULL,NULL,NULL,'-1'), ('410326','汝阳县','410300','3',NULL,NULL,NULL,NULL,NULL,NULL,'-1'), ('410327','宜阳县','410300','3',NULL,NULL,NULL,NULL,NULL,NULL,'-1'), ('410328','洛宁县','410300','3',NULL,NULL,NULL,NULL,NULL,NULL,'-1'), ('410329','伊川县','410300','3',NULL,NULL,NULL,NULL,NULL,NULL,'-1'), ('410381','偃师市','410300','3',NULL,NULL,NULL,NULL,NULL,NULL,'-1'), ('410400','平顶山市','410000','2',NULL,NULL,NULL,NULL,NULL,NULL,'-1'), ('410401','市辖区','410400','3',NULL,NULL,NULL,NULL,NULL,NULL,'-1'), ('410402','新华区','410400','3',NULL,NULL,NULL,NULL,NULL,NULL,'-1'), ('410403','卫东区','410400','3',NULL,NULL,NULL,NULL,NULL,NULL,'-1'), ('410404','石龙区','410400','3',NULL,NULL,NULL,NULL,NULL,NULL,'-1'), ('410411','湛河区','410400','3',NULL,NULL,NULL,NULL,NULL,NULL,'-1'), ('410421','宝丰县','410400','3',NULL,NULL,NULL,NULL,NULL,NULL,'-1'), ('410422','叶县','410400','3',NULL,NULL,NULL,NULL,NULL,NULL,'-1'), ('410423','鲁山县','410400','3',NULL,NULL,NULL,NULL,NULL,NULL,'-1'), ('410425','郏县','410400','3',NULL,NULL,NULL,NULL,NULL,NULL,'-1'), ('410481','舞钢市','410400','3',NULL,NULL,NULL,NULL,NULL,NULL,'-1'), ('410482','汝州市','410400','3',NULL,NULL,NULL,NULL,NULL,NULL,'-1'), ('410500','安阳市','410000','2',NULL,NULL,NULL,NULL,NULL,NULL,'-1'), ('410501','市辖区','410500','3',NULL,NULL,NULL,NULL,NULL,NULL,'-1'), ('410502','文峰区','410500','3',NULL,NULL,NULL,NULL,NULL,NULL,'-1'), ('410503','北关区','410500','3',NULL,NULL,NULL,NULL,NULL,NULL,'-1'), ('410505','殷都区','410500','3',NULL,NULL,NULL,NULL,NULL,NULL,'-1'), ('410506','龙安区','410500','3',NULL,NULL,NULL,NULL,NULL,NULL,'-1'), ('410522','安阳县','410500','3',NULL,NULL,NULL,NULL,NULL,NULL,'-1'), ('410523','汤阴县','410500','3',NULL,NULL,NULL,NULL,NULL,NULL,'-1'), ('410526','滑县','410500','3',NULL,NULL,NULL,NULL,NULL,NULL,'-1'), ('410527','内黄县','410500','3',NULL,NULL,NULL,NULL,NULL,NULL,'-1'), ('410581','林州市','410500','3',NULL,NULL,NULL,NULL,NULL,NULL,'-1'), ('410600','鹤壁市','410000','2',NULL,NULL,NULL,NULL,NULL,NULL,'-1'), ('410601','市辖区','410600','3',NULL,NULL,NULL,NULL,NULL,NULL,'-1'), ('410602','鹤山区','410600','3',NULL,NULL,NULL,NULL,NULL,NULL,'-1'), ('410603','山城区','410600','3',NULL,NULL,NULL,NULL,NULL,NULL,'-1'), ('410611','淇滨区','410600','3',NULL,NULL,NULL,NULL,NULL,NULL,'-1'), ('410621','浚县','410600','3',NULL,NULL,NULL,NULL,NULL,NULL,'-1'), ('410622','淇县','410600','3',NULL,NULL,NULL,NULL,NULL,NULL,'-1'), ('410700','新乡市','410000','2',NULL,NULL,NULL,NULL,NULL,NULL,'-1'), ('410701','市辖区','410700','3',NULL,NULL,NULL,NULL,NULL,NULL,'-1'), ('410702','红旗区','410700','3',NULL,NULL,NULL,NULL,NULL,NULL,'-1'), ('410703','卫滨区','410700','3',NULL,NULL,NULL,NULL,NULL,NULL,'-1'), ('410704','凤泉区','410700','3',NULL,NULL,NULL,NULL,NULL,NULL,'-1'), ('410711','牧野区','410700','3',NULL,NULL,NULL,NULL,NULL,NULL,'-1'), ('410721','新乡县','410700','3',NULL,NULL,NULL,NULL,NULL,NULL,'-1'), ('410724','获嘉县','410700','3',NULL,NULL,NULL,NULL,NULL,NULL,'-1'), ('410725','原阳县','410700','3',NULL,NULL,NULL,NULL,NULL,NULL,'-1'), ('410726','延津县','410700','3',NULL,NULL,NULL,NULL,NULL,NULL,'-1'), ('410727','封丘县','410700','3',NULL,NULL,NULL,NULL,NULL,NULL,'-1'), ('410728','长垣县','410700','3',NULL,NULL,NULL,NULL,NULL,NULL,'-1'), ('410781','卫辉市','410700','3',NULL,NULL,NULL,NULL,NULL,NULL,'-1'), ('410782','辉县市','410700','3',NULL,NULL,NULL,NULL,NULL,NULL,'-1'), ('410800','焦作市','410000','2',NULL,NULL,NULL,NULL,NULL,NULL,'-1'), ('410801','市辖区','410800','3',NULL,NULL,NULL,NULL,NULL,NULL,'-1'), ('410802','解放区','410800','3',NULL,NULL,NULL,NULL,NULL,NULL,'-1'), ('410803','中站区','410800','3',NULL,NULL,NULL,NULL,NULL,NULL,'-1'), ('410804','马村区','410800','3',NULL,NULL,NULL,NULL,NULL,NULL,'-1'), ('410811','山阳区','410800','3',NULL,NULL,NULL,NULL,NULL,NULL,'-1'), ('410821','修武县','410800','3',NULL,NULL,NULL,NULL,NULL,NULL,'-1'), ('410822','博爱县','410800','3',NULL,NULL,NULL,NULL,NULL,NULL,'-1'), ('410823','武陟县','410800','3',NULL,NULL,NULL,NULL,NULL,NULL,'-1'), ('410825','温县','410800','3',NULL,NULL,NULL,NULL,NULL,NULL,'-1'), ('410882','沁阳市','410800','3',NULL,NULL,NULL,NULL,NULL,NULL,'-1'), ('410883','孟州市','410800','3',NULL,NULL,NULL,NULL,NULL,NULL,'-1'), ('410900','濮阳市','410000','2',NULL,NULL,NULL,NULL,NULL,NULL,'-1'), ('410901','市辖区','410900','3',NULL,NULL,NULL,NULL,NULL,NULL,'-1'), ('410902','华龙区','410900','3',NULL,NULL,NULL,NULL,NULL,NULL,'-1'), ('410922','清丰县','410900','3',NULL,NULL,NULL,NULL,NULL,NULL,'-1'), ('410923','南乐县','410900','3',NULL,NULL,NULL,NULL,NULL,NULL,'-1'), ('410926','范县','410900','3',NULL,NULL,NULL,NULL,NULL,NULL,'-1'), ('410927','台前县','410900','3',NULL,NULL,NULL,NULL,NULL,NULL,'-1'), ('410928','濮阳县','410900','3',NULL,NULL,NULL,NULL,NULL,NULL,'-1'), ('411000','许昌市','410000','2',NULL,NULL,NULL,NULL,NULL,NULL,'-1'), ('411001','市辖区','411000','3',NULL,NULL,NULL,NULL,NULL,NULL,'-1'), ('411002','魏都区','411000','3',NULL,NULL,NULL,NULL,NULL,NULL,'-1'), ('411023','许昌县','411000','3',NULL,NULL,NULL,NULL,NULL,NULL,'-1'), ('411024','鄢陵县','411000','3',NULL,NULL,NULL,NULL,NULL,NULL,'-1'), ('411025','襄城县','411000','3',NULL,NULL,NULL,NULL,NULL,NULL,'-1'), ('411081','禹州市','411000','3',NULL,NULL,NULL,NULL,NULL,NULL,'-1'), ('411082','长葛市','411000','3',NULL,NULL,NULL,NULL,NULL,NULL,'-1'), ('411100','漯河市','410000','2',NULL,NULL,NULL,NULL,NULL,NULL,'-1'), ('411101','市辖区','411100','3',NULL,NULL,NULL,NULL,NULL,NULL,'-1'), ('411102','源汇区','411100','3',NULL,NULL,NULL,NULL,NULL,NULL,'-1'), ('411103','郾城区','411100','3',NULL,NULL,NULL,NULL,NULL,NULL,'-1'), ('411104','召陵区','411100','3',NULL,NULL,NULL,NULL,NULL,NULL,'-1'), ('411121','舞阳县','411100','3',NULL,NULL,NULL,NULL,NULL,NULL,'-1'), ('411122','临颍县','411100','3',NULL,NULL,NULL,NULL,NULL,NULL,'-1'), ('411200','三门峡市','410000','2',NULL,NULL,NULL,NULL,NULL,NULL,'-1'), ('411201','市辖区','411200','3',NULL,NULL,NULL,NULL,NULL,NULL,'-1'), ('411202','湖滨区','411200','3',NULL,NULL,NULL,NULL,NULL,NULL,'-1'), ('411221','渑池县','411200','3',NULL,NULL,NULL,NULL,NULL,NULL,'-1'), ('411222','陕县','411200','3',NULL,NULL,NULL,NULL,NULL,NULL,'-1'), ('411224','卢氏县','411200','3',NULL,NULL,NULL,NULL,NULL,NULL,'-1'), ('411281','义马市','411200','3',NULL,NULL,NULL,NULL,NULL,NULL,'-1'), ('411282','灵宝市','411200','3',NULL,NULL,NULL,NULL,NULL,NULL,'-1'), ('411300','南阳市','410000','2',NULL,NULL,NULL,NULL,NULL,NULL,'-1'), ('411301','市辖区','411300','3',NULL,NULL,NULL,NULL,NULL,NULL,'-1'), ('411302','宛城区','411300','3',NULL,NULL,NULL,NULL,NULL,NULL,'-1'), ('411303','卧龙区','411300','3',NULL,NULL,NULL,NULL,NULL,NULL,'-1'), ('411321','南召县','411300','3',NULL,NULL,NULL,NULL,NULL,NULL,'-1'), ('411322','方城县','411300','3',NULL,NULL,NULL,NULL,NULL,NULL,'-1'), ('411323','西峡县','411300','3',NULL,NULL,NULL,NULL,NULL,NULL,'-1');
INSERT INTO `t_data_area` VALUES ('411324','镇平县','411300','3',NULL,NULL,NULL,NULL,NULL,NULL,'-1'), ('411325','内乡县','411300','3',NULL,NULL,NULL,NULL,NULL,NULL,'-1'), ('411326','淅川县','411300','3',NULL,NULL,NULL,NULL,NULL,NULL,'-1'), ('411327','社旗县','411300','3',NULL,NULL,NULL,NULL,NULL,NULL,'-1'), ('411328','唐河县','411300','3',NULL,NULL,NULL,NULL,NULL,NULL,'-1'), ('411329','新野县','411300','3',NULL,NULL,NULL,NULL,NULL,NULL,'-1'), ('411330','桐柏县','411300','3',NULL,NULL,NULL,NULL,NULL,NULL,'-1'), ('411381','邓州市','411300','3',NULL,NULL,NULL,NULL,NULL,NULL,'-1'), ('411400','商丘市','410000','2',NULL,NULL,NULL,NULL,NULL,NULL,'-1'), ('411401','市辖区','411400','3',NULL,NULL,NULL,NULL,NULL,NULL,'-1'), ('411402','梁园区','411400','3',NULL,NULL,NULL,NULL,NULL,NULL,'-1'), ('411403','睢阳区','411400','3',NULL,NULL,NULL,NULL,NULL,NULL,'-1'), ('411421','民权县','411400','3',NULL,NULL,NULL,NULL,NULL,NULL,'-1'), ('411422','睢县','411400','3',NULL,NULL,NULL,NULL,NULL,NULL,'-1'), ('411423','宁陵县','411400','3',NULL,NULL,NULL,NULL,NULL,NULL,'-1'), ('411424','柘城县','411400','3',NULL,NULL,NULL,NULL,NULL,NULL,'-1'), ('411425','虞城县','411400','3',NULL,NULL,NULL,NULL,NULL,NULL,'-1'), ('411426','夏邑县','411400','3',NULL,NULL,NULL,NULL,NULL,NULL,'-1'), ('411481','永城市','411400','3',NULL,NULL,NULL,NULL,NULL,NULL,'-1'), ('411500','信阳市','410000','2',NULL,NULL,NULL,NULL,NULL,NULL,'-1'), ('411501','市辖区','411500','3',NULL,NULL,NULL,NULL,NULL,NULL,'-1'), ('411502','浉河区','411500','3',NULL,NULL,NULL,NULL,NULL,NULL,'-1'), ('411503','平桥区','411500','3',NULL,NULL,NULL,NULL,NULL,NULL,'-1'), ('411521','罗山县','411500','3',NULL,NULL,NULL,NULL,NULL,NULL,'-1'), ('411522','光山县','411500','3',NULL,NULL,NULL,NULL,NULL,NULL,'-1'), ('411523','新县','411500','3',NULL,NULL,NULL,NULL,NULL,NULL,'-1'), ('411524','商城县','411500','3',NULL,NULL,NULL,NULL,NULL,NULL,'-1'), ('411525','固始县','411500','3',NULL,NULL,NULL,NULL,NULL,NULL,'-1'), ('411526','潢川县','411500','3',NULL,NULL,NULL,NULL,NULL,NULL,'-1'), ('411527','淮滨县','411500','3',NULL,NULL,NULL,NULL,NULL,NULL,'-1'), ('411528','息县','411500','3',NULL,NULL,NULL,NULL,NULL,NULL,'-1'), ('411600','周口市','410000','2',NULL,NULL,NULL,NULL,NULL,NULL,'-1'), ('411601','市辖区','411600','3',NULL,NULL,NULL,NULL,NULL,NULL,'-1'), ('411602','川汇区','411600','3',NULL,NULL,NULL,NULL,NULL,NULL,'-1'), ('411621','扶沟县','411600','3',NULL,NULL,NULL,NULL,NULL,NULL,'-1'), ('411622','西华县','411600','3',NULL,NULL,NULL,NULL,NULL,NULL,'-1'), ('411623','商水县','411600','3',NULL,NULL,NULL,NULL,NULL,NULL,'-1'), ('411624','沈丘县','411600','3',NULL,NULL,NULL,NULL,NULL,NULL,'-1'), ('411625','郸城县','411600','3',NULL,NULL,NULL,NULL,NULL,NULL,'-1'), ('411626','淮阳县','411600','3',NULL,NULL,NULL,NULL,NULL,NULL,'-1'), ('411627','太康县','411600','3',NULL,NULL,NULL,NULL,NULL,NULL,'-1'), ('411628','鹿邑县','411600','3',NULL,NULL,NULL,NULL,NULL,NULL,'-1'), ('411681','项城市','411600','3',NULL,NULL,NULL,NULL,NULL,NULL,'-1'), ('411700','驻马店市','410000','2',NULL,NULL,NULL,NULL,NULL,NULL,'-1'), ('411701','市辖区','411700','3',NULL,NULL,NULL,NULL,NULL,NULL,'-1'), ('411702','驿城区','411700','3',NULL,NULL,NULL,NULL,NULL,NULL,'-1'), ('411721','西平县','411700','3',NULL,NULL,NULL,NULL,NULL,NULL,'-1'), ('411722','上蔡县','411700','3',NULL,NULL,NULL,NULL,NULL,NULL,'-1'), ('411723','平舆县','411700','3',NULL,NULL,NULL,NULL,NULL,NULL,'-1'), ('411724','正阳县','411700','3',NULL,NULL,NULL,NULL,NULL,NULL,'-1'), ('411725','确山县','411700','3',NULL,NULL,NULL,NULL,NULL,NULL,'-1'), ('411726','泌阳县','411700','3',NULL,NULL,NULL,NULL,NULL,NULL,'-1'), ('411727','汝南县','411700','3',NULL,NULL,NULL,NULL,NULL,NULL,'-1'), ('411728','遂平县','411700','3',NULL,NULL,NULL,NULL,NULL,NULL,'-1'), ('411729','新蔡县','411700','3',NULL,NULL,NULL,NULL,NULL,NULL,'-1'), ('419000','济源市','410000','2',NULL,NULL,NULL,NULL,NULL,NULL,'-1'), ('419001','济源市','419000','3',NULL,NULL,NULL,NULL,NULL,NULL,'-1'), ('420000','湖北省','100000','1',NULL,NULL,NULL,NULL,NULL,NULL,'-1'), ('420100','武汉市','420000','2',NULL,NULL,NULL,NULL,NULL,NULL,'-1'), ('420101','市辖区','420100','3',NULL,NULL,NULL,NULL,NULL,NULL,'-1'), ('420102','江岸区','420100','3',NULL,NULL,NULL,NULL,NULL,NULL,'-1'), ('420103','江汉区','420100','3',NULL,NULL,NULL,NULL,NULL,NULL,'-1'), ('420104','硚口区','420100','3',NULL,NULL,NULL,NULL,NULL,NULL,'-1'), ('420105','汉阳区','420100','3',NULL,NULL,NULL,NULL,NULL,NULL,'-1'), ('420106','武昌区','420100','3',NULL,NULL,NULL,NULL,NULL,NULL,'-1'), ('420107','青山区','420100','3',NULL,NULL,NULL,NULL,NULL,NULL,'-1'), ('420111','洪山区','420100','3',NULL,NULL,NULL,NULL,NULL,NULL,'-1'), ('420112','东西湖区','420100','3',NULL,NULL,NULL,NULL,NULL,NULL,'-1'), ('420113','汉南区','420100','3',NULL,NULL,NULL,NULL,NULL,NULL,'-1'), ('420114','蔡甸区','420100','3',NULL,NULL,NULL,NULL,NULL,NULL,'-1'), ('420115','江夏区','420100','3',NULL,NULL,NULL,NULL,NULL,NULL,'-1'), ('420116','黄陂区','420100','3',NULL,NULL,NULL,NULL,NULL,NULL,'-1'), ('420117','新洲区','420100','3',NULL,NULL,NULL,NULL,NULL,NULL,'-1'), ('420200','黄石市','420000','2',NULL,NULL,NULL,NULL,NULL,NULL,'-1'), ('420201','市辖区','420200','3',NULL,NULL,NULL,NULL,NULL,NULL,'-1'), ('420202','黄石港区','420200','3',NULL,NULL,NULL,NULL,NULL,NULL,'-1'), ('420203','西塞山区','420200','3',NULL,NULL,NULL,NULL,NULL,NULL,'-1'), ('420204','下陆区','420200','3',NULL,NULL,NULL,NULL,NULL,NULL,'-1'), ('420205','铁山区','420200','3',NULL,NULL,NULL,NULL,NULL,NULL,'-1'), ('420222','阳新县','420200','3',NULL,NULL,NULL,NULL,NULL,NULL,'-1'), ('420281','大冶市','420200','3',NULL,NULL,NULL,NULL,NULL,NULL,'-1'), ('420300','十堰市','420000','2',NULL,NULL,NULL,NULL,NULL,NULL,'-1'), ('420301','市辖区','420300','3',NULL,NULL,NULL,NULL,NULL,NULL,'-1'), ('420302','茅箭区','420300','3',NULL,NULL,NULL,NULL,NULL,NULL,'-1'), ('420303','张湾区','420300','3',NULL,NULL,NULL,NULL,NULL,NULL,'-1'), ('420321','郧县','420300','3',NULL,NULL,NULL,NULL,NULL,NULL,'-1'), ('420322','郧西县','420300','3',NULL,NULL,NULL,NULL,NULL,NULL,'-1'), ('420323','竹山县','420300','3',NULL,NULL,NULL,NULL,NULL,NULL,'-1'), ('420324','竹溪县','420300','3',NULL,NULL,NULL,NULL,NULL,NULL,'-1'), ('420325','房县','420300','3',NULL,NULL,NULL,NULL,NULL,NULL,'-1'), ('420381','丹江口市','420300','3',NULL,NULL,NULL,NULL,NULL,NULL,'-1'), ('420500','宜昌市','420000','2',NULL,NULL,NULL,NULL,NULL,NULL,'-1'), ('420501','市辖区','420500','3',NULL,NULL,NULL,NULL,NULL,NULL,'-1'), ('420502','西陵区','420500','3',NULL,NULL,NULL,NULL,NULL,NULL,'-1'), ('420503','伍家岗区','420500','3',NULL,NULL,NULL,NULL,NULL,NULL,'-1'), ('420504','点军区','420500','3',NULL,NULL,NULL,NULL,NULL,NULL,'-1'), ('420505','猇亭区','420500','3',NULL,NULL,NULL,NULL,NULL,NULL,'-1'), ('420506','夷陵区','420500','3',NULL,NULL,NULL,NULL,NULL,NULL,'-1'), ('420525','远安县','420500','3',NULL,NULL,NULL,NULL,NULL,NULL,'-1'), ('420526','兴山县','420500','3',NULL,NULL,NULL,NULL,NULL,NULL,'-1');
INSERT INTO `t_data_area` VALUES ('420527','秭归县','420500','3',NULL,NULL,NULL,NULL,NULL,NULL,'-1'), ('420528','长阳土家族自治县','420500','3',NULL,NULL,NULL,NULL,NULL,NULL,'-1'), ('420529','五峰土家族自治县','420500','3',NULL,NULL,NULL,NULL,NULL,NULL,'-1'), ('420581','宜都市','420500','3',NULL,NULL,NULL,NULL,NULL,NULL,'-1'), ('420582','当阳市','420500','3',NULL,NULL,NULL,NULL,NULL,NULL,'-1'), ('420583','枝江市','420500','3',NULL,NULL,NULL,NULL,NULL,NULL,'-1'), ('420600','襄阳市','420000','2',NULL,NULL,NULL,NULL,NULL,NULL,'-1'), ('420601','市辖区','420600','3',NULL,NULL,NULL,NULL,NULL,NULL,'-1'), ('420602','襄城区','420600','3',NULL,NULL,NULL,NULL,NULL,NULL,'-1'), ('420606','樊城区','420600','3',NULL,NULL,NULL,NULL,NULL,NULL,'-1'), ('420607','襄州区','420600','3',NULL,NULL,NULL,NULL,NULL,NULL,'-1'), ('420624','南漳县','420600','3',NULL,NULL,NULL,NULL,NULL,NULL,'-1'), ('420625','谷城县','420600','3',NULL,NULL,NULL,NULL,NULL,NULL,'-1'), ('420626','保康县','420600','3',NULL,NULL,NULL,NULL,NULL,NULL,'-1'), ('420682','老河口市','420600','3',NULL,NULL,NULL,NULL,NULL,NULL,'-1'), ('420683','枣阳市','420600','3',NULL,NULL,NULL,NULL,NULL,NULL,'-1'), ('420684','宜城市','420600','3',NULL,NULL,NULL,NULL,NULL,NULL,'-1'), ('420700','鄂州市','420000','2',NULL,NULL,NULL,NULL,NULL,NULL,'-1'), ('420701','市辖区','420700','3',NULL,NULL,NULL,NULL,NULL,NULL,'-1'), ('420702','梁子湖区','420700','3',NULL,NULL,NULL,NULL,NULL,NULL,'-1'), ('420703','华容区','420700','3',NULL,NULL,NULL,NULL,NULL,NULL,'-1'), ('420704','鄂城区','420700','3',NULL,NULL,NULL,NULL,NULL,NULL,'-1'), ('420800','荆门市','420000','2',NULL,NULL,NULL,NULL,NULL,NULL,'-1'), ('420801','市辖区','420800','3',NULL,NULL,NULL,NULL,NULL,NULL,'-1'), ('420802','东宝区','420800','3',NULL,NULL,NULL,NULL,NULL,NULL,'-1'), ('420804','掇刀区','420800','3',NULL,NULL,NULL,NULL,NULL,NULL,'-1'), ('420821','京山县','420800','3',NULL,NULL,NULL,NULL,NULL,NULL,'-1'), ('420822','沙洋县','420800','3',NULL,NULL,NULL,NULL,NULL,NULL,'-1'), ('420881','钟祥市','420800','3',NULL,NULL,NULL,NULL,NULL,NULL,'-1'), ('420900','孝感市','420000','2',NULL,NULL,NULL,NULL,NULL,NULL,'-1'), ('420901','市辖区','420900','3',NULL,NULL,NULL,NULL,NULL,NULL,'-1'), ('420902','孝南区','420900','3',NULL,NULL,NULL,NULL,NULL,NULL,'-1'), ('420921','孝昌县','420900','3',NULL,NULL,NULL,NULL,NULL,NULL,'-1'), ('420922','大悟县','420900','3',NULL,NULL,NULL,NULL,NULL,NULL,'-1'), ('420923','云梦县','420900','3',NULL,NULL,NULL,NULL,NULL,NULL,'-1'), ('420981','应城市','420900','3',NULL,NULL,NULL,NULL,NULL,NULL,'-1'), ('420982','安陆市','420900','3',NULL,NULL,NULL,NULL,NULL,NULL,'-1'), ('420984','汉川市','420900','3',NULL,NULL,NULL,NULL,NULL,NULL,'-1'), ('421000','荆州市','420000','2',NULL,NULL,NULL,NULL,NULL,NULL,'-1'), ('421001','市辖区','421000','3',NULL,NULL,NULL,NULL,NULL,NULL,'-1'), ('421002','沙市区','421000','3',NULL,NULL,NULL,NULL,NULL,NULL,'-1'), ('421003','荆州区','421000','3',NULL,NULL,NULL,NULL,NULL,NULL,'-1'), ('421022','公安县','421000','3',NULL,NULL,NULL,NULL,NULL,NULL,'-1'), ('421023','监利县','421000','3',NULL,NULL,NULL,NULL,NULL,NULL,'-1'), ('421024','江陵县','421000','3',NULL,NULL,NULL,NULL,NULL,NULL,'-1'), ('421081','石首市','421000','3',NULL,NULL,NULL,NULL,NULL,NULL,'-1'), ('421083','洪湖市','421000','3',NULL,NULL,NULL,NULL,NULL,NULL,'-1'), ('421087','松滋市','421000','3',NULL,NULL,NULL,NULL,NULL,NULL,'-1'), ('421100','黄冈市','420000','2',NULL,NULL,NULL,NULL,NULL,NULL,'-1'), ('421101','市辖区','421100','3',NULL,NULL,NULL,NULL,NULL,NULL,'-1'), ('421102','黄州区','421100','3',NULL,NULL,NULL,NULL,NULL,NULL,'-1'), ('421121','团风县','421100','3',NULL,NULL,NULL,NULL,NULL,NULL,'-1'), ('421122','红安县','421100','3',NULL,NULL,NULL,NULL,NULL,NULL,'-1'), ('421123','罗田县','421100','3',NULL,NULL,NULL,NULL,NULL,NULL,'-1'), ('421124','英山县','421100','3',NULL,NULL,NULL,NULL,NULL,NULL,'-1'), ('421125','浠水县','421100','3',NULL,NULL,NULL,NULL,NULL,NULL,'-1'), ('421126','蕲春县','421100','3',NULL,NULL,NULL,NULL,NULL,NULL,'-1'), ('421127','黄梅县','421100','3',NULL,NULL,NULL,NULL,NULL,NULL,'-1'), ('421181','麻城市','421100','3',NULL,NULL,NULL,NULL,NULL,NULL,'-1'), ('421182','武穴市','421100','3',NULL,NULL,NULL,NULL,NULL,NULL,'-1'), ('421200','咸宁市','420000','2',NULL,NULL,NULL,NULL,NULL,NULL,'-1'), ('421201','市辖区','421200','3',NULL,NULL,NULL,NULL,NULL,NULL,'-1'), ('421202','咸安区','421200','3',NULL,NULL,NULL,NULL,NULL,NULL,'-1'), ('421221','嘉鱼县','421200','3',NULL,NULL,NULL,NULL,NULL,NULL,'-1'), ('421222','通城县','421200','3',NULL,NULL,NULL,NULL,NULL,NULL,'-1'), ('421223','崇阳县','421200','3',NULL,NULL,NULL,NULL,NULL,NULL,'-1'), ('421224','通山县','421200','3',NULL,NULL,NULL,NULL,NULL,NULL,'-1'), ('421281','赤壁市','421200','3',NULL,NULL,NULL,NULL,NULL,NULL,'-1'), ('421300','随州市','420000','2',NULL,NULL,NULL,NULL,NULL,NULL,'-1'), ('421301','市辖区','421300','3',NULL,NULL,NULL,NULL,NULL,NULL,'-1'), ('421303','曾都区','421300','3',NULL,NULL,NULL,NULL,NULL,NULL,'-1'), ('421321','随县','421300','3',NULL,NULL,NULL,NULL,NULL,NULL,'-1'), ('421381','广水市','421300','3',NULL,NULL,NULL,NULL,NULL,NULL,'-1'), ('422100','神农架林区','420000','2',NULL,NULL,NULL,NULL,NULL,NULL,'-1'), ('422800','恩施土家族苗族自治州','420000','2',NULL,NULL,NULL,NULL,NULL,NULL,'-1'), ('422801','恩施市','422800','3',NULL,NULL,NULL,NULL,NULL,NULL,'-1'), ('422802','利川市','422800','3',NULL,NULL,NULL,NULL,NULL,NULL,'-1'), ('422822','建始县','422800','3',NULL,NULL,NULL,NULL,NULL,NULL,'-1'), ('422823','巴东县','422800','3',NULL,NULL,NULL,NULL,NULL,NULL,'-1'), ('422825','宣恩县','422800','3',NULL,NULL,NULL,NULL,NULL,NULL,'-1'), ('422826','咸丰县','422800','3',NULL,NULL,NULL,NULL,NULL,NULL,'-1'), ('422827','来凤县','422800','3',NULL,NULL,NULL,NULL,NULL,NULL,'-1'), ('422828','鹤峰县','422800','3',NULL,NULL,NULL,NULL,NULL,NULL,'-1'), ('429004','仙桃市','429000',NULL,NULL,NULL,NULL,NULL,NULL,NULL,'-1'), ('429006','天门市','429000',NULL,NULL,NULL,NULL,NULL,NULL,NULL,'-1'), ('429021','神农架林区','429000',NULL,NULL,NULL,NULL,NULL,NULL,NULL,'-1'), ('429400','仙桃市','420000','2',NULL,NULL,NULL,NULL,NULL,NULL,'-1'), ('429500','潜江市','420000','2',NULL,NULL,NULL,NULL,NULL,NULL,'-1'), ('429501','潜江市','429500','3',NULL,NULL,NULL,NULL,NULL,NULL,'-1'), ('429600','天门市','420000','2',NULL,NULL,NULL,NULL,NULL,NULL,'-1'), ('430000','湖南省','100000','1',NULL,NULL,NULL,NULL,NULL,NULL,'-1'), ('430100','长沙市','430000','2',NULL,NULL,NULL,NULL,NULL,NULL,'-1'), ('430101','市辖区','430100','3',NULL,NULL,NULL,NULL,NULL,NULL,'-1'), ('430102','芙蓉区','430100','3',NULL,NULL,NULL,NULL,NULL,NULL,'-1'), ('430103','天心区','430100','3',NULL,NULL,NULL,NULL,NULL,NULL,'-1'), ('430104','岳麓区','430100','3',NULL,NULL,NULL,NULL,NULL,NULL,'-1'), ('430105','开福区','430100','3',NULL,NULL,NULL,NULL,NULL,NULL,'-1'), ('430111','雨花区','430100','3',NULL,NULL,NULL,NULL,NULL,NULL,'-1'), ('430112','望城区','430100','3',NULL,NULL,NULL,NULL,NULL,NULL,'-1'), ('430121','长沙县','430100','3',NULL,NULL,NULL,NULL,NULL,NULL,'-1');
INSERT INTO `t_data_area` VALUES ('430124','宁乡县','430100','3',NULL,NULL,NULL,NULL,NULL,NULL,'-1'), ('430181','浏阳市','430100','3',NULL,NULL,NULL,NULL,NULL,NULL,'-1'), ('430200','株洲市','430000','2',NULL,NULL,NULL,NULL,NULL,NULL,'-1'), ('430201','市辖区','430200','3',NULL,NULL,NULL,NULL,NULL,NULL,'-1'), ('430202','荷塘区','430200','3',NULL,NULL,NULL,NULL,NULL,NULL,'-1'), ('430203','芦淞区','430200','3',NULL,NULL,NULL,NULL,NULL,NULL,'-1'), ('430204','石峰区','430200','3',NULL,NULL,NULL,NULL,NULL,NULL,'-1'), ('430211','天元区','430200','3',NULL,NULL,NULL,NULL,NULL,NULL,'-1'), ('430221','株洲县','430200','3',NULL,NULL,NULL,NULL,NULL,NULL,'-1'), ('430223','攸县','430200','3',NULL,NULL,NULL,NULL,NULL,NULL,'-1'), ('430224','茶陵县','430200','3',NULL,NULL,NULL,NULL,NULL,NULL,'-1'), ('430225','炎陵县','430200','3',NULL,NULL,NULL,NULL,NULL,NULL,'-1'), ('430281','醴陵市','430200','3',NULL,NULL,NULL,NULL,NULL,NULL,'-1'), ('430300','湘潭市','430000','2',NULL,NULL,NULL,NULL,NULL,NULL,'-1'), ('430301','市辖区','430300','3',NULL,NULL,NULL,NULL,NULL,NULL,'-1'), ('430302','雨湖区','430300','3',NULL,NULL,NULL,NULL,NULL,NULL,'-1'), ('430304','岳塘区','430300','3',NULL,NULL,NULL,NULL,NULL,NULL,'-1'), ('430321','湘潭县','430300','3',NULL,NULL,NULL,NULL,NULL,NULL,'-1'), ('430381','湘乡市','430300','3',NULL,NULL,NULL,NULL,NULL,NULL,'-1'), ('430382','韶山市','430300','3',NULL,NULL,NULL,NULL,NULL,NULL,'-1'), ('430400','衡阳市','430000','2',NULL,NULL,NULL,NULL,NULL,NULL,'-1'), ('430401','市辖区','430400','3',NULL,NULL,NULL,NULL,NULL,NULL,'-1'), ('430405','珠晖区','430400','3',NULL,NULL,NULL,NULL,NULL,NULL,'-1'), ('430406','雁峰区','430400','3',NULL,NULL,NULL,NULL,NULL,NULL,'-1'), ('430407','石鼓区','430400','3',NULL,NULL,NULL,NULL,NULL,NULL,'-1'), ('430408','蒸湘区','430400','3',NULL,NULL,NULL,NULL,NULL,NULL,'-1'), ('430412','南岳区','430400','3',NULL,NULL,NULL,NULL,NULL,NULL,'-1'), ('430421','衡阳县','430400','3',NULL,NULL,NULL,NULL,NULL,NULL,'-1'), ('430422','衡南县','430400','3',NULL,NULL,NULL,NULL,NULL,NULL,'-1'), ('430423','衡山县','430400','3',NULL,NULL,NULL,NULL,NULL,NULL,'-1'), ('430424','衡东县','430400','3',NULL,NULL,NULL,NULL,NULL,NULL,'-1'), ('430426','祁东县','430400','3',NULL,NULL,NULL,NULL,NULL,NULL,'-1'), ('430481','耒阳市','430400','3',NULL,NULL,NULL,NULL,NULL,NULL,'-1'), ('430482','常宁市','430400','3',NULL,NULL,NULL,NULL,NULL,NULL,'-1'), ('430500','邵阳市','430000','2',NULL,NULL,NULL,NULL,NULL,NULL,'-1'), ('430501','市辖区','430500','3',NULL,NULL,NULL,NULL,NULL,NULL,'-1'), ('430502','双清区','430500','3',NULL,NULL,NULL,NULL,NULL,NULL,'-1'), ('430503','大祥区','430500','3',NULL,NULL,NULL,NULL,NULL,NULL,'-1'), ('430511','北塔区','430500','3',NULL,NULL,NULL,NULL,NULL,NULL,'-1'), ('430521','邵东县','430500','3',NULL,NULL,NULL,NULL,NULL,NULL,'-1'), ('430522','新邵县','430500','3',NULL,NULL,NULL,NULL,NULL,NULL,'-1'), ('430523','邵阳县','430500','3',NULL,NULL,NULL,NULL,NULL,NULL,'-1'), ('430524','隆回县','430500','3',NULL,NULL,NULL,NULL,NULL,NULL,'-1'), ('430525','洞口县','430500','3',NULL,NULL,NULL,NULL,NULL,NULL,'-1'), ('430527','绥宁县','430500','3',NULL,NULL,NULL,NULL,NULL,NULL,'-1'), ('430528','新宁县','430500','3',NULL,NULL,NULL,NULL,NULL,NULL,'-1'), ('430529','城步苗族自治县','430500','3',NULL,NULL,NULL,NULL,NULL,NULL,'-1'), ('430581','武冈市','430500','3',NULL,NULL,NULL,NULL,NULL,NULL,'-1'), ('430600','岳阳市','430000','2',NULL,NULL,NULL,NULL,NULL,NULL,'-1'), ('430601','市辖区','430600','3',NULL,NULL,NULL,NULL,NULL,NULL,'-1'), ('430602','岳阳楼区','430600','3',NULL,NULL,NULL,NULL,NULL,NULL,'-1'), ('430603','云溪区','430600','3',NULL,NULL,NULL,NULL,NULL,NULL,'-1'), ('430611','君山区','430600','3',NULL,NULL,NULL,NULL,NULL,NULL,'-1'), ('430621','岳阳县','430600','3',NULL,NULL,NULL,NULL,NULL,NULL,'-1'), ('430623','华容县','430600','3',NULL,NULL,NULL,NULL,NULL,NULL,'-1'), ('430624','湘阴县','430600','3',NULL,NULL,NULL,NULL,NULL,NULL,'-1'), ('430626','平江县','430600','3',NULL,NULL,NULL,NULL,NULL,NULL,'-1'), ('430681','汨罗市','430600','3',NULL,NULL,NULL,NULL,NULL,NULL,'-1'), ('430682','临湘市','430600','3',NULL,NULL,NULL,NULL,NULL,NULL,'-1'), ('430700','常德市','430000','2',NULL,NULL,NULL,NULL,NULL,NULL,'-1'), ('430701','市辖区','430700','3',NULL,NULL,NULL,NULL,NULL,NULL,'-1'), ('430702','武陵区','430700','3',NULL,NULL,NULL,NULL,NULL,NULL,'-1'), ('430703','鼎城区','430700','3',NULL,NULL,NULL,NULL,NULL,NULL,'-1'), ('430721','安乡县','430700','3',NULL,NULL,NULL,NULL,NULL,NULL,'-1'), ('430722','汉寿县','430700','3',NULL,NULL,NULL,NULL,NULL,NULL,'-1'), ('430723','澧县','430700','3',NULL,NULL,NULL,NULL,NULL,NULL,'-1'), ('430724','临澧县','430700','3',NULL,NULL,NULL,NULL,NULL,NULL,'-1'), ('430725','桃源县','430700','3',NULL,NULL,NULL,NULL,NULL,NULL,'-1'), ('430726','石门县','430700','3',NULL,NULL,NULL,NULL,NULL,NULL,'-1'), ('430781','津市市','430700','3',NULL,NULL,NULL,NULL,NULL,NULL,'-1'), ('430800','张家界市','430000','2',NULL,NULL,NULL,NULL,NULL,NULL,'-1'), ('430801','市辖区','430800','3',NULL,NULL,NULL,NULL,NULL,NULL,'-1'), ('430802','永定区','430800','3',NULL,NULL,NULL,NULL,NULL,NULL,'-1'), ('430811','武陵源区','430800','3',NULL,NULL,NULL,NULL,NULL,NULL,'-1'), ('430821','慈利县','430800','3',NULL,NULL,NULL,NULL,NULL,NULL,'-1'), ('430822','桑植县','430800','3',NULL,NULL,NULL,NULL,NULL,NULL,'-1'), ('430900','益阳市','430000','2',NULL,NULL,NULL,NULL,NULL,NULL,'-1'), ('430901','市辖区','430900','3',NULL,NULL,NULL,NULL,NULL,NULL,'-1'), ('430902','资阳区','430900','3',NULL,NULL,NULL,NULL,NULL,NULL,'-1'), ('430903','赫山区','430900','3',NULL,NULL,NULL,NULL,NULL,NULL,'-1'), ('430921','南县','430900','3',NULL,NULL,NULL,NULL,NULL,NULL,'-1'), ('430922','桃江县','430900','3',NULL,NULL,NULL,NULL,NULL,NULL,'-1'), ('430923','安化县','430900','3',NULL,NULL,NULL,NULL,NULL,NULL,'-1'), ('430981','沅江市','430900','3',NULL,NULL,NULL,NULL,NULL,NULL,'-1'), ('431000','郴州市','430000','2',NULL,NULL,NULL,NULL,NULL,NULL,'-1'), ('431001','市辖区','431000','3',NULL,NULL,NULL,NULL,NULL,NULL,'-1'), ('431002','北湖区','431000','3',NULL,NULL,NULL,NULL,NULL,NULL,'-1'), ('431003','苏仙区','431000','3',NULL,NULL,NULL,NULL,NULL,NULL,'-1'), ('431021','桂阳县','431000','3',NULL,NULL,NULL,NULL,NULL,NULL,'-1'), ('431022','宜章县','431000','3',NULL,NULL,NULL,NULL,NULL,NULL,'-1'), ('431023','永兴县','431000','3',NULL,NULL,NULL,NULL,NULL,NULL,'-1'), ('431024','嘉禾县','431000','3',NULL,NULL,NULL,NULL,NULL,NULL,'-1'), ('431025','临武县','431000','3',NULL,NULL,NULL,NULL,NULL,NULL,'-1'), ('431026','汝城县','431000','3',NULL,NULL,NULL,NULL,NULL,NULL,'-1'), ('431027','桂东县','431000','3',NULL,NULL,NULL,NULL,NULL,NULL,'-1'), ('431028','安仁县','431000','3',NULL,NULL,NULL,NULL,NULL,NULL,'-1'), ('431081','资兴市','431000','3',NULL,NULL,NULL,NULL,NULL,NULL,'-1'), ('431100','永州市','430000','2',NULL,NULL,NULL,NULL,NULL,NULL,'-1'), ('431101','市辖区','431100','3',NULL,NULL,NULL,NULL,NULL,NULL,'-1'), ('431102','零陵区','431100','3',NULL,NULL,NULL,NULL,NULL,NULL,'-1');
INSERT INTO `t_data_area` VALUES ('431103','冷水滩区','431100','3',NULL,NULL,NULL,NULL,NULL,NULL,'-1'), ('431121','祁阳县','431100','3',NULL,NULL,NULL,NULL,NULL,NULL,'-1'), ('431122','东安县','431100','3',NULL,NULL,NULL,NULL,NULL,NULL,'-1'), ('431123','双牌县','431100','3',NULL,NULL,NULL,NULL,NULL,NULL,'-1'), ('431124','道县','431100','3',NULL,NULL,NULL,NULL,NULL,NULL,'-1'), ('431125','江永县','431100','3',NULL,NULL,NULL,NULL,NULL,NULL,'-1'), ('431126','宁远县','431100','3',NULL,NULL,NULL,NULL,NULL,NULL,'-1'), ('431127','蓝山县','431100','3',NULL,NULL,NULL,NULL,NULL,NULL,'-1'), ('431128','新田县','431100','3',NULL,NULL,NULL,NULL,NULL,NULL,'-1'), ('431129','江华瑶族自治县','431100','3',NULL,NULL,NULL,NULL,NULL,NULL,'-1'), ('431200','怀化市','430000','2',NULL,NULL,NULL,NULL,NULL,NULL,'-1'), ('431201','市辖区','431200','3',NULL,NULL,NULL,NULL,NULL,NULL,'-1'), ('431202','鹤城区','431200','3',NULL,NULL,NULL,NULL,NULL,NULL,'-1'), ('431221','中方县','431200','3',NULL,NULL,NULL,NULL,NULL,NULL,'-1'), ('431222','沅陵县','431200','3',NULL,NULL,NULL,NULL,NULL,NULL,'-1'), ('431223','辰溪县','431200','3',NULL,NULL,NULL,NULL,NULL,NULL,'-1'), ('431224','溆浦县','431200','3',NULL,NULL,NULL,NULL,NULL,NULL,'-1'), ('431225','会同县','431200','3',NULL,NULL,NULL,NULL,NULL,NULL,'-1'), ('431226','麻阳苗族自治县','431200','3',NULL,NULL,NULL,NULL,NULL,NULL,'-1'), ('431227','新晃侗族自治县','431200','3',NULL,NULL,NULL,NULL,NULL,NULL,'-1'), ('431228','芷江侗族自治县','431200','3',NULL,NULL,NULL,NULL,NULL,NULL,'-1'), ('431229','靖州苗族侗族自治县','431200','3',NULL,NULL,NULL,NULL,NULL,NULL,'-1'), ('431230','通道侗族自治县','431200','3',NULL,NULL,NULL,NULL,NULL,NULL,'-1'), ('431281','洪江市','431200','3',NULL,NULL,NULL,NULL,NULL,NULL,'-1'), ('431300','娄底市','430000','2',NULL,NULL,NULL,NULL,NULL,NULL,'-1'), ('431301','市辖区','431300','3',NULL,NULL,NULL,NULL,NULL,NULL,'-1'), ('431302','娄星区','431300','3',NULL,NULL,NULL,NULL,NULL,NULL,'-1'), ('431321','双峰县','431300','3',NULL,NULL,NULL,NULL,NULL,NULL,'-1'), ('431322','新化县','431300','3',NULL,NULL,NULL,NULL,NULL,NULL,'-1'), ('431381','冷水江市','431300','3',NULL,NULL,NULL,NULL,NULL,NULL,'-1'), ('431382','涟源市','431300','3',NULL,NULL,NULL,NULL,NULL,NULL,'-1'), ('433100','湘西土家族苗族自治州','430000','2',NULL,NULL,NULL,NULL,NULL,NULL,'-1'), ('433101','吉首市','433100','3',NULL,NULL,NULL,NULL,NULL,NULL,'-1'), ('433122','泸溪县','433100','3',NULL,NULL,NULL,NULL,NULL,NULL,'-1'), ('433123','凤凰县','433100','3',NULL,NULL,NULL,NULL,NULL,NULL,'-1'), ('433124','花垣县','433100','3',NULL,NULL,NULL,NULL,NULL,NULL,'-1'), ('433125','保靖县','433100','3',NULL,NULL,NULL,NULL,NULL,NULL,'-1'), ('433126','古丈县','433100','3',NULL,NULL,NULL,NULL,NULL,NULL,'-1'), ('433127','永顺县','433100','3',NULL,NULL,NULL,NULL,NULL,NULL,'-1'), ('433130','龙山县','433100','3',NULL,NULL,NULL,NULL,NULL,NULL,'-1'), ('440000','广东省','100000','1',NULL,NULL,NULL,NULL,NULL,NULL,'-1'), ('440100','广州市','440000','2',NULL,NULL,NULL,NULL,NULL,NULL,'-1'), ('440101','市辖区','440100','3',NULL,NULL,NULL,NULL,NULL,NULL,'-1'), ('440103','荔湾区','440100','3',NULL,NULL,NULL,NULL,NULL,NULL,'-1'), ('440104','越秀区','440100','3',NULL,NULL,NULL,NULL,NULL,NULL,'-1'), ('440105','海珠区','440100','3',NULL,NULL,NULL,NULL,NULL,NULL,'-1'), ('440106','天河区','440100','3',NULL,NULL,NULL,NULL,NULL,NULL,'-1'), ('440111','白云区','440100','3',NULL,NULL,NULL,NULL,NULL,NULL,'-1'), ('440112','黄埔区','440100','3',NULL,NULL,NULL,NULL,NULL,NULL,'-1'), ('440113','番禺区','440100','3',NULL,NULL,NULL,NULL,NULL,NULL,'-1'), ('440114','花都区','440100','3',NULL,NULL,NULL,NULL,NULL,NULL,'-1'), ('440115','南沙区','440100','3',NULL,NULL,NULL,NULL,NULL,NULL,'-1'), ('440116','萝岗区','440100','3',NULL,NULL,NULL,NULL,NULL,NULL,'-1'), ('440183','增城市','440100','3',NULL,NULL,NULL,NULL,NULL,NULL,'-1'), ('440184','从化市','440100','3',NULL,NULL,NULL,NULL,NULL,NULL,'-1'), ('440200','韶关市','440000','2',NULL,NULL,NULL,NULL,NULL,NULL,'-1'), ('440201','市辖区','440200','3',NULL,NULL,NULL,NULL,NULL,NULL,'-1'), ('440203','武江区','440200','3',NULL,NULL,NULL,NULL,NULL,NULL,'-1'), ('440204','浈江区','440200','3',NULL,NULL,NULL,NULL,NULL,NULL,'-1'), ('440205','曲江区','440200','3',NULL,NULL,NULL,NULL,NULL,NULL,'-1'), ('440222','始兴县','440200','3',NULL,NULL,NULL,NULL,NULL,NULL,'-1'), ('440224','仁化县','440200','3',NULL,NULL,NULL,NULL,NULL,NULL,'-1'), ('440229','翁源县','440200','3',NULL,NULL,NULL,NULL,NULL,NULL,'-1'), ('440232','乳源瑶族自治县','440200','3',NULL,NULL,NULL,NULL,NULL,NULL,'-1'), ('440233','新丰县','440200','3',NULL,NULL,NULL,NULL,NULL,NULL,'-1'), ('440281','乐昌市','440200','3',NULL,NULL,NULL,NULL,NULL,NULL,'-1'), ('440282','南雄市','440200','3',NULL,NULL,NULL,NULL,NULL,NULL,'-1'), ('440300','深圳市','440000','2',NULL,NULL,NULL,NULL,NULL,NULL,'-1'), ('440301','市辖区','440300','3',NULL,NULL,NULL,NULL,NULL,NULL,'-1'), ('440303','罗湖区','440300','3',NULL,NULL,NULL,NULL,NULL,NULL,'-1'), ('440304','福田区','440300','3',NULL,NULL,NULL,NULL,NULL,NULL,'-1'), ('440305','南山区','440300','3',NULL,NULL,NULL,NULL,NULL,NULL,'-1'), ('440306','宝安区','440300','3',NULL,NULL,NULL,NULL,NULL,NULL,'-1'), ('440307','龙岗区','440300','3',NULL,NULL,NULL,NULL,NULL,NULL,'-1'), ('440308','盐田区','440300','3',NULL,NULL,NULL,NULL,NULL,NULL,'-1'), ('440400','珠海市','440000','2',NULL,NULL,NULL,NULL,NULL,NULL,'-1'), ('440401','市辖区','440400','3',NULL,NULL,NULL,NULL,NULL,NULL,'-1'), ('440402','香洲区','440400','3',NULL,NULL,NULL,NULL,NULL,NULL,'-1'), ('440403','斗门区','440400','3',NULL,NULL,NULL,NULL,NULL,NULL,'-1'), ('440404','金湾区','440400','3',NULL,NULL,NULL,NULL,NULL,NULL,'-1'), ('440500','汕头市','440000','2',NULL,NULL,NULL,NULL,NULL,NULL,'-1'), ('440501','市辖区','440500','3',NULL,NULL,NULL,NULL,NULL,NULL,'-1'), ('440507','龙湖区','440500','3',NULL,NULL,NULL,NULL,NULL,NULL,'-1'), ('440511','金平区','440500','3',NULL,NULL,NULL,NULL,NULL,NULL,'-1'), ('440512','濠江区','440500','3',NULL,NULL,NULL,NULL,NULL,NULL,'-1'), ('440513','潮阳区','440500','3',NULL,NULL,NULL,NULL,NULL,NULL,'-1'), ('440514','潮南区','440500','3',NULL,NULL,NULL,NULL,NULL,NULL,'-1'), ('440515','澄海区','440500','3',NULL,NULL,NULL,NULL,NULL,NULL,'-1'), ('440523','南澳县','440500','3',NULL,NULL,NULL,NULL,NULL,NULL,'-1'), ('440600','佛山市','440000','2',NULL,NULL,NULL,NULL,NULL,NULL,'-1'), ('440601','市辖区','440600','3',NULL,NULL,NULL,NULL,NULL,NULL,'-1'), ('440604','禅城区','440600','3',NULL,NULL,NULL,NULL,NULL,NULL,'-1'), ('440605','南海区','440600','3',NULL,NULL,NULL,NULL,NULL,NULL,'-1'), ('440606','顺德区','440600','3',NULL,NULL,NULL,NULL,NULL,NULL,'-1'), ('440607','三水区','440600','3',NULL,NULL,NULL,NULL,NULL,NULL,'-1'), ('440608','高明区','440600','3',NULL,NULL,NULL,NULL,NULL,NULL,'-1'), ('440700','江门市','440000','2',NULL,NULL,NULL,NULL,NULL,NULL,'-1'), ('440701','市辖区','440700','3',NULL,NULL,NULL,NULL,NULL,NULL,'-1'), ('440703','蓬江区','440700','3',NULL,NULL,NULL,NULL,NULL,NULL,'-1'), ('440704','江海区','440700','3',NULL,NULL,NULL,NULL,NULL,NULL,'-1');
INSERT INTO `t_data_area` VALUES ('440705','新会区','440700','3',NULL,NULL,NULL,NULL,NULL,NULL,'-1'), ('440781','台山市','440700','3',NULL,NULL,NULL,NULL,NULL,NULL,'-1'), ('440783','开平市','440700','3',NULL,NULL,NULL,NULL,NULL,NULL,'-1'), ('440784','鹤山市','440700','3',NULL,NULL,NULL,NULL,NULL,NULL,'-1'), ('440785','恩平市','440700','3',NULL,NULL,NULL,NULL,NULL,NULL,'-1'), ('440800','湛江市','440000','2',NULL,NULL,NULL,NULL,NULL,NULL,'-1'), ('440801','市辖区','440800','3',NULL,NULL,NULL,NULL,NULL,NULL,'-1'), ('440802','赤坎区','440800','3',NULL,NULL,NULL,NULL,NULL,NULL,'-1'), ('440803','霞山区','440800','3',NULL,NULL,NULL,NULL,NULL,NULL,'-1'), ('440804','坡头区','440800','3',NULL,NULL,NULL,NULL,NULL,NULL,'-1'), ('440811','麻章区','440800','3',NULL,NULL,NULL,NULL,NULL,NULL,'-1'), ('440823','遂溪县','440800','3',NULL,NULL,NULL,NULL,NULL,NULL,'-1'), ('440825','徐闻县','440800','3',NULL,NULL,NULL,NULL,NULL,NULL,'-1'), ('440881','廉江市','440800','3',NULL,NULL,NULL,NULL,NULL,NULL,'-1'), ('440882','雷州市','440800','3',NULL,NULL,NULL,NULL,NULL,NULL,'-1'), ('440883','吴川市','440800','3',NULL,NULL,NULL,NULL,NULL,NULL,'-1'), ('440900','茂名市','440000','2',NULL,NULL,NULL,NULL,NULL,NULL,'-1'), ('440901','市辖区','440900','3',NULL,NULL,NULL,NULL,NULL,NULL,'-1'), ('440902','茂南区','440900','3',NULL,NULL,NULL,NULL,NULL,NULL,'-1'), ('440903','茂港区','440900','3',NULL,NULL,NULL,NULL,NULL,NULL,'-1'), ('440923','电白县','440900','3',NULL,NULL,NULL,NULL,NULL,NULL,'-1'), ('440981','高州市','440900','3',NULL,NULL,NULL,NULL,NULL,NULL,'-1'), ('440982','化州市','440900','3',NULL,NULL,NULL,NULL,NULL,NULL,'-1'), ('440983','信宜市','440900','3',NULL,NULL,NULL,NULL,NULL,NULL,'-1'), ('441200','肇庆市','440000','2',NULL,NULL,NULL,NULL,NULL,NULL,'-1'), ('441201','市辖区','441200','3',NULL,NULL,NULL,NULL,NULL,NULL,'-1'), ('441202','端州区','441200','3',NULL,NULL,NULL,NULL,NULL,NULL,'-1'), ('441203','鼎湖区','441200','3',NULL,NULL,NULL,NULL,NULL,NULL,'-1'), ('441223','广宁县','441200','3',NULL,NULL,NULL,NULL,NULL,NULL,'-1'), ('441224','怀集县','441200','3',NULL,NULL,NULL,NULL,NULL,NULL,'-1'), ('441225','封开县','441200','3',NULL,NULL,NULL,NULL,NULL,NULL,'-1'), ('441226','德庆县','441200','3',NULL,NULL,NULL,NULL,NULL,NULL,'-1'), ('441283','高要市','441200','3',NULL,NULL,NULL,NULL,NULL,NULL,'-1'), ('441284','四会市','441200','3',NULL,NULL,NULL,NULL,NULL,NULL,'-1'), ('441300','惠州市','440000','2',NULL,NULL,NULL,NULL,NULL,NULL,'-1'), ('441301','市辖区','441300','3',NULL,NULL,NULL,NULL,NULL,NULL,'-1'), ('441302','惠城区','441300','3',NULL,NULL,NULL,NULL,NULL,NULL,'-1'), ('441303','惠阳区','441300','3',NULL,NULL,NULL,NULL,NULL,NULL,'-1'), ('441322','博罗县','441300','3',NULL,NULL,NULL,NULL,NULL,NULL,'-1'), ('441323','惠东县','441300','3',NULL,NULL,NULL,NULL,NULL,NULL,'-1'), ('441324','龙门县','441300','3',NULL,NULL,NULL,NULL,NULL,NULL,'-1'), ('441400','梅州市','440000','2',NULL,NULL,NULL,NULL,NULL,NULL,'-1'), ('441401','市辖区','441400','3',NULL,NULL,NULL,NULL,NULL,NULL,'-1'), ('441402','梅江区','441400','3',NULL,NULL,NULL,NULL,NULL,NULL,'-1'), ('441421','梅县','441400','3',NULL,NULL,NULL,NULL,NULL,NULL,'-1'), ('441422','大埔县','441400','3',NULL,NULL,NULL,NULL,NULL,NULL,'-1'), ('441423','丰顺县','441400','3',NULL,NULL,NULL,NULL,NULL,NULL,'-1'), ('441424','五华县','441400','3',NULL,NULL,NULL,NULL,NULL,NULL,'-1'), ('441426','平远县','441400','3',NULL,NULL,NULL,NULL,NULL,NULL,'-1'), ('441427','蕉岭县','441400','3',NULL,NULL,NULL,NULL,NULL,NULL,'-1'), ('441481','兴宁市','441400','3',NULL,NULL,NULL,NULL,NULL,NULL,'-1'), ('441500','汕尾市','440000','2',NULL,NULL,NULL,NULL,NULL,NULL,'-1'), ('441501','市辖区','441500','3',NULL,NULL,NULL,NULL,NULL,NULL,'-1'), ('441502','城区','441500','3',NULL,NULL,NULL,NULL,NULL,NULL,'-1'), ('441521','海丰县','441500','3',NULL,NULL,NULL,NULL,NULL,NULL,'-1'), ('441523','陆河县','441500','3',NULL,NULL,NULL,NULL,NULL,NULL,'-1'), ('441581','陆丰市','441500','3',NULL,NULL,NULL,NULL,NULL,NULL,'-1'), ('441600','河源市','440000','2',NULL,NULL,NULL,NULL,NULL,NULL,'-1'), ('441601','市辖区','441600','3',NULL,NULL,NULL,NULL,NULL,NULL,'-1'), ('441602','源城区','441600','3',NULL,NULL,NULL,NULL,NULL,NULL,'-1'), ('441621','紫金县','441600','3',NULL,NULL,NULL,NULL,NULL,NULL,'-1'), ('441622','龙川县','441600','3',NULL,NULL,NULL,NULL,NULL,NULL,'-1'), ('441623','连平县','441600','3',NULL,NULL,NULL,NULL,NULL,NULL,'-1'), ('441624','和平县','441600','3',NULL,NULL,NULL,NULL,NULL,NULL,'-1'), ('441625','东源县','441600','3',NULL,NULL,NULL,NULL,NULL,NULL,'-1'), ('441700','阳江市','440000','2',NULL,NULL,NULL,NULL,NULL,NULL,'-1'), ('441701','市辖区','441700','3',NULL,NULL,NULL,NULL,NULL,NULL,'-1'), ('441702','江城区','441700','3',NULL,NULL,NULL,NULL,NULL,NULL,'-1'), ('441721','阳西县','441700','3',NULL,NULL,NULL,NULL,NULL,NULL,'-1'), ('441723','阳东县','441700','3',NULL,NULL,NULL,NULL,NULL,NULL,'-1'), ('441781','阳春市','441700','3',NULL,NULL,NULL,NULL,NULL,NULL,'-1'), ('441800','清远市','440000','2',NULL,NULL,NULL,NULL,NULL,NULL,'-1'), ('441801','市辖区','441800','3',NULL,NULL,NULL,NULL,NULL,NULL,'-1'), ('441802','清城区','441800','3',NULL,NULL,NULL,NULL,NULL,NULL,'-1'), ('441821','佛冈县','441800','3',NULL,NULL,NULL,NULL,NULL,NULL,'-1'), ('441823','阳山县','441800','3',NULL,NULL,NULL,NULL,NULL,NULL,'-1'), ('441825','连山壮族瑶族自治县','441800','3',NULL,NULL,NULL,NULL,NULL,NULL,'-1'), ('441826','连南瑶族自治县','441800','3',NULL,NULL,NULL,NULL,NULL,NULL,'-1'), ('441827','清新县','441800','3',NULL,NULL,NULL,NULL,NULL,NULL,'-1'), ('441881','英德市','441800','3',NULL,NULL,NULL,NULL,NULL,NULL,'-1'), ('441882','连州市','441800','3',NULL,NULL,NULL,NULL,NULL,NULL,'-1'), ('441900','东莞市','440000','2',NULL,NULL,NULL,NULL,NULL,NULL,'-1'), ('442000','中山市','440000','2',NULL,NULL,NULL,NULL,NULL,NULL,'-1'), ('445100','潮州市','440000','2',NULL,NULL,NULL,NULL,NULL,NULL,'-1'), ('445101','市辖区','445100','3',NULL,NULL,NULL,NULL,NULL,NULL,'-1'), ('445102','湘桥区','445100','3',NULL,NULL,NULL,NULL,NULL,NULL,'-1'), ('445121','潮安县','445100','3',NULL,NULL,NULL,NULL,NULL,NULL,'-1'), ('445122','饶平县','445100','3',NULL,NULL,NULL,NULL,NULL,NULL,'-1'), ('445200','揭阳市','440000','2',NULL,NULL,NULL,NULL,NULL,NULL,'-1'), ('445201','市辖区','445200','3',NULL,NULL,NULL,NULL,NULL,NULL,'-1'), ('445202','榕城区','445200','3',NULL,NULL,NULL,NULL,NULL,NULL,'-1'), ('445221','揭东县','445200','3',NULL,NULL,NULL,NULL,NULL,NULL,'-1'), ('445222','揭西县','445200','3',NULL,NULL,NULL,NULL,NULL,NULL,'-1'), ('445224','惠来县','445200','3',NULL,NULL,NULL,NULL,NULL,NULL,'-1'), ('445281','普宁市','445200','3',NULL,NULL,NULL,NULL,NULL,NULL,'-1'), ('445300','云浮市','440000','2',NULL,NULL,NULL,NULL,NULL,NULL,'-1'), ('445301','市辖区','445300','3',NULL,NULL,NULL,NULL,NULL,NULL,'-1'), ('445302','云城区','445300','3',NULL,NULL,NULL,NULL,NULL,NULL,'-1'), ('445321','新兴县','445300','3',NULL,NULL,NULL,NULL,NULL,NULL,'-1'), ('445322','郁南县','445300','3',NULL,NULL,NULL,NULL,NULL,NULL,'-1');
INSERT INTO `t_data_area` VALUES ('445323','云安县','445300','3',NULL,NULL,NULL,NULL,NULL,NULL,'-1'), ('445381','罗定市','445300','3',NULL,NULL,NULL,NULL,NULL,NULL,'-1'), ('450000','广西壮族自治区','100000','1',NULL,NULL,NULL,NULL,NULL,NULL,'-1'), ('450100','南宁市','450000','2',NULL,NULL,NULL,NULL,NULL,NULL,'-1'), ('450101','市辖区','450100','3',NULL,NULL,NULL,NULL,NULL,NULL,'-1'), ('450102','兴宁区','450100','3',NULL,NULL,NULL,NULL,NULL,NULL,'-1'), ('450103','青秀区','450100','3',NULL,NULL,NULL,NULL,NULL,NULL,'-1'), ('450105','江南区','450100','3',NULL,NULL,NULL,NULL,NULL,NULL,'-1'), ('450107','西乡塘区','450100','3',NULL,NULL,NULL,NULL,NULL,NULL,'-1'), ('450108','良庆区','450100','3',NULL,NULL,NULL,NULL,NULL,NULL,'-1'), ('450109','邕宁区','450100','3',NULL,NULL,NULL,NULL,NULL,NULL,'-1'), ('450122','武鸣县','450100','3',NULL,NULL,NULL,NULL,NULL,NULL,'-1'), ('450123','隆安县','450100','3',NULL,NULL,NULL,NULL,NULL,NULL,'-1'), ('450124','马山县','450100','3',NULL,NULL,NULL,NULL,NULL,NULL,'-1'), ('450125','上林县','450100','3',NULL,NULL,NULL,NULL,NULL,NULL,'-1'), ('450126','宾阳县','450100','3',NULL,NULL,NULL,NULL,NULL,NULL,'-1'), ('450127','横县','450100','3',NULL,NULL,NULL,NULL,NULL,NULL,'-1'), ('450200','柳州市','450000','2',NULL,NULL,NULL,NULL,NULL,NULL,'-1'), ('450201','市辖区','450200','3',NULL,NULL,NULL,NULL,NULL,NULL,'-1'), ('450202','城中区','450200','3',NULL,NULL,NULL,NULL,NULL,NULL,'-1'), ('450203','鱼峰区','450200','3',NULL,NULL,NULL,NULL,NULL,NULL,'-1'), ('450204','柳南区','450200','3',NULL,NULL,NULL,NULL,NULL,NULL,'-1'), ('450205','柳北区','450200','3',NULL,NULL,NULL,NULL,NULL,NULL,'-1'), ('450221','柳江县','450200','3',NULL,NULL,NULL,NULL,NULL,NULL,'-1'), ('450222','柳城县','450200','3',NULL,NULL,NULL,NULL,NULL,NULL,'-1'), ('450223','鹿寨县','450200','3',NULL,NULL,NULL,NULL,NULL,NULL,'-1'), ('450224','融安县','450200','3',NULL,NULL,NULL,NULL,NULL,NULL,'-1'), ('450225','融水苗族自治县','450200','3',NULL,NULL,NULL,NULL,NULL,NULL,'-1'), ('450226','三江侗族自治县','450200','3',NULL,NULL,NULL,NULL,NULL,NULL,'-1'), ('450300','桂林市','450000','2',NULL,NULL,NULL,NULL,NULL,NULL,'-1'), ('450301','市辖区','450300','3',NULL,NULL,NULL,NULL,NULL,NULL,'-1'), ('450302','秀峰区','450300','3',NULL,NULL,NULL,NULL,NULL,NULL,'-1'), ('450303','叠彩区','450300','3',NULL,NULL,NULL,NULL,NULL,NULL,'-1'), ('450304','象山区','450300','3',NULL,NULL,NULL,NULL,NULL,NULL,'-1'), ('450305','七星区','450300','3',NULL,NULL,NULL,NULL,NULL,NULL,'-1'), ('450311','雁山区','450300','3',NULL,NULL,NULL,NULL,NULL,NULL,'-1'), ('450321','阳朔县','450300','3',NULL,NULL,NULL,NULL,NULL,NULL,'-1'), ('450322','临桂县','450300','3',NULL,NULL,NULL,NULL,NULL,NULL,'-1'), ('450323','灵川县','450300','3',NULL,NULL,NULL,NULL,NULL,NULL,'-1'), ('450324','全州县','450300','3',NULL,NULL,NULL,NULL,NULL,NULL,'-1'), ('450325','兴安县','450300','3',NULL,NULL,NULL,NULL,NULL,NULL,'-1'), ('450326','永福县','450300','3',NULL,NULL,NULL,NULL,NULL,NULL,'-1'), ('450327','灌阳县','450300','3',NULL,NULL,NULL,NULL,NULL,NULL,'-1'), ('450328','龙胜各族自治县','450300','3',NULL,NULL,NULL,NULL,NULL,NULL,'-1'), ('450329','资源县','450300','3',NULL,NULL,NULL,NULL,NULL,NULL,'-1'), ('450330','平乐县','450300','3',NULL,NULL,NULL,NULL,NULL,NULL,'-1'), ('450331','荔浦县','450300','3',NULL,NULL,NULL,NULL,NULL,NULL,'-1'), ('450332','恭城瑶族自治县','450300','3',NULL,NULL,NULL,NULL,NULL,NULL,'-1'), ('450400','梧州市','450000','2',NULL,NULL,NULL,NULL,NULL,NULL,'-1'), ('450401','市辖区','450400','3',NULL,NULL,NULL,NULL,NULL,NULL,'-1'), ('450403','万秀区','450400','3',NULL,NULL,NULL,NULL,NULL,NULL,'-1'), ('450404','蝶山区','450400','3',NULL,NULL,NULL,NULL,NULL,NULL,'-1'), ('450405','长洲区','450400','3',NULL,NULL,NULL,NULL,NULL,NULL,'-1'), ('450421','苍梧县','450400','3',NULL,NULL,NULL,NULL,NULL,NULL,'-1'), ('450422','藤县','450400','3',NULL,NULL,NULL,NULL,NULL,NULL,'-1'), ('450423','蒙山县','450400','3',NULL,NULL,NULL,NULL,NULL,NULL,'-1'), ('450481','岑溪市','450400','3',NULL,NULL,NULL,NULL,NULL,NULL,'-1'), ('450500','北海市','450000','2',NULL,NULL,NULL,NULL,NULL,NULL,'-1'), ('450501','市辖区','450500','3',NULL,NULL,NULL,NULL,NULL,NULL,'-1'), ('450502','海城区','450500','3',NULL,NULL,NULL,NULL,NULL,NULL,'-1'), ('450503','银海区','450500','3',NULL,NULL,NULL,NULL,NULL,NULL,'-1'), ('450512','铁山港区','450500','3',NULL,NULL,NULL,NULL,NULL,NULL,'-1'), ('450521','合浦县','450500','3',NULL,NULL,NULL,NULL,NULL,NULL,'-1'), ('450600','防城港市','450000','2',NULL,NULL,NULL,NULL,NULL,NULL,'-1'), ('450601','市辖区','450600','3',NULL,NULL,NULL,NULL,NULL,NULL,'-1'), ('450602','港口区','450600','3',NULL,NULL,NULL,NULL,NULL,NULL,'-1'), ('450603','防城区','450600','3',NULL,NULL,NULL,NULL,NULL,NULL,'-1'), ('450621','上思县','450600','3',NULL,NULL,NULL,NULL,NULL,NULL,'-1'), ('450681','东兴市','450600','3',NULL,NULL,NULL,NULL,NULL,NULL,'-1'), ('450700','钦州市','450000','2',NULL,NULL,NULL,NULL,NULL,NULL,'-1'), ('450701','市辖区','450700','3',NULL,NULL,NULL,NULL,NULL,NULL,'-1'), ('450702','钦南区','450700','3',NULL,NULL,NULL,NULL,NULL,NULL,'-1'), ('450703','钦北区','450700','3',NULL,NULL,NULL,NULL,NULL,NULL,'-1'), ('450721','灵山县','450700','3',NULL,NULL,NULL,NULL,NULL,NULL,'-1'), ('450722','浦北县','450700','3',NULL,NULL,NULL,NULL,NULL,NULL,'-1'), ('450800','贵港市','450000','2',NULL,NULL,NULL,NULL,NULL,NULL,'-1'), ('450801','市辖区','450800','3',NULL,NULL,NULL,NULL,NULL,NULL,'-1'), ('450802','港北区','450800','3',NULL,NULL,NULL,NULL,NULL,NULL,'-1'), ('450803','港南区','450800','3',NULL,NULL,NULL,NULL,NULL,NULL,'-1'), ('450804','覃塘区','450800','3',NULL,NULL,NULL,NULL,NULL,NULL,'-1'), ('450821','平南县','450800','3',NULL,NULL,NULL,NULL,NULL,NULL,'-1'), ('450881','桂平市','450800','3',NULL,NULL,NULL,NULL,NULL,NULL,'-1'), ('450900','玉林市','450000','2',NULL,NULL,NULL,NULL,NULL,NULL,'-1'), ('450901','市辖区','450900','3',NULL,NULL,NULL,NULL,NULL,NULL,'-1'), ('450902','玉州区','450900','3',NULL,NULL,NULL,NULL,NULL,NULL,'-1'), ('450921','容县','450900','3',NULL,NULL,NULL,NULL,NULL,NULL,'-1'), ('450922','陆川县','450900','3',NULL,NULL,NULL,NULL,NULL,NULL,'-1'), ('450923','博白县','450900','3',NULL,NULL,NULL,NULL,NULL,NULL,'-1'), ('450924','兴业县','450900','3',NULL,NULL,NULL,NULL,NULL,NULL,'-1'), ('450981','北流市','450900','3',NULL,NULL,NULL,NULL,NULL,NULL,'-1'), ('451000','百色市','450000','2',NULL,NULL,NULL,NULL,NULL,NULL,'-1'), ('451001','市辖区','451000','3',NULL,NULL,NULL,NULL,NULL,NULL,'-1'), ('451002','右江区','451000','3',NULL,NULL,NULL,NULL,NULL,NULL,'-1'), ('451021','田阳县','451000','3',NULL,NULL,NULL,NULL,NULL,NULL,'-1'), ('451022','田东县','451000','3',NULL,NULL,NULL,NULL,NULL,NULL,'-1'), ('451023','平果县','451000','3',NULL,NULL,NULL,NULL,NULL,NULL,'-1'), ('451024','德保县','451000','3',NULL,NULL,NULL,NULL,NULL,NULL,'-1'), ('451025','靖西县','451000','3',NULL,NULL,NULL,NULL,NULL,NULL,'-1'), ('451026','那坡县','451000','3',NULL,NULL,NULL,NULL,NULL,NULL,'-1'), ('451027','凌云县','451000','3',NULL,NULL,NULL,NULL,NULL,NULL,'-1');
INSERT INTO `t_data_area` VALUES ('451028','乐业县','451000','3',NULL,NULL,NULL,NULL,NULL,NULL,'-1'), ('451029','田林县','451000','3',NULL,NULL,NULL,NULL,NULL,NULL,'-1'), ('451030','西林县','451000','3',NULL,NULL,NULL,NULL,NULL,NULL,'-1'), ('451031','隆林各族自治县','451000','3',NULL,NULL,NULL,NULL,NULL,NULL,'-1'), ('451100','贺州市','450000','2',NULL,NULL,NULL,NULL,NULL,NULL,'-1'), ('451101','市辖区','451100','3',NULL,NULL,NULL,NULL,NULL,NULL,'-1'), ('451102','八步区','451100','3',NULL,NULL,NULL,NULL,NULL,NULL,'-1'), ('451121','昭平县','451100','3',NULL,NULL,NULL,NULL,NULL,NULL,'-1'), ('451122','钟山县','451100','3',NULL,NULL,NULL,NULL,NULL,NULL,'-1'), ('451123','富川瑶族自治县','451100','3',NULL,NULL,NULL,NULL,NULL,NULL,'-1'), ('451200','河池市','450000','2',NULL,NULL,NULL,NULL,NULL,NULL,'-1'), ('451201','市辖区','451200','3',NULL,NULL,NULL,NULL,NULL,NULL,'-1'), ('451202','金城江区','451200','3',NULL,NULL,NULL,NULL,NULL,NULL,'-1'), ('451221','南丹县','451200','3',NULL,NULL,NULL,NULL,NULL,NULL,'-1'), ('451222','天峨县','451200','3',NULL,NULL,NULL,NULL,NULL,NULL,'-1'), ('451223','凤山县','451200','3',NULL,NULL,NULL,NULL,NULL,NULL,'-1'), ('451224','东兰县','451200','3',NULL,NULL,NULL,NULL,NULL,NULL,'-1'), ('451225','罗城仫佬族自治县','451200','3',NULL,NULL,NULL,NULL,NULL,NULL,'-1'), ('451226','环江毛南族自治县','451200','3',NULL,NULL,NULL,NULL,NULL,NULL,'-1'), ('451227','巴马瑶族自治县','451200','3',NULL,NULL,NULL,NULL,NULL,NULL,'-1'), ('451228','都安瑶族自治县','451200','3',NULL,NULL,NULL,NULL,NULL,NULL,'-1'), ('451229','大化瑶族自治县','451200','3',NULL,NULL,NULL,NULL,NULL,NULL,'-1'), ('451281','宜州市','451200','3',NULL,NULL,NULL,NULL,NULL,NULL,'-1'), ('451300','来宾市','450000','2',NULL,NULL,NULL,NULL,NULL,NULL,'-1'), ('451301','市辖区','451300','3',NULL,NULL,NULL,NULL,NULL,NULL,'-1'), ('451302','兴宾区','451300','3',NULL,NULL,NULL,NULL,NULL,NULL,'-1'), ('451321','忻城县','451300','3',NULL,NULL,NULL,NULL,NULL,NULL,'-1'), ('451322','象州县','451300','3',NULL,NULL,NULL,NULL,NULL,NULL,'-1'), ('451323','武宣县','451300','3',NULL,NULL,NULL,NULL,NULL,NULL,'-1'), ('451324','金秀瑶族自治县','451300','3',NULL,NULL,NULL,NULL,NULL,NULL,'-1'), ('451381','合山市','451300','3',NULL,NULL,NULL,NULL,NULL,NULL,'-1'), ('451400','崇左市','450000','2',NULL,NULL,NULL,NULL,NULL,NULL,'-1'), ('451401','市辖区','451400','3',NULL,NULL,NULL,NULL,NULL,NULL,'-1'), ('451402','江洲区','451400','3',NULL,NULL,NULL,NULL,NULL,NULL,'-1'), ('451421','扶绥县','451400','3',NULL,NULL,NULL,NULL,NULL,NULL,'-1'), ('451422','宁明县','451400','3',NULL,NULL,NULL,NULL,NULL,NULL,'-1'), ('451423','龙州县','451400','3',NULL,NULL,NULL,NULL,NULL,NULL,'-1'), ('451424','大新县','451400','3',NULL,NULL,NULL,NULL,NULL,NULL,'-1'), ('451425','天等县','451400','3',NULL,NULL,NULL,NULL,NULL,NULL,'-1'), ('451481','凭祥市','451400','3',NULL,NULL,NULL,NULL,NULL,NULL,'-1'), ('460000','海南省','100000','1',NULL,NULL,NULL,NULL,NULL,NULL,'-1'), ('460100','海口市','460000','2',NULL,NULL,NULL,NULL,NULL,NULL,'-1'), ('460101','市辖区','460100','3',NULL,NULL,NULL,NULL,NULL,NULL,'-1'), ('460105','秀英区','460100','3',NULL,NULL,NULL,NULL,NULL,NULL,'-1'), ('460106','龙华区','460100','3',NULL,NULL,NULL,NULL,NULL,NULL,'-1'), ('460107','琼山区','460100','3',NULL,NULL,NULL,NULL,NULL,NULL,'-1'), ('460108','美兰区','460100','3',NULL,NULL,NULL,NULL,NULL,NULL,'-1'), ('460200','三亚市','460000','2',NULL,NULL,NULL,NULL,NULL,NULL,'-1'), ('460201','市辖区','460200','3',NULL,NULL,NULL,NULL,NULL,NULL,'-1'), ('460300','三沙市','460000','2',NULL,NULL,NULL,NULL,NULL,NULL,'-1'), ('460321','西沙群岛','460300','3',NULL,NULL,NULL,NULL,NULL,NULL,'-1'), ('460322','南沙群岛','460300','3',NULL,NULL,NULL,NULL,NULL,NULL,'-1'), ('460323','中沙群岛的岛礁及其海域','460300','3',NULL,NULL,NULL,NULL,NULL,NULL,'-1'), ('469000','省直辖县级行政区划','460000','2',NULL,NULL,NULL,NULL,NULL,NULL,'-1'), ('469001','五指山市','469000','3',NULL,NULL,NULL,NULL,NULL,NULL,'-1'), ('469002','琼海市','469000','3',NULL,NULL,NULL,NULL,NULL,NULL,'-1'), ('469003','儋州市','469000','3',NULL,NULL,NULL,NULL,NULL,NULL,'-1'), ('469005','文昌市','469000','3',NULL,NULL,NULL,NULL,NULL,NULL,'-1'), ('469006','万宁市','469000','3',NULL,NULL,NULL,NULL,NULL,NULL,'-1'), ('469007','东方市','469000','3',NULL,NULL,NULL,NULL,NULL,NULL,'-1'), ('469021','定安县','469000','3',NULL,NULL,NULL,NULL,NULL,NULL,'-1'), ('469022','屯昌县','469000','3',NULL,NULL,NULL,NULL,NULL,NULL,'-1'), ('469023','澄迈县','469000','3',NULL,NULL,NULL,NULL,NULL,NULL,'-1'), ('469024','临高县','469000','3',NULL,NULL,NULL,NULL,NULL,NULL,'-1'), ('469025','白沙黎族自治县','469000','3',NULL,NULL,NULL,NULL,NULL,NULL,'-1'), ('469026','昌江黎族自治县','469000','3',NULL,NULL,NULL,NULL,NULL,NULL,'-1'), ('469027','乐东黎族自治县','469000','3',NULL,NULL,NULL,NULL,NULL,NULL,'-1'), ('469028','陵水黎族自治县','469000','3',NULL,NULL,NULL,NULL,NULL,NULL,'-1'), ('469029','保亭黎族苗族自治县','469000','3',NULL,NULL,NULL,NULL,NULL,NULL,'-1'), ('469030','琼中黎族苗族自治县','469000','3',NULL,NULL,NULL,NULL,NULL,NULL,'-1'), ('500000','重庆市','100000','1',NULL,NULL,NULL,NULL,NULL,NULL,'-1'), ('500100','市辖区','500000','2',NULL,NULL,NULL,NULL,NULL,NULL,'-1'), ('500101','万州区','500100','3',NULL,NULL,NULL,NULL,NULL,NULL,'-1'), ('500102','涪陵区','500100','3',NULL,NULL,NULL,NULL,NULL,NULL,'-1'), ('500103','渝中区','500100','3',NULL,NULL,NULL,NULL,NULL,NULL,'-1'), ('500104','大渡口区','500100','3',NULL,NULL,NULL,NULL,NULL,NULL,'-1'), ('500105','江北区','500100','3',NULL,NULL,NULL,NULL,NULL,NULL,'-1'), ('500106','沙坪坝区','500100','3',NULL,NULL,NULL,NULL,NULL,NULL,'-1'), ('500107','九龙坡区','500100','3',NULL,NULL,NULL,NULL,NULL,NULL,'-1'), ('500108','南岸区','500100','3',NULL,NULL,NULL,NULL,NULL,NULL,'-1'), ('500109','北碚区','500100','3',NULL,NULL,NULL,NULL,NULL,NULL,'-1'), ('500110','綦江区','500100','3',NULL,NULL,NULL,NULL,NULL,NULL,'-1'), ('500111','大足区','500100','3',NULL,NULL,NULL,NULL,NULL,NULL,'-1'), ('500112','渝北区','500100','3',NULL,NULL,NULL,NULL,NULL,NULL,'-1'), ('500113','巴南区','500100','3',NULL,NULL,NULL,NULL,NULL,NULL,'-1'), ('500114','黔江区','500100','3',NULL,NULL,NULL,NULL,NULL,NULL,'-1'), ('500115','长寿区','500100','3',NULL,NULL,NULL,NULL,NULL,NULL,'-1'), ('500116','江津区','500100','3',NULL,NULL,NULL,NULL,NULL,NULL,'-1'), ('500117','合川区','500100','3',NULL,NULL,NULL,NULL,NULL,NULL,'-1'), ('500118','永川区','500100','3',NULL,NULL,NULL,NULL,NULL,NULL,'-1'), ('500119','南川区','500100','3',NULL,NULL,NULL,NULL,NULL,NULL,'-1'), ('500200','县','500000','2',NULL,NULL,NULL,NULL,NULL,NULL,'-1'), ('500223','潼南县','500200','',NULL,NULL,NULL,NULL,NULL,NULL,'-1'), ('500224','铜梁县','500200','',NULL,NULL,NULL,NULL,NULL,NULL,'-1'), ('500226','荣昌县','500200','',NULL,NULL,NULL,NULL,NULL,NULL,'-1'), ('500227','璧山县','500200','',NULL,NULL,NULL,NULL,NULL,NULL,'-1'), ('500228','梁平县','500200','',NULL,NULL,NULL,NULL,NULL,NULL,'-1'), ('500229','城口县','500200','3',NULL,NULL,NULL,NULL,NULL,NULL,'-1'), ('500230','丰都县','500200','3',NULL,NULL,NULL,NULL,NULL,NULL,'-1'), ('500231','垫江县','500200','3',NULL,NULL,NULL,NULL,NULL,NULL,'-1');
INSERT INTO `t_data_area` VALUES ('500232','武隆县','500200','3',NULL,NULL,NULL,NULL,NULL,NULL,'-1'), ('500233','忠县','500200','3',NULL,NULL,NULL,NULL,NULL,NULL,'-1'), ('500234','开县','500200','3',NULL,NULL,NULL,NULL,NULL,NULL,'-1'), ('500235','云阳县','500200','3',NULL,NULL,NULL,NULL,NULL,NULL,'-1'), ('500236','奉节县','500200','3',NULL,NULL,NULL,NULL,NULL,NULL,'-1'), ('500237','巫山县','500200','3',NULL,NULL,NULL,NULL,NULL,NULL,'-1'), ('500238','巫溪县','500200','3',NULL,NULL,NULL,NULL,NULL,NULL,'-1'), ('500240','石柱土家族自治县','500200','3',NULL,NULL,NULL,NULL,NULL,NULL,'-1'), ('500241','秀山土家族苗族自治县','500200','3',NULL,NULL,NULL,NULL,NULL,NULL,'-1'), ('500242','酉阳土家族苗族自治县','500200','3',NULL,NULL,NULL,NULL,NULL,NULL,'-1'), ('500243','彭水苗族土家族自治县','500200','3',NULL,NULL,NULL,NULL,NULL,NULL,'-1'), ('510000','四川省','100000','1',NULL,NULL,NULL,NULL,NULL,NULL,'-1'), ('510100','成都市','510000','2',NULL,NULL,NULL,NULL,NULL,NULL,'-1'), ('510101','市辖区','510100','3',NULL,NULL,NULL,NULL,NULL,NULL,'-1'), ('510104','锦江区','510100','3',NULL,NULL,NULL,NULL,NULL,NULL,'-1'), ('510105','青羊区','510100','3',NULL,NULL,NULL,NULL,NULL,NULL,'-1'), ('510106','金牛区','510100','3',NULL,NULL,NULL,NULL,NULL,NULL,'-1'), ('510107','武侯区','510100','3',NULL,NULL,NULL,NULL,NULL,NULL,'-1'), ('510108','成华区','510100','3',NULL,NULL,NULL,NULL,NULL,NULL,'-1'), ('510112','龙泉驿区','510100','3',NULL,NULL,NULL,NULL,NULL,NULL,'-1'), ('510113','青白江区','510100','3',NULL,NULL,NULL,NULL,NULL,NULL,'-1'), ('510114','新都区','510100','3',NULL,NULL,NULL,NULL,NULL,NULL,'-1'), ('510115','温江区','510100','3',NULL,NULL,NULL,NULL,NULL,NULL,'-1'), ('510121','金堂县','510100','3',NULL,NULL,NULL,NULL,NULL,NULL,'-1'), ('510122','双流县','510100','3',NULL,NULL,NULL,NULL,NULL,NULL,'-1'), ('510124','郫县','510100','3',NULL,NULL,NULL,NULL,NULL,NULL,'-1'), ('510129','大邑县','510100','3',NULL,NULL,NULL,NULL,NULL,NULL,'-1'), ('510131','蒲江县','510100','3',NULL,NULL,NULL,NULL,NULL,NULL,'-1'), ('510132','新津县','510100','3',NULL,NULL,NULL,NULL,NULL,NULL,'-1'), ('510181','都江堰市','510100','3',NULL,NULL,NULL,NULL,NULL,NULL,'-1'), ('510182','彭州市','510100','3',NULL,NULL,NULL,NULL,NULL,NULL,'-1'), ('510183','邛崃市','510100','3',NULL,NULL,NULL,NULL,NULL,NULL,'-1'), ('510184','崇州市','510100','3',NULL,NULL,NULL,NULL,NULL,NULL,'-1'), ('510300','自贡市','510000','2',NULL,NULL,NULL,NULL,NULL,NULL,'-1'), ('510301','市辖区','510300','3',NULL,NULL,NULL,NULL,NULL,NULL,'-1'), ('510302','自流井区','510300','3',NULL,NULL,NULL,NULL,NULL,NULL,'-1'), ('510303','贡井区','510300','3',NULL,NULL,NULL,NULL,NULL,NULL,'-1'), ('510304','大安区','510300','3',NULL,NULL,NULL,NULL,NULL,NULL,'-1'), ('510311','沿滩区','510300','3',NULL,NULL,NULL,NULL,NULL,NULL,'-1'), ('510321','荣县','510300','3',NULL,NULL,NULL,NULL,NULL,NULL,'-1'), ('510322','富顺县','510300','3',NULL,NULL,NULL,NULL,NULL,NULL,'-1'), ('510400','攀枝花市','510000','2',NULL,NULL,NULL,NULL,NULL,NULL,'-1'), ('510401','市辖区','510400','3',NULL,NULL,NULL,NULL,NULL,NULL,'-1'), ('510402','东区','510400','3',NULL,NULL,NULL,NULL,NULL,NULL,'-1'), ('510403','西区','510400','3',NULL,NULL,NULL,NULL,NULL,NULL,'-1'), ('510411','仁和区','510400','3',NULL,NULL,NULL,NULL,NULL,NULL,'-1'), ('510421','米易县','510400','3',NULL,NULL,NULL,NULL,NULL,NULL,'-1'), ('510422','盐边县','510400','3',NULL,NULL,NULL,NULL,NULL,NULL,'-1'), ('510500','泸州市','510000','2',NULL,NULL,NULL,NULL,NULL,NULL,'-1'), ('510501','市辖区','510500','3',NULL,NULL,NULL,NULL,NULL,NULL,'-1'), ('510502','江阳区','510500','3',NULL,NULL,NULL,NULL,NULL,NULL,'-1'), ('510503','纳溪区','510500','3',NULL,NULL,NULL,NULL,NULL,NULL,'-1'), ('510504','龙马潭区','510500','3',NULL,NULL,NULL,NULL,NULL,NULL,'-1'), ('510521','泸县','510500','3',NULL,NULL,NULL,NULL,NULL,NULL,'-1'), ('510522','合江县','510500','3',NULL,NULL,NULL,NULL,NULL,NULL,'-1'), ('510524','叙永县','510500','3',NULL,NULL,NULL,NULL,NULL,NULL,'-1'), ('510525','古蔺县','510500','3',NULL,NULL,NULL,NULL,NULL,NULL,'-1'), ('510600','德阳市','510000','2',NULL,NULL,NULL,NULL,NULL,NULL,'-1'), ('510601','市辖区','510600','3',NULL,NULL,NULL,NULL,NULL,NULL,'-1'), ('510603','旌阳区','510600','3',NULL,NULL,NULL,NULL,NULL,NULL,'-1'), ('510623','中江县','510600','3',NULL,NULL,NULL,NULL,NULL,NULL,'-1'), ('510626','罗江县','510600','3',NULL,NULL,NULL,NULL,NULL,NULL,'-1'), ('510681','广汉市','510600','3',NULL,NULL,NULL,NULL,NULL,NULL,'-1'), ('510682','什邡市','510600','3',NULL,NULL,NULL,NULL,NULL,NULL,'-1'), ('510683','绵竹市','510600','3',NULL,NULL,NULL,NULL,NULL,NULL,'-1'), ('510700','绵阳市','510000','2',NULL,NULL,NULL,NULL,NULL,NULL,'-1'), ('510701','市辖区','510700','3',NULL,NULL,NULL,NULL,NULL,NULL,'-1'), ('510703','涪城区','510700','3',NULL,NULL,NULL,NULL,NULL,NULL,'-1'), ('510704','游仙区','510700','3',NULL,NULL,NULL,NULL,NULL,NULL,'-1'), ('510722','三台县','510700','3',NULL,NULL,NULL,NULL,NULL,NULL,'-1'), ('510723','盐亭县','510700','3',NULL,NULL,NULL,NULL,NULL,NULL,'-1'), ('510724','安县','510700','3',NULL,NULL,NULL,NULL,NULL,NULL,'-1'), ('510725','梓潼县','510700','3',NULL,NULL,NULL,NULL,NULL,NULL,'-1'), ('510726','北川羌族自治县','510700','3',NULL,NULL,NULL,NULL,NULL,NULL,'-1'), ('510727','平武县','510700','3',NULL,NULL,NULL,NULL,NULL,NULL,'-1'), ('510781','江油市','510700','3',NULL,NULL,NULL,NULL,NULL,NULL,'-1'), ('510800','广元市','510000','2',NULL,NULL,NULL,NULL,NULL,NULL,'-1'), ('510801','市辖区','510800','3',NULL,NULL,NULL,NULL,NULL,NULL,'-1'), ('510802','利州区','510800','3',NULL,NULL,NULL,NULL,NULL,NULL,'-1'), ('510811','元坝区','510800','3',NULL,NULL,NULL,NULL,NULL,NULL,'-1'), ('510812','朝天区','510800','3',NULL,NULL,NULL,NULL,NULL,NULL,'-1'), ('510821','旺苍县','510800','3',NULL,NULL,NULL,NULL,NULL,NULL,'-1'), ('510822','青川县','510800','3',NULL,NULL,NULL,NULL,NULL,NULL,'-1'), ('510823','剑阁县','510800','3',NULL,NULL,NULL,NULL,NULL,NULL,'-1'), ('510824','苍溪县','510800','3',NULL,NULL,NULL,NULL,NULL,NULL,'-1'), ('510900','遂宁市','510000','2',NULL,NULL,NULL,NULL,NULL,NULL,'-1'), ('510901','市辖区','510900','3',NULL,NULL,NULL,NULL,NULL,NULL,'-1'), ('510903','船山区','510900','3',NULL,NULL,NULL,NULL,NULL,NULL,'-1'), ('510904','安居区','510900','3',NULL,NULL,NULL,NULL,NULL,NULL,'-1'), ('510921','蓬溪县','510900','3',NULL,NULL,NULL,NULL,NULL,NULL,'-1'), ('510922','射洪县','510900','3',NULL,NULL,NULL,NULL,NULL,NULL,'-1'), ('510923','大英县','510900','3',NULL,NULL,NULL,NULL,NULL,NULL,'-1'), ('511000','内江市','510000','2',NULL,NULL,NULL,NULL,NULL,NULL,'-1'), ('511001','市辖区','511000','3',NULL,NULL,NULL,NULL,NULL,NULL,'-1'), ('511002','市中区','511000','3',NULL,NULL,NULL,NULL,NULL,NULL,'-1'), ('511011','东兴区','511000','3',NULL,NULL,NULL,NULL,NULL,NULL,'-1'), ('511024','威远县','511000','3',NULL,NULL,NULL,NULL,NULL,NULL,'-1'), ('511025','资中县','511000','3',NULL,NULL,NULL,NULL,NULL,NULL,'-1'), ('511028','隆昌县','511000','3',NULL,NULL,NULL,NULL,NULL,NULL,'-1'), ('511100','乐山市','510000','2',NULL,NULL,NULL,NULL,NULL,NULL,'-1');
INSERT INTO `t_data_area` VALUES ('511101','市辖区','511100','3',NULL,NULL,NULL,NULL,NULL,NULL,'-1'), ('511102','市中区','511100','3',NULL,NULL,NULL,NULL,NULL,NULL,'-1'), ('511111','沙湾区','511100','3',NULL,NULL,NULL,NULL,NULL,NULL,'-1'), ('511112','五通桥区','511100','3',NULL,NULL,NULL,NULL,NULL,NULL,'-1'), ('511113','金口河区','511100','3',NULL,NULL,NULL,NULL,NULL,NULL,'-1'), ('511123','犍为县','511100','3',NULL,NULL,NULL,NULL,NULL,NULL,'-1'), ('511124','井研县','511100','3',NULL,NULL,NULL,NULL,NULL,NULL,'-1'), ('511126','夹江县','511100','3',NULL,NULL,NULL,NULL,NULL,NULL,'-1'), ('511129','沐川县','511100','3',NULL,NULL,NULL,NULL,NULL,NULL,'-1'), ('511132','峨边彝族自治县','511100','3',NULL,NULL,NULL,NULL,NULL,NULL,'-1'), ('511133','马边彝族自治县','511100','3',NULL,NULL,NULL,NULL,NULL,NULL,'-1'), ('511181','峨眉山市','511100','3',NULL,NULL,NULL,NULL,NULL,NULL,'-1'), ('511300','南充市','510000','2',NULL,NULL,NULL,NULL,NULL,NULL,'-1'), ('511301','市辖区','511300','3',NULL,NULL,NULL,NULL,NULL,NULL,'-1'), ('511302','顺庆区','511300','3',NULL,NULL,NULL,NULL,NULL,NULL,'-1'), ('511303','高坪区','511300','3',NULL,NULL,NULL,NULL,NULL,NULL,'-1'), ('511304','嘉陵区','511300','3',NULL,NULL,NULL,NULL,NULL,NULL,'-1'), ('511321','南部县','511300','3',NULL,NULL,NULL,NULL,NULL,NULL,'-1'), ('511322','营山县','511300','3',NULL,NULL,NULL,NULL,NULL,NULL,'-1'), ('511323','蓬安县','511300','3',NULL,NULL,NULL,NULL,NULL,NULL,'-1'), ('511324','仪陇县','511300','3',NULL,NULL,NULL,NULL,NULL,NULL,'-1'), ('511325','西充县','511300','3',NULL,NULL,NULL,NULL,NULL,NULL,'-1'), ('511381','阆中市','511300','3',NULL,NULL,NULL,NULL,NULL,NULL,'-1'), ('511400','眉山市','510000','2',NULL,NULL,NULL,NULL,NULL,NULL,'-1'), ('511401','市辖区','511400','3',NULL,NULL,NULL,NULL,NULL,NULL,'-1'), ('511402','东坡区','511400','3',NULL,NULL,NULL,NULL,NULL,NULL,'-1'), ('511421','仁寿县','511400','3',NULL,NULL,NULL,NULL,NULL,NULL,'-1'), ('511422','彭山县','511400','3',NULL,NULL,NULL,NULL,NULL,NULL,'-1'), ('511423','洪雅县','511400','3',NULL,NULL,NULL,NULL,NULL,NULL,'-1'), ('511424','丹棱县','511400','3',NULL,NULL,NULL,NULL,NULL,NULL,'-1'), ('511425','青神县','511400','3',NULL,NULL,NULL,NULL,NULL,NULL,'-1'), ('511500','宜宾市','510000','2',NULL,NULL,NULL,NULL,NULL,NULL,'-1'), ('511501','市辖区','511500','3',NULL,NULL,NULL,NULL,NULL,NULL,'-1'), ('511502','翠屏区','511500','3',NULL,NULL,NULL,NULL,NULL,NULL,'-1'), ('511503','南溪区','511500','3',NULL,NULL,NULL,NULL,NULL,NULL,'-1'), ('511521','宜宾县','511500','3',NULL,NULL,NULL,NULL,NULL,NULL,'-1'), ('511523','江安县','511500','3',NULL,NULL,NULL,NULL,NULL,NULL,'-1'), ('511524','长宁县','511500','3',NULL,NULL,NULL,NULL,NULL,NULL,'-1'), ('511525','高县','511500','3',NULL,NULL,NULL,NULL,NULL,NULL,'-1'), ('511526','珙县','511500','3',NULL,NULL,NULL,NULL,NULL,NULL,'-1'), ('511527','筠连县','511500','3',NULL,NULL,NULL,NULL,NULL,NULL,'-1'), ('511528','兴文县','511500','3',NULL,NULL,NULL,NULL,NULL,NULL,'-1'), ('511529','屏山县','511500','3',NULL,NULL,NULL,NULL,NULL,NULL,'-1'), ('511600','广安市','510000','2',NULL,NULL,NULL,NULL,NULL,NULL,'-1'), ('511601','市辖区','511600','3',NULL,NULL,NULL,NULL,NULL,NULL,'-1'), ('511602','广安区','511600','3',NULL,NULL,NULL,NULL,NULL,NULL,'-1'), ('511621','岳池县','511600','3',NULL,NULL,NULL,NULL,NULL,NULL,'-1'), ('511622','武胜县','511600','3',NULL,NULL,NULL,NULL,NULL,NULL,'-1'), ('511623','邻水县','511600','3',NULL,NULL,NULL,NULL,NULL,NULL,'-1'), ('511681','华蓥市','511600','3',NULL,NULL,NULL,NULL,NULL,NULL,'-1'), ('511700','达州市','510000','2',NULL,NULL,NULL,NULL,NULL,NULL,'-1'), ('511701','市辖区','511700','3',NULL,NULL,NULL,NULL,NULL,NULL,'-1'), ('511702','通川区','511700','3',NULL,NULL,NULL,NULL,NULL,NULL,'-1'), ('511721','达县','511700','3',NULL,NULL,NULL,NULL,NULL,NULL,'-1'), ('511722','宣汉县','511700','3',NULL,NULL,NULL,NULL,NULL,NULL,'-1'), ('511723','开江县','511700','3',NULL,NULL,NULL,NULL,NULL,NULL,'-1'), ('511724','大竹县','511700','3',NULL,NULL,NULL,NULL,NULL,NULL,'-1'), ('511725','渠县','511700','3',NULL,NULL,NULL,NULL,NULL,NULL,'-1'), ('511781','万源市','511700','3',NULL,NULL,NULL,NULL,NULL,NULL,'-1'), ('511800','雅安市','510000','2',NULL,NULL,NULL,NULL,NULL,NULL,'-1'), ('511801','市辖区','511800','3',NULL,NULL,NULL,NULL,NULL,NULL,'-1'), ('511802','雨城区','511800','3',NULL,NULL,NULL,NULL,NULL,NULL,'-1'), ('511803','名山区','511800','3',NULL,NULL,NULL,NULL,NULL,NULL,'-1'), ('511822','荥经县','511800','3',NULL,NULL,NULL,NULL,NULL,NULL,'-1'), ('511823','汉源县','511800','3',NULL,NULL,NULL,NULL,NULL,NULL,'-1'), ('511824','石棉县','511800','3',NULL,NULL,NULL,NULL,NULL,NULL,'-1'), ('511825','天全县','511800','3',NULL,NULL,NULL,NULL,NULL,NULL,'-1'), ('511826','芦山县','511800','3',NULL,NULL,NULL,NULL,NULL,NULL,'-1'), ('511827','宝兴县','511800','3',NULL,NULL,NULL,NULL,NULL,NULL,'-1'), ('511900','巴中市','510000','2',NULL,NULL,NULL,NULL,NULL,NULL,'-1'), ('511901','市辖区','511900','3',NULL,NULL,NULL,NULL,NULL,NULL,'-1'), ('511902','巴州区','511900','3',NULL,NULL,NULL,NULL,NULL,NULL,'-1'), ('511921','通江县','511900','3',NULL,NULL,NULL,NULL,NULL,NULL,'-1'), ('511922','南江县','511900','3',NULL,NULL,NULL,NULL,NULL,NULL,'-1'), ('511923','平昌县','511900','3',NULL,NULL,NULL,NULL,NULL,NULL,'-1'), ('512000','资阳市','510000','2',NULL,NULL,NULL,NULL,NULL,NULL,'-1'), ('512001','市辖区','512000','3',NULL,NULL,NULL,NULL,NULL,NULL,'-1'), ('512002','雁江区','512000','3',NULL,NULL,NULL,NULL,NULL,NULL,'-1'), ('512021','安岳县','512000','3',NULL,NULL,NULL,NULL,NULL,NULL,'-1'), ('512022','乐至县','512000','3',NULL,NULL,NULL,NULL,NULL,NULL,'-1'), ('512081','简阳市','512000','3',NULL,NULL,NULL,NULL,NULL,NULL,'-1'), ('513200','阿坝藏族羌族自治州','510000','2',NULL,NULL,NULL,NULL,NULL,NULL,'-1'), ('513221','汶川县','513200','3',NULL,NULL,NULL,NULL,NULL,NULL,'-1'), ('513222','理县','513200','3',NULL,NULL,NULL,NULL,NULL,NULL,'-1'), ('513223','茂县','513200','3',NULL,NULL,NULL,NULL,NULL,NULL,'-1'), ('513224','松潘县','513200','3',NULL,NULL,NULL,NULL,NULL,NULL,'-1'), ('513225','九寨沟县','513200','3',NULL,NULL,NULL,NULL,NULL,NULL,'-1'), ('513226','金川县','513200','3',NULL,NULL,NULL,NULL,NULL,NULL,'-1'), ('513227','小金县','513200','3',NULL,NULL,NULL,NULL,NULL,NULL,'-1'), ('513228','黑水县','513200','3',NULL,NULL,NULL,NULL,NULL,NULL,'-1'), ('513229','马尔康县','513200','3',NULL,NULL,NULL,NULL,NULL,NULL,'-1'), ('513230','壤塘县','513200','3',NULL,NULL,NULL,NULL,NULL,NULL,'-1'), ('513231','阿坝县','513200','3',NULL,NULL,NULL,NULL,NULL,NULL,'-1'), ('513232','若尔盖县','513200','3',NULL,NULL,NULL,NULL,NULL,NULL,'-1'), ('513233','红原县','513200','3',NULL,NULL,NULL,NULL,NULL,NULL,'-1'), ('513300','甘孜藏族自治州','510000','2',NULL,NULL,NULL,NULL,NULL,NULL,'-1'), ('513321','康定县','513300','3',NULL,NULL,NULL,NULL,NULL,NULL,'-1'), ('513322','泸定县','513300','3',NULL,NULL,NULL,NULL,NULL,NULL,'-1'), ('513323','丹巴县','513300','3',NULL,NULL,NULL,NULL,NULL,NULL,'-1'), ('513324','九龙县','513300','3',NULL,NULL,NULL,NULL,NULL,NULL,'-1');
INSERT INTO `t_data_area` VALUES ('513325','雅江县','513300','3',NULL,NULL,NULL,NULL,NULL,NULL,'-1'), ('513326','道孚县','513300','3',NULL,NULL,NULL,NULL,NULL,NULL,'-1'), ('513327','炉霍县','513300','3',NULL,NULL,NULL,NULL,NULL,NULL,'-1'), ('513328','甘孜县','513300','3',NULL,NULL,NULL,NULL,NULL,NULL,'-1'), ('513329','新龙县','513300','3',NULL,NULL,NULL,NULL,NULL,NULL,'-1'), ('513330','德格县','513300','3',NULL,NULL,NULL,NULL,NULL,NULL,'-1'), ('513331','白玉县','513300','3',NULL,NULL,NULL,NULL,NULL,NULL,'-1'), ('513332','石渠县','513300','3',NULL,NULL,NULL,NULL,NULL,NULL,'-1'), ('513333','色达县','513300','3',NULL,NULL,NULL,NULL,NULL,NULL,'-1'), ('513334','理塘县','513300','3',NULL,NULL,NULL,NULL,NULL,NULL,'-1'), ('513335','巴塘县','513300','3',NULL,NULL,NULL,NULL,NULL,NULL,'-1'), ('513336','乡城县','513300','3',NULL,NULL,NULL,NULL,NULL,NULL,'-1'), ('513337','稻城县','513300','3',NULL,NULL,NULL,NULL,NULL,NULL,'-1'), ('513338','得荣县','513300','3',NULL,NULL,NULL,NULL,NULL,NULL,'-1'), ('513400','凉山彝族自治州','510000','2',NULL,NULL,NULL,NULL,NULL,NULL,'-1'), ('513401','西昌市','513400','3',NULL,NULL,NULL,NULL,NULL,NULL,'-1'), ('513422','木里藏族自治县','513400','3',NULL,NULL,NULL,NULL,NULL,NULL,'-1'), ('513423','盐源县','513400','3',NULL,NULL,NULL,NULL,NULL,NULL,'-1'), ('513424','德昌县','513400','3',NULL,NULL,NULL,NULL,NULL,NULL,'-1'), ('513425','会理县','513400','3',NULL,NULL,NULL,NULL,NULL,NULL,'-1'), ('513426','会东县','513400','3',NULL,NULL,NULL,NULL,NULL,NULL,'-1'), ('513427','宁南县','513400','3',NULL,NULL,NULL,NULL,NULL,NULL,'-1'), ('513428','普格县','513400','3',NULL,NULL,NULL,NULL,NULL,NULL,'-1'), ('513429','布拖县','513400','3',NULL,NULL,NULL,NULL,NULL,NULL,'-1'), ('513430','金阳县','513400','3',NULL,NULL,NULL,NULL,NULL,NULL,'-1'), ('513431','昭觉县','513400','3',NULL,NULL,NULL,NULL,NULL,NULL,'-1'), ('513432','喜德县','513400','3',NULL,NULL,NULL,NULL,NULL,NULL,'-1'), ('513433','冕宁县','513400','3',NULL,NULL,NULL,NULL,NULL,NULL,'-1'), ('513434','越西县','513400','3',NULL,NULL,NULL,NULL,NULL,NULL,'-1'), ('513435','甘洛县','513400','3',NULL,NULL,NULL,NULL,NULL,NULL,'-1'), ('513436','美姑县','513400','3',NULL,NULL,NULL,NULL,NULL,NULL,'-1'), ('513437','雷波县','513400','3',NULL,NULL,NULL,NULL,NULL,NULL,'-1'), ('520000','贵州省','100000','1',NULL,NULL,NULL,NULL,NULL,NULL,'-1'), ('520100','贵阳市','520000','2',NULL,NULL,NULL,NULL,NULL,NULL,'-1'), ('520101','市辖区','520100','3',NULL,NULL,NULL,NULL,NULL,NULL,'-1'), ('520102','南明区','520100','3',NULL,NULL,NULL,NULL,NULL,NULL,'-1'), ('520103','云岩区','520100','3',NULL,NULL,NULL,NULL,NULL,NULL,'-1'), ('520111','花溪区','520100','3',NULL,NULL,NULL,NULL,NULL,NULL,'-1'), ('520112','乌当区','520100','3',NULL,NULL,NULL,NULL,NULL,NULL,'-1'), ('520113','白云区','520100','3',NULL,NULL,NULL,NULL,NULL,NULL,'-1'), ('520114','小河区','520100','3',NULL,NULL,NULL,NULL,NULL,NULL,'-1'), ('520121','开阳县','520100','3',NULL,NULL,NULL,NULL,NULL,NULL,'-1'), ('520122','息烽县','520100','3',NULL,NULL,NULL,NULL,NULL,NULL,'-1'), ('520123','修文县','520100','3',NULL,NULL,NULL,NULL,NULL,NULL,'-1'), ('520181','清镇市','520100','3',NULL,NULL,NULL,NULL,NULL,NULL,'-1'), ('520200','六盘水市','520000','2',NULL,NULL,NULL,NULL,NULL,NULL,'-1'), ('520201','钟山区','520200','3',NULL,NULL,NULL,NULL,NULL,NULL,'-1'), ('520203','六枝特区','520200','3',NULL,NULL,NULL,NULL,NULL,NULL,'-1'), ('520221','水城县','520200','3',NULL,NULL,NULL,NULL,NULL,NULL,'-1'), ('520222','盘县','520200','3',NULL,NULL,NULL,NULL,NULL,NULL,'-1'), ('520300','遵义市','520000','2',NULL,NULL,NULL,NULL,NULL,NULL,'-1'), ('520301','市辖区','520300','3',NULL,NULL,NULL,NULL,NULL,NULL,'-1'), ('520302','红花岗区','520300','3',NULL,NULL,NULL,NULL,NULL,NULL,'-1'), ('520303','汇川区','520300','3',NULL,NULL,NULL,NULL,NULL,NULL,'-1'), ('520321','遵义县','520300','3',NULL,NULL,NULL,NULL,NULL,NULL,'-1'), ('520322','桐梓县','520300','3',NULL,NULL,NULL,NULL,NULL,NULL,'-1'), ('520323','绥阳县','520300','3',NULL,NULL,NULL,NULL,NULL,NULL,'-1'), ('520324','正安县','520300','3',NULL,NULL,NULL,NULL,NULL,NULL,'-1'), ('520325','道真仡佬族苗族自治县','520300','3',NULL,NULL,NULL,NULL,NULL,NULL,'-1'), ('520326','务川仡佬族苗族自治县','520300','3',NULL,NULL,NULL,NULL,NULL,NULL,'-1'), ('520327','凤冈县','520300','3',NULL,NULL,NULL,NULL,NULL,NULL,'-1'), ('520328','湄潭县','520300','3',NULL,NULL,NULL,NULL,NULL,NULL,'-1'), ('520329','余庆县','520300','3',NULL,NULL,NULL,NULL,NULL,NULL,'-1'), ('520330','习水县','520300','3',NULL,NULL,NULL,NULL,NULL,NULL,'-1'), ('520381','赤水市','520300','3',NULL,NULL,NULL,NULL,NULL,NULL,'-1'), ('520382','仁怀市','520300','3',NULL,NULL,NULL,NULL,NULL,NULL,'-1'), ('520400','安顺市','520000','2',NULL,NULL,NULL,NULL,NULL,NULL,'-1'), ('520401','市辖区','520400','3',NULL,NULL,NULL,NULL,NULL,NULL,'-1'), ('520402','西秀区','520400','3',NULL,NULL,NULL,NULL,NULL,NULL,'-1'), ('520421','平坝县','520400','3',NULL,NULL,NULL,NULL,NULL,NULL,'-1'), ('520422','普定县','520400','3',NULL,NULL,NULL,NULL,NULL,NULL,'-1'), ('520423','镇宁布依族苗族自治县','520400','3',NULL,NULL,NULL,NULL,NULL,NULL,'-1'), ('520424','关岭布依族苗族自治县','520400','3',NULL,NULL,NULL,NULL,NULL,NULL,'-1'), ('520425','紫云苗族布依族自治县','520400','3',NULL,NULL,NULL,NULL,NULL,NULL,'-1'), ('520500','毕节市','520000','2',NULL,NULL,NULL,NULL,NULL,NULL,'-1'), ('520502','七星关区','520500','3',NULL,NULL,NULL,NULL,NULL,NULL,'-1'), ('520521','大方县','520500','3',NULL,NULL,NULL,NULL,NULL,NULL,'-1'), ('520522','黔西县','520500','3',NULL,NULL,NULL,NULL,NULL,NULL,'-1'), ('520523','金沙县','520500','3',NULL,NULL,NULL,NULL,NULL,NULL,'-1'), ('520524','织金县','520500','3',NULL,NULL,NULL,NULL,NULL,NULL,'-1'), ('520525','纳雍县','520500','3',NULL,NULL,NULL,NULL,NULL,NULL,'-1'), ('520526','威宁彝族回族苗族自治县','520500','3',NULL,NULL,NULL,NULL,NULL,NULL,'-1'), ('520527','赫章县','520500','3',NULL,NULL,NULL,NULL,NULL,NULL,'-1'), ('520600','铜仁市','520000','2',NULL,NULL,NULL,NULL,NULL,NULL,'-1'), ('520602','碧江区','520600','3',NULL,NULL,NULL,NULL,NULL,NULL,'-1'), ('520603','万山区','520600','3',NULL,NULL,NULL,NULL,NULL,NULL,'-1'), ('520621','江口县','520600','3',NULL,NULL,NULL,NULL,NULL,NULL,'-1'), ('520622','玉屏侗族自治县','520600','3',NULL,NULL,NULL,NULL,NULL,NULL,'-1'), ('520623','石阡县','520600','3',NULL,NULL,NULL,NULL,NULL,NULL,'-1'), ('520624','思南县','520600','3',NULL,NULL,NULL,NULL,NULL,NULL,'-1'), ('520625','印江土家族苗族自治县','520600','3',NULL,NULL,NULL,NULL,NULL,NULL,'-1'), ('520626','德江县','520600','3',NULL,NULL,NULL,NULL,NULL,NULL,'-1'), ('520627','沿河土家族自治县','520600','3',NULL,NULL,NULL,NULL,NULL,NULL,'-1'), ('520628','松桃苗族自治县','520600','3',NULL,NULL,NULL,NULL,NULL,NULL,'-1'), ('522300','黔西南布依族苗族自治州','520000','2',NULL,NULL,NULL,NULL,NULL,NULL,'-1'), ('522301','兴义市','522300','3',NULL,NULL,NULL,NULL,NULL,NULL,'-1'), ('522322','兴仁县','522300','3',NULL,NULL,NULL,NULL,NULL,NULL,'-1'), ('522323','普安县','522300','3',NULL,NULL,NULL,NULL,NULL,NULL,'-1'), ('522324','晴隆县','522300','3',NULL,NULL,NULL,NULL,NULL,NULL,'-1'), ('522325','贞丰县','522300','3',NULL,NULL,NULL,NULL,NULL,NULL,'-1');
INSERT INTO `t_data_area` VALUES ('522326','望谟县','522300','3',NULL,NULL,NULL,NULL,NULL,NULL,'-1'), ('522327','册亨县','522300','3',NULL,NULL,NULL,NULL,NULL,NULL,'-1'), ('522328','安龙县','522300','3',NULL,NULL,NULL,NULL,NULL,NULL,'-1'), ('522600','黔东南苗族侗族自治州','520000','2',NULL,NULL,NULL,NULL,NULL,NULL,'-1'), ('522601','凯里市','522600','3',NULL,NULL,NULL,NULL,NULL,NULL,'-1'), ('522622','黄平县','522600','3',NULL,NULL,NULL,NULL,NULL,NULL,'-1'), ('522623','施秉县','522600','3',NULL,NULL,NULL,NULL,NULL,NULL,'-1'), ('522624','三穗县','522600','3',NULL,NULL,NULL,NULL,NULL,NULL,'-1'), ('522625','镇远县','522600','3',NULL,NULL,NULL,NULL,NULL,NULL,'-1'), ('522626','岑巩县','522600','3',NULL,NULL,NULL,NULL,NULL,NULL,'-1'), ('522627','天柱县','522600','3',NULL,NULL,NULL,NULL,NULL,NULL,'-1'), ('522628','锦屏县','522600','3',NULL,NULL,NULL,NULL,NULL,NULL,'-1'), ('522629','剑河县','522600','3',NULL,NULL,NULL,NULL,NULL,NULL,'-1'), ('522630','台江县','522600','3',NULL,NULL,NULL,NULL,NULL,NULL,'-1'), ('522631','黎平县','522600','3',NULL,NULL,NULL,NULL,NULL,NULL,'-1'), ('522632','榕江县','522600','3',NULL,NULL,NULL,NULL,NULL,NULL,'-1'), ('522633','从江县','522600','3',NULL,NULL,NULL,NULL,NULL,NULL,'-1'), ('522634','雷山县','522600','3',NULL,NULL,NULL,NULL,NULL,NULL,'-1'), ('522635','麻江县','522600','3',NULL,NULL,NULL,NULL,NULL,NULL,'-1'), ('522636','丹寨县','522600','3',NULL,NULL,NULL,NULL,NULL,NULL,'-1'), ('522700','黔南布依族苗族自治州','520000','2',NULL,NULL,NULL,NULL,NULL,NULL,'-1'), ('522701','都匀市','522700','3',NULL,NULL,NULL,NULL,NULL,NULL,'-1'), ('522702','福泉市','522700','3',NULL,NULL,NULL,NULL,NULL,NULL,'-1'), ('522722','荔波县','522700','3',NULL,NULL,NULL,NULL,NULL,NULL,'-1'), ('522723','贵定县','522700','3',NULL,NULL,NULL,NULL,NULL,NULL,'-1'), ('522725','瓮安县','522700','3',NULL,NULL,NULL,NULL,NULL,NULL,'-1'), ('522726','独山县','522700','3',NULL,NULL,NULL,NULL,NULL,NULL,'-1'), ('522727','平塘县','522700','3',NULL,NULL,NULL,NULL,NULL,NULL,'-1'), ('522728','罗甸县','522700','3',NULL,NULL,NULL,NULL,NULL,NULL,'-1'), ('522729','长顺县','522700','3',NULL,NULL,NULL,NULL,NULL,NULL,'-1'), ('522730','龙里县','522700','3',NULL,NULL,NULL,NULL,NULL,NULL,'-1'), ('522731','惠水县','522700','3',NULL,NULL,NULL,NULL,NULL,NULL,'-1'), ('522732','三都水族自治县','522700','3',NULL,NULL,NULL,NULL,NULL,NULL,'-1'), ('530000','云南省','100000','1',NULL,NULL,NULL,NULL,NULL,NULL,'-1'), ('530100','昆明市','530000','2',NULL,NULL,NULL,NULL,NULL,NULL,'-1'), ('530101','市辖区','530100','3',NULL,NULL,NULL,NULL,NULL,NULL,'-1'), ('530102','五华区','530100','3',NULL,NULL,NULL,NULL,NULL,NULL,'-1'), ('530103','盘龙区','530100','3',NULL,NULL,NULL,NULL,NULL,NULL,'-1'), ('530111','官渡区','530100','3',NULL,NULL,NULL,NULL,NULL,NULL,'-1'), ('530112','西山区','530100','3',NULL,NULL,NULL,NULL,NULL,NULL,'-1'), ('530113','东川区','530100','3',NULL,NULL,NULL,NULL,NULL,NULL,'-1'), ('530114','呈贡区','530100','3',NULL,NULL,NULL,NULL,NULL,NULL,'-1'), ('530122','晋宁县','530100','3',NULL,NULL,NULL,NULL,NULL,NULL,'-1'), ('530124','富民县','530100','3',NULL,NULL,NULL,NULL,NULL,NULL,'-1'), ('530125','宜良县','530100','3',NULL,NULL,NULL,NULL,NULL,NULL,'-1'), ('530126','石林彝族自治县','530100','3',NULL,NULL,NULL,NULL,NULL,NULL,'-1'), ('530127','嵩明县','530100','3',NULL,NULL,NULL,NULL,NULL,NULL,'-1'), ('530128','禄劝彝族苗族自治县','530100','3',NULL,NULL,NULL,NULL,NULL,NULL,'-1'), ('530129','寻甸回族彝族自治县','530100','3',NULL,NULL,NULL,NULL,NULL,NULL,'-1'), ('530181','安宁市','530100','3',NULL,NULL,NULL,NULL,NULL,NULL,'-1'), ('530300','曲靖市','530000','2',NULL,NULL,NULL,NULL,NULL,NULL,'-1'), ('530301','市辖区','530300','3',NULL,NULL,NULL,NULL,NULL,NULL,'-1'), ('530302','麒麟区','530300','3',NULL,NULL,NULL,NULL,NULL,NULL,'-1'), ('530321','马龙县','530300','3',NULL,NULL,NULL,NULL,NULL,NULL,'-1'), ('530322','陆良县','530300','3',NULL,NULL,NULL,NULL,NULL,NULL,'-1'), ('530323','师宗县','530300','3',NULL,NULL,NULL,NULL,NULL,NULL,'-1'), ('530324','罗平县','530300','3',NULL,NULL,NULL,NULL,NULL,NULL,'-1'), ('530325','富源县','530300','3',NULL,NULL,NULL,NULL,NULL,NULL,'-1'), ('530326','会泽县','530300','3',NULL,NULL,NULL,NULL,NULL,NULL,'-1'), ('530328','沾益县','530300','3',NULL,NULL,NULL,NULL,NULL,NULL,'-1'), ('530381','宣威市','530300','3',NULL,NULL,NULL,NULL,NULL,NULL,'-1'), ('530400','玉溪市','530000','2',NULL,NULL,NULL,NULL,NULL,NULL,'-1'), ('530402','红塔区','530400','3',NULL,NULL,NULL,NULL,NULL,NULL,'-1'), ('530421','江川县','530400','3',NULL,NULL,NULL,NULL,NULL,NULL,'-1'), ('530422','澄江县','530400','3',NULL,NULL,NULL,NULL,NULL,NULL,'-1'), ('530423','通海县','530400','3',NULL,NULL,NULL,NULL,NULL,NULL,'-1'), ('530424','华宁县','530400','3',NULL,NULL,NULL,NULL,NULL,NULL,'-1'), ('530425','易门县','530400','3',NULL,NULL,NULL,NULL,NULL,NULL,'-1'), ('530426','峨山彝族自治县','530400','3',NULL,NULL,NULL,NULL,NULL,NULL,'-1'), ('530427','新平彝族傣族自治县','530400','3',NULL,NULL,NULL,NULL,NULL,NULL,'-1'), ('530428','元江哈尼族彝族傣族自治县','530400','3',NULL,NULL,NULL,NULL,NULL,NULL,'-1'), ('530500','保山市','530000','2',NULL,NULL,NULL,NULL,NULL,NULL,'-1'), ('530501','市辖区','530500','3',NULL,NULL,NULL,NULL,NULL,NULL,'-1'), ('530502','隆阳区','530500','3',NULL,NULL,NULL,NULL,NULL,NULL,'-1'), ('530521','施甸县','530500','3',NULL,NULL,NULL,NULL,NULL,NULL,'-1'), ('530522','腾冲县','530500','3',NULL,NULL,NULL,NULL,NULL,NULL,'-1'), ('530523','龙陵县','530500','3',NULL,NULL,NULL,NULL,NULL,NULL,'-1'), ('530524','昌宁县','530500','3',NULL,NULL,NULL,NULL,NULL,NULL,'-1'), ('530600','昭通市','530000','2',NULL,NULL,NULL,NULL,NULL,NULL,'-1'), ('530601','市辖区','530600','3',NULL,NULL,NULL,NULL,NULL,NULL,'-1'), ('530602','昭阳区','530600','3',NULL,NULL,NULL,NULL,NULL,NULL,'-1'), ('530621','鲁甸县','530600','3',NULL,NULL,NULL,NULL,NULL,NULL,'-1'), ('530622','巧家县','530600','3',NULL,NULL,NULL,NULL,NULL,NULL,'-1'), ('530623','盐津县','530600','3',NULL,NULL,NULL,NULL,NULL,NULL,'-1'), ('530624','大关县','530600','3',NULL,NULL,NULL,NULL,NULL,NULL,'-1'), ('530625','永善县','530600','3',NULL,NULL,NULL,NULL,NULL,NULL,'-1'), ('530626','绥江县','530600','3',NULL,NULL,NULL,NULL,NULL,NULL,'-1'), ('530627','镇雄县','530600','3',NULL,NULL,NULL,NULL,NULL,NULL,'-1'), ('530628','彝良县','530600','3',NULL,NULL,NULL,NULL,NULL,NULL,'-1'), ('530629','威信县','530600','3',NULL,NULL,NULL,NULL,NULL,NULL,'-1'), ('530630','水富县','530600','3',NULL,NULL,NULL,NULL,NULL,NULL,'-1'), ('530700','丽江市','530000','2',NULL,NULL,NULL,NULL,NULL,NULL,'-1'), ('530701','市辖区','530700','3',NULL,NULL,NULL,NULL,NULL,NULL,'-1'), ('530702','古城区','530700','3',NULL,NULL,NULL,NULL,NULL,NULL,'-1'), ('530721','玉龙纳西族自治县','530700','3',NULL,NULL,NULL,NULL,NULL,NULL,'-1'), ('530722','永胜县','530700','3',NULL,NULL,NULL,NULL,NULL,NULL,'-1'), ('530723','华坪县','530700','3',NULL,NULL,NULL,NULL,NULL,NULL,'-1'), ('530724','宁蒗彝族自治县','530700','3',NULL,NULL,NULL,NULL,NULL,NULL,'-1'), ('530800','普洱市','530000','2',NULL,NULL,NULL,NULL,NULL,NULL,'-1'), ('530801','市辖区','530800','3',NULL,NULL,NULL,NULL,NULL,NULL,'-1');
INSERT INTO `t_data_area` VALUES ('530802','思茅区','530800','3',NULL,NULL,NULL,NULL,NULL,NULL,'-1'), ('530821','宁洱哈尼族彝族自治县','530800','3',NULL,NULL,NULL,NULL,NULL,NULL,'-1'), ('530822','墨江哈尼族自治县','530800','3',NULL,NULL,NULL,NULL,NULL,NULL,'-1'), ('530823','景东彝族自治县','530800','3',NULL,NULL,NULL,NULL,NULL,NULL,'-1'), ('530824','景谷傣族彝族自治县','530800','3',NULL,NULL,NULL,NULL,NULL,NULL,'-1'), ('530825','镇沅彝族哈尼族拉祜族自治县','530800','3',NULL,NULL,NULL,NULL,NULL,NULL,'-1'), ('530826','江城哈尼族彝族自治县','530800','3',NULL,NULL,NULL,NULL,NULL,NULL,'-1'), ('530827','孟连傣族拉祜族佤族自治县','530800','3',NULL,NULL,NULL,NULL,NULL,NULL,'-1'), ('530828','澜沧拉祜族自治县','530800','3',NULL,NULL,NULL,NULL,NULL,NULL,'-1'), ('530829','西盟佤族自治县','530800','3',NULL,NULL,NULL,NULL,NULL,NULL,'-1'), ('530900','临沧市','530000','2',NULL,NULL,NULL,NULL,NULL,NULL,'-1'), ('530901','市辖区','530900','3',NULL,NULL,NULL,NULL,NULL,NULL,'-1'), ('530902','临翔区','530900','3',NULL,NULL,NULL,NULL,NULL,NULL,'-1'), ('530921','凤庆县','530900','3',NULL,NULL,NULL,NULL,NULL,NULL,'-1'), ('530922','云县','530900','3',NULL,NULL,NULL,NULL,NULL,NULL,'-1'), ('530923','永德县','530900','3',NULL,NULL,NULL,NULL,NULL,NULL,'-1'), ('530924','镇康县','530900','3',NULL,NULL,NULL,NULL,NULL,NULL,'-1'), ('530925','双江拉祜族佤族布朗族傣族自治县','530900','3',NULL,NULL,NULL,NULL,NULL,NULL,'-1'), ('530926','耿马傣族佤族自治县','530900','3',NULL,NULL,NULL,NULL,NULL,NULL,'-1'), ('530927','沧源佤族自治县','530900','3',NULL,NULL,NULL,NULL,NULL,NULL,'-1'), ('532300','楚雄彝族自治州','530000','2',NULL,NULL,NULL,NULL,NULL,NULL,'-1'), ('532301','楚雄市','532300','3',NULL,NULL,NULL,NULL,NULL,NULL,'-1'), ('532322','双柏县','532300','3',NULL,NULL,NULL,NULL,NULL,NULL,'-1'), ('532323','牟定县','532300','3',NULL,NULL,NULL,NULL,NULL,NULL,'-1'), ('532324','南华县','532300','3',NULL,NULL,NULL,NULL,NULL,NULL,'-1'), ('532325','姚安县','532300','3',NULL,NULL,NULL,NULL,NULL,NULL,'-1'), ('532326','大姚县','532300','3',NULL,NULL,NULL,NULL,NULL,NULL,'-1'), ('532327','永仁县','532300','3',NULL,NULL,NULL,NULL,NULL,NULL,'-1'), ('532328','元谋县','532300','3',NULL,NULL,NULL,NULL,NULL,NULL,'-1'), ('532329','武定县','532300','3',NULL,NULL,NULL,NULL,NULL,NULL,'-1'), ('532331','禄丰县','532300','3',NULL,NULL,NULL,NULL,NULL,NULL,'-1'), ('532500','红河哈尼族彝族自治州','530000','2',NULL,NULL,NULL,NULL,NULL,NULL,'-1'), ('532501','个旧市','532500','3',NULL,NULL,NULL,NULL,NULL,NULL,'-1'), ('532502','开远市','532500','3',NULL,NULL,NULL,NULL,NULL,NULL,'-1'), ('532503','蒙自市','532500','3',NULL,NULL,NULL,NULL,NULL,NULL,'-1'), ('532523','屏边苗族自治县','532500','3',NULL,NULL,NULL,NULL,NULL,NULL,'-1'), ('532524','建水县','532500','3',NULL,NULL,NULL,NULL,NULL,NULL,'-1'), ('532525','石屏县','532500','3',NULL,NULL,NULL,NULL,NULL,NULL,'-1'), ('532526','弥勒县','532500','3',NULL,NULL,NULL,NULL,NULL,NULL,'-1'), ('532527','泸西县','532500','3',NULL,NULL,NULL,NULL,NULL,NULL,'-1'), ('532528','元阳县','532500','3',NULL,NULL,NULL,NULL,NULL,NULL,'-1'), ('532529','红河县','532500','3',NULL,NULL,NULL,NULL,NULL,NULL,'-1'), ('532530','金平苗族瑶族傣族自治县','532500','3',NULL,NULL,NULL,NULL,NULL,NULL,'-1'), ('532531','绿春县','532500','3',NULL,NULL,NULL,NULL,NULL,NULL,'-1'), ('532532','河口瑶族自治县','532500','3',NULL,NULL,NULL,NULL,NULL,NULL,'-1'), ('532600','文山壮族苗族自治州','530000','2',NULL,NULL,NULL,NULL,NULL,NULL,'-1'), ('532601','文山市','532600','3',NULL,NULL,NULL,NULL,NULL,NULL,'-1'), ('532622','砚山县','532600','3',NULL,NULL,NULL,NULL,NULL,NULL,'-1'), ('532623','西畴县','532600','3',NULL,NULL,NULL,NULL,NULL,NULL,'-1'), ('532624','麻栗坡县','532600','3',NULL,NULL,NULL,NULL,NULL,NULL,'-1'), ('532625','马关县','532600','3',NULL,NULL,NULL,NULL,NULL,NULL,'-1'), ('532626','丘北县','532600','3',NULL,NULL,NULL,NULL,NULL,NULL,'-1'), ('532627','广南县','532600','3',NULL,NULL,NULL,NULL,NULL,NULL,'-1'), ('532628','富宁县','532600','3',NULL,NULL,NULL,NULL,NULL,NULL,'-1'), ('532800','西双版纳傣族自治州','530000','2',NULL,NULL,NULL,NULL,NULL,NULL,'-1'), ('532801','景洪市','532800','3',NULL,NULL,NULL,NULL,NULL,NULL,'-1'), ('532822','勐海县','532800','3',NULL,NULL,NULL,NULL,NULL,NULL,'-1'), ('532823','勐腊县','532800','3',NULL,NULL,NULL,NULL,NULL,NULL,'-1'), ('532900','大理白族自治州','530000','2',NULL,NULL,NULL,NULL,NULL,NULL,'-1'), ('532901','大理市','532900','3',NULL,NULL,NULL,NULL,NULL,NULL,'-1'), ('532922','漾濞彝族自治县','532900','3',NULL,NULL,NULL,NULL,NULL,NULL,'-1'), ('532923','祥云县','532900','3',NULL,NULL,NULL,NULL,NULL,NULL,'-1'), ('532924','宾川县','532900','3',NULL,NULL,NULL,NULL,NULL,NULL,'-1'), ('532925','弥渡县','532900','3',NULL,NULL,NULL,NULL,NULL,NULL,'-1'), ('532926','南涧彝族自治县','532900','3',NULL,NULL,NULL,NULL,NULL,NULL,'-1'), ('532927','巍山彝族回族自治县','532900','3',NULL,NULL,NULL,NULL,NULL,NULL,'-1'), ('532928','永平县','532900','3',NULL,NULL,NULL,NULL,NULL,NULL,'-1'), ('532929','云龙县','532900','3',NULL,NULL,NULL,NULL,NULL,NULL,'-1'), ('532930','洱源县','532900','3',NULL,NULL,NULL,NULL,NULL,NULL,'-1'), ('532931','剑川县','532900','3',NULL,NULL,NULL,NULL,NULL,NULL,'-1'), ('532932','鹤庆县','532900','3',NULL,NULL,NULL,NULL,NULL,NULL,'-1'), ('533100','德宏傣族景颇族自治州','530000','2',NULL,NULL,NULL,NULL,NULL,NULL,'-1'), ('533102','瑞丽市','533100','3',NULL,NULL,NULL,NULL,NULL,NULL,'-1'), ('533103','芒市','533100','3',NULL,NULL,NULL,NULL,NULL,NULL,'-1'), ('533122','梁河县','533100','3',NULL,NULL,NULL,NULL,NULL,NULL,'-1'), ('533123','盈江县','533100','3',NULL,NULL,NULL,NULL,NULL,NULL,'-1'), ('533124','陇川县','533100','3',NULL,NULL,NULL,NULL,NULL,NULL,'-1'), ('533300','怒江傈僳族自治州','530000','2',NULL,NULL,NULL,NULL,NULL,NULL,'-1'), ('533321','泸水县','533300','3',NULL,NULL,NULL,NULL,NULL,NULL,'-1'), ('533323','福贡县','533300','3',NULL,NULL,NULL,NULL,NULL,NULL,'-1'), ('533324','贡山独龙族怒族自治县','533300','3',NULL,NULL,NULL,NULL,NULL,NULL,'-1'), ('533325','兰坪白族普米族自治县','533300','3',NULL,NULL,NULL,NULL,NULL,NULL,'-1'), ('533400','迪庆藏族自治州','530000','2',NULL,NULL,NULL,NULL,NULL,NULL,'-1'), ('533421','香格里拉县','533400','3',NULL,NULL,NULL,NULL,NULL,NULL,'-1'), ('533422','德钦县','533400','3',NULL,NULL,NULL,NULL,NULL,NULL,'-1'), ('533423','维西傈僳族自治县','533400','3',NULL,NULL,NULL,NULL,NULL,NULL,'-1'), ('540000','西藏自治区','100000','1',NULL,NULL,NULL,NULL,NULL,NULL,'-1'), ('540100','拉萨市','540000','2',NULL,NULL,NULL,NULL,NULL,NULL,'-1'), ('540101','市辖区','540100','3',NULL,NULL,NULL,NULL,NULL,NULL,'-1'), ('540102','城关区','540100','3',NULL,NULL,NULL,NULL,NULL,NULL,'-1'), ('540121','林周县','540100','3',NULL,NULL,NULL,NULL,NULL,NULL,'-1'), ('540122','当雄县','540100','3',NULL,NULL,NULL,NULL,NULL,NULL,'-1'), ('540123','尼木县','540100','3',NULL,NULL,NULL,NULL,NULL,NULL,'-1'), ('540124','曲水县','540100','3',NULL,NULL,NULL,NULL,NULL,NULL,'-1'), ('540125','堆龙德庆县','540100','3',NULL,NULL,NULL,NULL,NULL,NULL,'-1'), ('540126','达孜县','540100','3',NULL,NULL,NULL,NULL,NULL,NULL,'-1'), ('540127','墨竹工卡县','540100','3',NULL,NULL,NULL,NULL,NULL,NULL,'-1'), ('542100','昌都地区','540000','2',NULL,NULL,NULL,NULL,NULL,NULL,'-1'), ('542121','昌都县','542100','3',NULL,NULL,NULL,NULL,NULL,NULL,'-1'), ('542122','江达县','542100','3',NULL,NULL,NULL,NULL,NULL,NULL,'-1');
INSERT INTO `t_data_area` VALUES ('542123','贡觉县','542100','3',NULL,NULL,NULL,NULL,NULL,NULL,'-1'), ('542124','类乌齐县','542100','3',NULL,NULL,NULL,NULL,NULL,NULL,'-1'), ('542125','丁青县','542100','3',NULL,NULL,NULL,NULL,NULL,NULL,'-1'), ('542126','察雅县','542100','3',NULL,NULL,NULL,NULL,NULL,NULL,'-1'), ('542127','八宿县','542100','3',NULL,NULL,NULL,NULL,NULL,NULL,'-1'), ('542128','左贡县','542100','3',NULL,NULL,NULL,NULL,NULL,NULL,'-1'), ('542129','芒康县','542100','3',NULL,NULL,NULL,NULL,NULL,NULL,'-1'), ('542132','洛隆县','542100','3',NULL,NULL,NULL,NULL,NULL,NULL,'-1'), ('542133','边坝县','542100','3',NULL,NULL,NULL,NULL,NULL,NULL,'-1'), ('542200','山南地区','540000','2',NULL,NULL,NULL,NULL,NULL,NULL,'-1'), ('542221','乃东县','542200','3',NULL,NULL,NULL,NULL,NULL,NULL,'-1'), ('542222','扎囊县','542200','3',NULL,NULL,NULL,NULL,NULL,NULL,'-1'), ('542223','贡嘎县','542200','3',NULL,NULL,NULL,NULL,NULL,NULL,'-1'), ('542224','桑日县','542200','3',NULL,NULL,NULL,NULL,NULL,NULL,'-1'), ('542225','琼结县','542200','3',NULL,NULL,NULL,NULL,NULL,NULL,'-1'), ('542226','曲松县','542200','3',NULL,NULL,NULL,NULL,NULL,NULL,'-1'), ('542227','措美县','542200','3',NULL,NULL,NULL,NULL,NULL,NULL,'-1'), ('542228','洛扎县','542200','3',NULL,NULL,NULL,NULL,NULL,NULL,'-1'), ('542229','加查县','542200','3',NULL,NULL,NULL,NULL,NULL,NULL,'-1'), ('542231','隆子县','542200','3',NULL,NULL,NULL,NULL,NULL,NULL,'-1'), ('542232','错那县','542200','3',NULL,NULL,NULL,NULL,NULL,NULL,'-1'), ('542233','浪卡子县','542200','3',NULL,NULL,NULL,NULL,NULL,NULL,'-1'), ('542300','日喀则地区','540000','2',NULL,NULL,NULL,NULL,NULL,NULL,'-1'), ('542301','日喀则市','542300','3',NULL,NULL,NULL,NULL,NULL,NULL,'-1'), ('542322','南木林县','542300','3',NULL,NULL,NULL,NULL,NULL,NULL,'-1'), ('542323','江孜县','542300','3',NULL,NULL,NULL,NULL,NULL,NULL,'-1'), ('542324','定日县','542300','3',NULL,NULL,NULL,NULL,NULL,NULL,'-1'), ('542325','萨迦县','542300','3',NULL,NULL,NULL,NULL,NULL,NULL,'-1'), ('542326','拉孜县','542300','3',NULL,NULL,NULL,NULL,NULL,NULL,'-1'), ('542327','昂仁县','542300','3',NULL,NULL,NULL,NULL,NULL,NULL,'-1'), ('542328','谢通门县','542300','3',NULL,NULL,NULL,NULL,NULL,NULL,'-1'), ('542329','白朗县','542300','3',NULL,NULL,NULL,NULL,NULL,NULL,'-1'), ('542330','仁布县','542300','3',NULL,NULL,NULL,NULL,NULL,NULL,'-1'), ('542331','康马县','542300','3',NULL,NULL,NULL,NULL,NULL,NULL,'-1'), ('542332','定结县','542300','3',NULL,NULL,NULL,NULL,NULL,NULL,'-1'), ('542333','仲巴县','542300','3',NULL,NULL,NULL,NULL,NULL,NULL,'-1'), ('542334','亚东县','542300','3',NULL,NULL,NULL,NULL,NULL,NULL,'-1'), ('542335','吉隆县','542300','3',NULL,NULL,NULL,NULL,NULL,NULL,'-1'), ('542336','聂拉木县','542300','3',NULL,NULL,NULL,NULL,NULL,NULL,'-1'), ('542337','萨嘎县','542300','3',NULL,NULL,NULL,NULL,NULL,NULL,'-1'), ('542338','岗巴县','542300','3',NULL,NULL,NULL,NULL,NULL,NULL,'-1'), ('542400','那曲地区','540000','2',NULL,NULL,NULL,NULL,NULL,NULL,'-1'), ('542421','那曲县','542400','3',NULL,NULL,NULL,NULL,NULL,NULL,'-1'), ('542422','嘉黎县','542400','3',NULL,NULL,NULL,NULL,NULL,NULL,'-1'), ('542423','比如县','542400','3',NULL,NULL,NULL,NULL,NULL,NULL,'-1'), ('542424','聂荣县','542400','3',NULL,NULL,NULL,NULL,NULL,NULL,'-1'), ('542425','安多县','542400','3',NULL,NULL,NULL,NULL,NULL,NULL,'-1'), ('542426','申扎县','542400','3',NULL,NULL,NULL,NULL,NULL,NULL,'-1'), ('542427','索县','542400','3',NULL,NULL,NULL,NULL,NULL,NULL,'-1'), ('542428','班戈县','542400','3',NULL,NULL,NULL,NULL,NULL,NULL,'-1'), ('542429','巴青县','542400','3',NULL,NULL,NULL,NULL,NULL,NULL,'-1'), ('542430','尼玛县','542400','3',NULL,NULL,NULL,NULL,NULL,NULL,'-1'), ('542500','阿里地区','540000','2',NULL,NULL,NULL,NULL,NULL,NULL,'-1'), ('542521','普兰县','542500','3',NULL,NULL,NULL,NULL,NULL,NULL,'-1'), ('542522','札达县','542500','3',NULL,NULL,NULL,NULL,NULL,NULL,'-1'), ('542523','噶尔县','542500','3',NULL,NULL,NULL,NULL,NULL,NULL,'-1'), ('542524','日土县','542500','3',NULL,NULL,NULL,NULL,NULL,NULL,'-1'), ('542525','革吉县','542500','3',NULL,NULL,NULL,NULL,NULL,NULL,'-1'), ('542526','改则县','542500','3',NULL,NULL,NULL,NULL,NULL,NULL,'-1'), ('542527','措勤县','542500','3',NULL,NULL,NULL,NULL,NULL,NULL,'-1'), ('542600','林芝地区','540000','2',NULL,NULL,NULL,NULL,NULL,NULL,'-1'), ('542621','林芝县','542600','3',NULL,NULL,NULL,NULL,NULL,NULL,'-1'), ('542622','工布江达县','542600','3',NULL,NULL,NULL,NULL,NULL,NULL,'-1'), ('542623','米林县','542600','3',NULL,NULL,NULL,NULL,NULL,NULL,'-1'), ('542624','墨脱县','542600','3',NULL,NULL,NULL,NULL,NULL,NULL,'-1'), ('542625','波密县','542600','3',NULL,NULL,NULL,NULL,NULL,NULL,'-1'), ('542626','察隅县','542600','3',NULL,NULL,NULL,NULL,NULL,NULL,'-1'), ('542627','朗县','542600','3',NULL,NULL,NULL,NULL,NULL,NULL,'-1'), ('610000','陕西省','100000','1',NULL,NULL,NULL,NULL,NULL,NULL,'-1'), ('610100','西安市','610000','2',NULL,NULL,NULL,NULL,NULL,NULL,'-1'), ('610101','市辖区','610100','3',NULL,NULL,NULL,NULL,NULL,NULL,'-1'), ('610102','新城区','610100','3',NULL,NULL,NULL,NULL,NULL,NULL,'-1'), ('610103','碑林区','610100','3',NULL,NULL,NULL,NULL,NULL,NULL,'-1'), ('610104','莲湖区','610100','3',NULL,NULL,NULL,NULL,NULL,NULL,'-1'), ('610111','灞桥区','610100','3',NULL,NULL,NULL,NULL,NULL,NULL,'-1'), ('610112','未央区','610100','3',NULL,NULL,NULL,NULL,NULL,NULL,'-1'), ('610113','雁塔区','610100','3',NULL,NULL,NULL,NULL,NULL,NULL,'-1'), ('610114','阎良区','610100','3',NULL,NULL,NULL,NULL,NULL,NULL,'-1'), ('610115','临潼区','610100','3',NULL,NULL,NULL,NULL,NULL,NULL,'-1'), ('610116','长安区','610100','3',NULL,NULL,NULL,NULL,NULL,NULL,'-1'), ('610122','蓝田县','610100','3',NULL,NULL,NULL,NULL,NULL,NULL,'-1'), ('610124','周至县','610100','3',NULL,NULL,NULL,NULL,NULL,NULL,'-1'), ('610125','户县','610100','3',NULL,NULL,NULL,NULL,NULL,NULL,'-1'), ('610126','高陵县','610100','3',NULL,NULL,NULL,NULL,NULL,NULL,'-1'), ('610200','铜川市','610000','2',NULL,NULL,NULL,NULL,NULL,NULL,'-1'), ('610201','市辖区','610200','3',NULL,NULL,NULL,NULL,NULL,NULL,'-1'), ('610202','王益区','610200','3',NULL,NULL,NULL,NULL,NULL,NULL,'-1'), ('610203','印台区','610200','3',NULL,NULL,NULL,NULL,NULL,NULL,'-1'), ('610204','耀州区','610200','3',NULL,NULL,NULL,NULL,NULL,NULL,'-1'), ('610222','宜君县','610200','3',NULL,NULL,NULL,NULL,NULL,NULL,'-1'), ('610300','宝鸡市','610000','2',NULL,NULL,NULL,NULL,NULL,NULL,'-1'), ('610301','市辖区','610300','3',NULL,NULL,NULL,NULL,NULL,NULL,'-1'), ('610302','渭滨区','610300','3',NULL,NULL,NULL,NULL,NULL,NULL,'-1'), ('610303','金台区','610300','3',NULL,NULL,NULL,NULL,NULL,NULL,'-1'), ('610304','陈仓区','610300','3',NULL,NULL,NULL,NULL,NULL,NULL,'-1'), ('610322','凤翔县','610300','3',NULL,NULL,NULL,NULL,NULL,NULL,'-1'), ('610323','岐山县','610300','3',NULL,NULL,NULL,NULL,NULL,NULL,'-1'), ('610324','扶风县','610300','3',NULL,NULL,NULL,NULL,NULL,NULL,'-1'), ('610326','眉县','610300','3',NULL,NULL,NULL,NULL,NULL,NULL,'-1'), ('610327','陇县','610300','3',NULL,NULL,NULL,NULL,NULL,NULL,'-1');
INSERT INTO `t_data_area` VALUES ('610328','千阳县','610300','3',NULL,NULL,NULL,NULL,NULL,NULL,'-1'), ('610329','麟游县','610300','3',NULL,NULL,NULL,NULL,NULL,NULL,'-1'), ('610330','凤县','610300','3',NULL,NULL,NULL,NULL,NULL,NULL,'-1'), ('610331','太白县','610300','3',NULL,NULL,NULL,NULL,NULL,NULL,'-1'), ('610400','咸阳市','610000','2',NULL,NULL,NULL,NULL,NULL,NULL,'-1'), ('610401','市辖区','610400','3',NULL,NULL,NULL,NULL,NULL,NULL,'-1'), ('610402','秦都区','610400','3',NULL,NULL,NULL,NULL,NULL,NULL,'-1'), ('610403','杨陵区','610400','3',NULL,NULL,NULL,NULL,NULL,NULL,'-1'), ('610404','渭城区','610400','3',NULL,NULL,NULL,NULL,NULL,NULL,'-1'), ('610422','三原县','610400','3',NULL,NULL,NULL,NULL,NULL,NULL,'-1'), ('610423','泾阳县','610400','3',NULL,NULL,NULL,NULL,NULL,NULL,'-1'), ('610424','乾县','610400','3',NULL,NULL,NULL,NULL,NULL,NULL,'-1'), ('610425','礼泉县','610400','3',NULL,NULL,NULL,NULL,NULL,NULL,'-1'), ('610426','永寿县','610400','3',NULL,NULL,NULL,NULL,NULL,NULL,'-1'), ('610427','彬县','610400','3',NULL,NULL,NULL,NULL,NULL,NULL,'-1'), ('610428','长武县','610400','3',NULL,NULL,NULL,NULL,NULL,NULL,'-1'), ('610429','旬邑县','610400','3',NULL,NULL,NULL,NULL,NULL,NULL,'-1'), ('610430','淳化县','610400','3',NULL,NULL,NULL,NULL,NULL,NULL,'-1'), ('610431','武功县','610400','3',NULL,NULL,NULL,NULL,NULL,NULL,'-1'), ('610481','兴平市','610400','3',NULL,NULL,NULL,NULL,NULL,NULL,'-1'), ('610500','渭南市','610000','2',NULL,NULL,NULL,NULL,NULL,NULL,'-1'), ('610501','市辖区','610500','3',NULL,NULL,NULL,NULL,NULL,NULL,'-1'), ('610502','临渭区','610500','3',NULL,NULL,NULL,NULL,NULL,NULL,'-1'), ('610521','华县','610500','3',NULL,NULL,NULL,NULL,NULL,NULL,'-1'), ('610522','潼关县','610500','3',NULL,NULL,NULL,NULL,NULL,NULL,'-1'), ('610523','大荔县','610500','3',NULL,NULL,NULL,NULL,NULL,NULL,'-1'), ('610524','合阳县','610500','3',NULL,NULL,NULL,NULL,NULL,NULL,'-1'), ('610525','澄城县','610500','3',NULL,NULL,NULL,NULL,NULL,NULL,'-1'), ('610526','蒲城县','610500','3',NULL,NULL,NULL,NULL,NULL,NULL,'-1'), ('610527','白水县','610500','3',NULL,NULL,NULL,NULL,NULL,NULL,'-1'), ('610528','富平县','610500','3',NULL,NULL,NULL,NULL,NULL,NULL,'-1'), ('610581','韩城市','610500','3',NULL,NULL,NULL,NULL,NULL,NULL,'-1'), ('610582','华阴市','610500','3',NULL,NULL,NULL,NULL,NULL,NULL,'-1'), ('610600','延安市','610000','2',NULL,NULL,NULL,NULL,NULL,NULL,'-1'), ('610601','市辖区','610600','3',NULL,NULL,NULL,NULL,NULL,NULL,'-1'), ('610602','宝塔区','610600','3',NULL,NULL,NULL,NULL,NULL,NULL,'-1'), ('610621','延长县','610600','3',NULL,NULL,NULL,NULL,NULL,NULL,'-1'), ('610622','延川县','610600','3',NULL,NULL,NULL,NULL,NULL,NULL,'-1'), ('610623','子长县','610600','3',NULL,NULL,NULL,NULL,NULL,NULL,'-1'), ('610624','安塞县','610600','3',NULL,NULL,NULL,NULL,NULL,NULL,'-1'), ('610625','志丹县','610600','3',NULL,NULL,NULL,NULL,NULL,NULL,'-1'), ('610626','吴起县','610600','3',NULL,NULL,NULL,NULL,NULL,NULL,'-1'), ('610627','甘泉县','610600','3',NULL,NULL,NULL,NULL,NULL,NULL,'-1'), ('610628','富县','610600','3',NULL,NULL,NULL,NULL,NULL,NULL,'-1'), ('610629','洛川县','610600','3',NULL,NULL,NULL,NULL,NULL,NULL,'-1'), ('610630','宜川县','610600','3',NULL,NULL,NULL,NULL,NULL,NULL,'-1'), ('610631','黄龙县','610600','3',NULL,NULL,NULL,NULL,NULL,NULL,'-1'), ('610632','黄陵县','610600','3',NULL,NULL,NULL,NULL,NULL,NULL,'-1'), ('610700','汉中市','610000','2',NULL,NULL,NULL,NULL,NULL,NULL,'-1'), ('610701','市辖区','610700','3',NULL,NULL,NULL,NULL,NULL,NULL,'-1'), ('610702','汉台区','610700','3',NULL,NULL,NULL,NULL,NULL,NULL,'-1'), ('610721','南郑县','610700','3',NULL,NULL,NULL,NULL,NULL,NULL,'-1'), ('610722','城固县','610700','3',NULL,NULL,NULL,NULL,NULL,NULL,'-1'), ('610723','洋县','610700','3',NULL,NULL,NULL,NULL,NULL,NULL,'-1'), ('610724','西乡县','610700','3',NULL,NULL,NULL,NULL,NULL,NULL,'-1'), ('610725','勉县','610700','3',NULL,NULL,NULL,NULL,NULL,NULL,'-1'), ('610726','宁强县','610700','3',NULL,NULL,NULL,NULL,NULL,NULL,'-1'), ('610727','略阳县','610700','3',NULL,NULL,NULL,NULL,NULL,NULL,'-1'), ('610728','镇巴县','610700','3',NULL,NULL,NULL,NULL,NULL,NULL,'-1'), ('610729','留坝县','610700','3',NULL,NULL,NULL,NULL,NULL,NULL,'-1'), ('610730','佛坪县','610700','3',NULL,NULL,NULL,NULL,NULL,NULL,'-1'), ('610800','榆林市','610000','2',NULL,NULL,NULL,NULL,NULL,NULL,'-1'), ('610801','市辖区','610800','3',NULL,NULL,NULL,NULL,NULL,NULL,'-1'), ('610802','榆阳区','610800','3',NULL,NULL,NULL,NULL,NULL,NULL,'-1'), ('610821','神木县','610800','3',NULL,NULL,NULL,NULL,NULL,NULL,'-1'), ('610822','府谷县','610800','3',NULL,NULL,NULL,NULL,NULL,NULL,'-1'), ('610823','横山县','610800','3',NULL,NULL,NULL,NULL,NULL,NULL,'-1'), ('610824','靖边县','610800','3',NULL,NULL,NULL,NULL,NULL,NULL,'-1'), ('610825','定边县','610800','3',NULL,NULL,NULL,NULL,NULL,NULL,'-1'), ('610826','绥德县','610800','3',NULL,NULL,NULL,NULL,NULL,NULL,'-1'), ('610827','米脂县','610800','3',NULL,NULL,NULL,NULL,NULL,NULL,'-1'), ('610828','佳县','610800','3',NULL,NULL,NULL,NULL,NULL,NULL,'-1'), ('610829','吴堡县','610800','3',NULL,NULL,NULL,NULL,NULL,NULL,'-1'), ('610830','清涧县','610800','3',NULL,NULL,NULL,NULL,NULL,NULL,'-1'), ('610831','子洲县','610800','3',NULL,NULL,NULL,NULL,NULL,NULL,'-1'), ('610900','安康市','610000','2',NULL,NULL,NULL,NULL,NULL,NULL,'-1'), ('610901','市辖区','610900','3',NULL,NULL,NULL,NULL,NULL,NULL,'-1'), ('610902','汉滨区','610900','3',NULL,NULL,NULL,NULL,NULL,NULL,'-1'), ('610921','汉阴县','610900','3',NULL,NULL,NULL,NULL,NULL,NULL,'-1'), ('610922','石泉县','610900','3',NULL,NULL,NULL,NULL,NULL,NULL,'-1'), ('610923','宁陕县','610900','3',NULL,NULL,NULL,NULL,NULL,NULL,'-1'), ('610924','紫阳县','610900','3',NULL,NULL,NULL,NULL,NULL,NULL,'-1'), ('610925','岚皋县','610900','3',NULL,NULL,NULL,NULL,NULL,NULL,'-1'), ('610926','平利县','610900','3',NULL,NULL,NULL,NULL,NULL,NULL,'-1'), ('610927','镇坪县','610900','3',NULL,NULL,NULL,NULL,NULL,NULL,'-1'), ('610928','旬阳县','610900','3',NULL,NULL,NULL,NULL,NULL,NULL,'-1'), ('610929','白河县','610900','3',NULL,NULL,NULL,NULL,NULL,NULL,'-1'), ('611000','商洛市','610000','2',NULL,NULL,NULL,NULL,NULL,NULL,'-1'), ('611001','市辖区','611000','3',NULL,NULL,NULL,NULL,NULL,NULL,'-1'), ('611002','商州区','611000','3',NULL,NULL,NULL,NULL,NULL,NULL,'-1'), ('611021','洛南县','611000','3',NULL,NULL,NULL,NULL,NULL,NULL,'-1'), ('611022','丹凤县','611000','3',NULL,NULL,NULL,NULL,NULL,NULL,'-1'), ('611023','商南县','611000','3',NULL,NULL,NULL,NULL,NULL,NULL,'-1'), ('611024','山阳县','611000','3',NULL,NULL,NULL,NULL,NULL,NULL,'-1'), ('611025','镇安县','611000','3',NULL,NULL,NULL,NULL,NULL,NULL,'-1'), ('611026','柞水县','611000','3',NULL,NULL,NULL,NULL,NULL,NULL,'-1'), ('620000','甘肃省','100000','1',NULL,NULL,NULL,NULL,NULL,NULL,'-1'), ('620100','兰州市','620000','2',NULL,NULL,NULL,NULL,NULL,NULL,'-1'), ('620101','市辖区','620100','3',NULL,NULL,NULL,NULL,NULL,NULL,'-1'), ('620102','城关区','620100','3',NULL,NULL,NULL,NULL,NULL,NULL,'-1');
INSERT INTO `t_data_area` VALUES ('620103','七里河区','620100','3',NULL,NULL,NULL,NULL,NULL,NULL,'-1'), ('620104','西固区','620100','3',NULL,NULL,NULL,NULL,NULL,NULL,'-1'), ('620105','安宁区','620100','3',NULL,NULL,NULL,NULL,NULL,NULL,'-1'), ('620111','红古区','620100','3',NULL,NULL,NULL,NULL,NULL,NULL,'-1'), ('620121','永登县','620100','3',NULL,NULL,NULL,NULL,NULL,NULL,'-1'), ('620122','皋兰县','620100','3',NULL,NULL,NULL,NULL,NULL,NULL,'-1'), ('620123','榆中县','620100','3',NULL,NULL,NULL,NULL,NULL,NULL,'-1'), ('620200','嘉峪关市','620000','2',NULL,NULL,NULL,NULL,NULL,NULL,'-1'), ('620201','市辖区','620200','3',NULL,NULL,NULL,NULL,NULL,NULL,'-1'), ('620300','金昌市','620000','2',NULL,NULL,NULL,NULL,NULL,NULL,'-1'), ('620301','市辖区','620300','3',NULL,NULL,NULL,NULL,NULL,NULL,'-1'), ('620302','金川区','620300','3',NULL,NULL,NULL,NULL,NULL,NULL,'-1'), ('620321','永昌县','620300','3',NULL,NULL,NULL,NULL,NULL,NULL,'-1'), ('620400','白银市','620000','2',NULL,NULL,NULL,NULL,NULL,NULL,'-1'), ('620401','市辖区','620400','3',NULL,NULL,NULL,NULL,NULL,NULL,'-1'), ('620402','白银区','620400','3',NULL,NULL,NULL,NULL,NULL,NULL,'-1'), ('620403','平川区','620400','3',NULL,NULL,NULL,NULL,NULL,NULL,'-1'), ('620421','靖远县','620400','3',NULL,NULL,NULL,NULL,NULL,NULL,'-1'), ('620422','会宁县','620400','3',NULL,NULL,NULL,NULL,NULL,NULL,'-1'), ('620423','景泰县','620400','3',NULL,NULL,NULL,NULL,NULL,NULL,'-1'), ('620500','天水市','620000','2',NULL,NULL,NULL,NULL,NULL,NULL,'-1'), ('620501','市辖区','620500','3',NULL,NULL,NULL,NULL,NULL,NULL,'-1'), ('620502','秦州区','620500','3',NULL,NULL,NULL,NULL,NULL,NULL,'-1'), ('620503','麦积区','620500','3',NULL,NULL,NULL,NULL,NULL,NULL,'-1'), ('620521','清水县','620500','3',NULL,NULL,NULL,NULL,NULL,NULL,'-1'), ('620522','秦安县','620500','3',NULL,NULL,NULL,NULL,NULL,NULL,'-1'), ('620523','甘谷县','620500','3',NULL,NULL,NULL,NULL,NULL,NULL,'-1'), ('620524','武山县','620500','3',NULL,NULL,NULL,NULL,NULL,NULL,'-1'), ('620525','张家川回族自治县','620500','3',NULL,NULL,NULL,NULL,NULL,NULL,'-1'), ('620600','武威市','620000','2',NULL,NULL,NULL,NULL,NULL,NULL,'-1'), ('620601','市辖区','620600','3',NULL,NULL,NULL,NULL,NULL,NULL,'-1'), ('620602','凉州区','620600','3',NULL,NULL,NULL,NULL,NULL,NULL,'-1'), ('620621','民勤县','620600','3',NULL,NULL,NULL,NULL,NULL,NULL,'-1'), ('620622','古浪县','620600','3',NULL,NULL,NULL,NULL,NULL,NULL,'-1'), ('620623','天祝藏族自治县','620600','3',NULL,NULL,NULL,NULL,NULL,NULL,'-1'), ('620700','张掖市','620000','2',NULL,NULL,NULL,NULL,NULL,NULL,'-1'), ('620701','市辖区','620700','3',NULL,NULL,NULL,NULL,NULL,NULL,'-1'), ('620702','甘州区','620700','3',NULL,NULL,NULL,NULL,NULL,NULL,'-1'), ('620721','肃南裕固族自治县','620700','3',NULL,NULL,NULL,NULL,NULL,NULL,'-1'), ('620722','民乐县','620700','3',NULL,NULL,NULL,NULL,NULL,NULL,'-1'), ('620723','临泽县','620700','3',NULL,NULL,NULL,NULL,NULL,NULL,'-1'), ('620724','高台县','620700','3',NULL,NULL,NULL,NULL,NULL,NULL,'-1'), ('620725','山丹县','620700','3',NULL,NULL,NULL,NULL,NULL,NULL,'-1'), ('620800','平凉市','620000','2',NULL,NULL,NULL,NULL,NULL,NULL,'-1'), ('620801','市辖区','620800','3',NULL,NULL,NULL,NULL,NULL,NULL,'-1'), ('620802','崆峒区','620800','3',NULL,NULL,NULL,NULL,NULL,NULL,'-1'), ('620821','泾川县','620800','3',NULL,NULL,NULL,NULL,NULL,NULL,'-1'), ('620822','灵台县','620800','3',NULL,NULL,NULL,NULL,NULL,NULL,'-1'), ('620823','崇信县','620800','3',NULL,NULL,NULL,NULL,NULL,NULL,'-1'), ('620824','华亭县','620800','3',NULL,NULL,NULL,NULL,NULL,NULL,'-1'), ('620825','庄浪县','620800','3',NULL,NULL,NULL,NULL,NULL,NULL,'-1'), ('620826','静宁县','620800','3',NULL,NULL,NULL,NULL,NULL,NULL,'-1'), ('620900','酒泉市','620000','2',NULL,NULL,NULL,NULL,NULL,NULL,'-1'), ('620901','市辖区','620900','3',NULL,NULL,NULL,NULL,NULL,NULL,'-1'), ('620902','肃州区','620900','3',NULL,NULL,NULL,NULL,NULL,NULL,'-1'), ('620921','金塔县','620900','3',NULL,NULL,NULL,NULL,NULL,NULL,'-1'), ('620922','瓜州县','620900','3',NULL,NULL,NULL,NULL,NULL,NULL,'-1'), ('620923','肃北蒙古族自治县','620900','3',NULL,NULL,NULL,NULL,NULL,NULL,'-1'), ('620924','阿克塞哈萨克族自治县','620900','3',NULL,NULL,NULL,NULL,NULL,NULL,'-1'), ('620981','玉门市','620900','3',NULL,NULL,NULL,NULL,NULL,NULL,'-1'), ('620982','敦煌市','620900','3',NULL,NULL,NULL,NULL,NULL,NULL,'-1'), ('621000','庆阳市','620000','2',NULL,NULL,NULL,NULL,NULL,NULL,'-1'), ('621001','市辖区','621000','3',NULL,NULL,NULL,NULL,NULL,NULL,'-1'), ('621002','西峰区','621000','3',NULL,NULL,NULL,NULL,NULL,NULL,'-1'), ('621021','庆城县','621000','3',NULL,NULL,NULL,NULL,NULL,NULL,'-1'), ('621022','环县','621000','3',NULL,NULL,NULL,NULL,NULL,NULL,'-1'), ('621023','华池县','621000','3',NULL,NULL,NULL,NULL,NULL,NULL,'-1'), ('621024','合水县','621000','3',NULL,NULL,NULL,NULL,NULL,NULL,'-1'), ('621025','正宁县','621000','3',NULL,NULL,NULL,NULL,NULL,NULL,'-1'), ('621026','宁县','621000','3',NULL,NULL,NULL,NULL,NULL,NULL,'-1'), ('621027','镇原县','621000','3',NULL,NULL,NULL,NULL,NULL,NULL,'-1'), ('621100','定西市','620000','2',NULL,NULL,NULL,NULL,NULL,NULL,'-1'), ('621101','市辖区','621100','3',NULL,NULL,NULL,NULL,NULL,NULL,'-1'), ('621102','安定区','621100','3',NULL,NULL,NULL,NULL,NULL,NULL,'-1'), ('621121','通渭县','621100','3',NULL,NULL,NULL,NULL,NULL,NULL,'-1'), ('621122','陇西县','621100','3',NULL,NULL,NULL,NULL,NULL,NULL,'-1'), ('621123','渭源县','621100','3',NULL,NULL,NULL,NULL,NULL,NULL,'-1'), ('621124','临洮县','621100','3',NULL,NULL,NULL,NULL,NULL,NULL,'-1'), ('621125','漳县','621100','3',NULL,NULL,NULL,NULL,NULL,NULL,'-1'), ('621126','岷县','621100','3',NULL,NULL,NULL,NULL,NULL,NULL,'-1'), ('621200','陇南市','620000','2',NULL,NULL,NULL,NULL,NULL,NULL,'-1'), ('621201','市辖区','621200','3',NULL,NULL,NULL,NULL,NULL,NULL,'-1'), ('621202','武都区','621200','3',NULL,NULL,NULL,NULL,NULL,NULL,'-1'), ('621221','成县','621200','3',NULL,NULL,NULL,NULL,NULL,NULL,'-1'), ('621222','文县','621200','3',NULL,NULL,NULL,NULL,NULL,NULL,'-1'), ('621223','宕昌县','621200','3',NULL,NULL,NULL,NULL,NULL,NULL,'-1'), ('621224','康县','621200','3',NULL,NULL,NULL,NULL,NULL,NULL,'-1'), ('621225','西和县','621200','3',NULL,NULL,NULL,NULL,NULL,NULL,'-1'), ('621226','礼县','621200','3',NULL,NULL,NULL,NULL,NULL,NULL,'-1'), ('621227','徽县','621200','3',NULL,NULL,NULL,NULL,NULL,NULL,'-1'), ('621228','两当县','621200','3',NULL,NULL,NULL,NULL,NULL,NULL,'-1'), ('622900','临夏回族自治州','620000','2',NULL,NULL,NULL,NULL,NULL,NULL,'-1'), ('622901','临夏市','622900','3',NULL,NULL,NULL,NULL,NULL,NULL,'-1'), ('622921','临夏县','622900','3',NULL,NULL,NULL,NULL,NULL,NULL,'-1'), ('622922','康乐县','622900','3',NULL,NULL,NULL,NULL,NULL,NULL,'-1'), ('622923','永靖县','622900','3',NULL,NULL,NULL,NULL,NULL,NULL,'-1'), ('622924','广河县','622900','3',NULL,NULL,NULL,NULL,NULL,NULL,'-1'), ('622925','和政县','622900','3',NULL,NULL,NULL,NULL,NULL,NULL,'-1'), ('622926','东乡族自治县','622900','3',NULL,NULL,NULL,NULL,NULL,NULL,'-1'), ('622927','积石山保安族东乡族撒拉族自治县','622900','3',NULL,NULL,NULL,NULL,NULL,NULL,'-1');
INSERT INTO `t_data_area` VALUES ('623000','甘南藏族自治州','620000','2',NULL,NULL,NULL,NULL,NULL,NULL,'-1'), ('623001','合作市','623000','3',NULL,NULL,NULL,NULL,NULL,NULL,'-1'), ('623021','临潭县','623000','3',NULL,NULL,NULL,NULL,NULL,NULL,'-1'), ('623022','卓尼县','623000','3',NULL,NULL,NULL,NULL,NULL,NULL,'-1'), ('623023','舟曲县','623000','3',NULL,NULL,NULL,NULL,NULL,NULL,'-1'), ('623024','迭部县','623000','3',NULL,NULL,NULL,NULL,NULL,NULL,'-1'), ('623025','玛曲县','623000','3',NULL,NULL,NULL,NULL,NULL,NULL,'-1'), ('623026','碌曲县','623000','3',NULL,NULL,NULL,NULL,NULL,NULL,'-1'), ('623027','夏河县','623000','3',NULL,NULL,NULL,NULL,NULL,NULL,'-1'), ('630000','青海省','100000','1',NULL,NULL,NULL,NULL,NULL,NULL,'-1'), ('630100','西宁市','630000','2',NULL,NULL,NULL,NULL,NULL,NULL,'-1'), ('630101','市辖区','630100','3',NULL,NULL,NULL,NULL,NULL,NULL,'-1'), ('630102','城东区','630100','3',NULL,NULL,NULL,NULL,NULL,NULL,'-1'), ('630103','城中区','630100','3',NULL,NULL,NULL,NULL,NULL,NULL,'-1'), ('630104','城西区','630100','3',NULL,NULL,NULL,NULL,NULL,NULL,'-1'), ('630105','城北区','630100','3',NULL,NULL,NULL,NULL,NULL,NULL,'-1'), ('630121','大通回族土族自治县','630100','3',NULL,NULL,NULL,NULL,NULL,NULL,'-1'), ('630122','湟中县','630100','3',NULL,NULL,NULL,NULL,NULL,NULL,'-1'), ('630123','湟源县','630100','3',NULL,NULL,NULL,NULL,NULL,NULL,'-1'), ('632100','海东地区','630000','2',NULL,NULL,NULL,NULL,NULL,NULL,'-1'), ('632121','平安县','632100','3',NULL,NULL,NULL,NULL,NULL,NULL,'-1'), ('632122','民和回族土族自治县','632100','3',NULL,NULL,NULL,NULL,NULL,NULL,'-1'), ('632123','乐都县','632100','3',NULL,NULL,NULL,NULL,NULL,NULL,'-1'), ('632126','互助土族自治县','632100','3',NULL,NULL,NULL,NULL,NULL,NULL,'-1'), ('632127','化隆回族自治县','632100','3',NULL,NULL,NULL,NULL,NULL,NULL,'-1'), ('632128','循化撒拉族自治县','632100','3',NULL,NULL,NULL,NULL,NULL,NULL,'-1'), ('632200','海北藏族自治州','630000','2',NULL,NULL,NULL,NULL,NULL,NULL,'-1'), ('632221','门源回族自治县','632200','3',NULL,NULL,NULL,NULL,NULL,NULL,'-1'), ('632222','祁连县','632200','3',NULL,NULL,NULL,NULL,NULL,NULL,'-1'), ('632223','海晏县','632200','3',NULL,NULL,NULL,NULL,NULL,NULL,'-1'), ('632224','刚察县','632200','3',NULL,NULL,NULL,NULL,NULL,NULL,'-1'), ('632300','黄南藏族自治州','630000','2',NULL,NULL,NULL,NULL,NULL,NULL,'-1'), ('632321','同仁县','632300','3',NULL,NULL,NULL,NULL,NULL,NULL,'-1'), ('632322','尖扎县','632300','3',NULL,NULL,NULL,NULL,NULL,NULL,'-1'), ('632323','泽库县','632300','3',NULL,NULL,NULL,NULL,NULL,NULL,'-1'), ('632324','河南蒙古族自治县','632300','3',NULL,NULL,NULL,NULL,NULL,NULL,'-1'), ('632500','海南藏族自治州','630000','2',NULL,NULL,NULL,NULL,NULL,NULL,'-1'), ('632521','共和县','632500','3',NULL,NULL,NULL,NULL,NULL,NULL,'-1'), ('632522','同德县','632500','3',NULL,NULL,NULL,NULL,NULL,NULL,'-1'), ('632523','贵德县','632500','3',NULL,NULL,NULL,NULL,NULL,NULL,'-1'), ('632524','兴海县','632500','3',NULL,NULL,NULL,NULL,NULL,NULL,'-1'), ('632525','贵南县','632500','3',NULL,NULL,NULL,NULL,NULL,NULL,'-1'), ('632600','果洛藏族自治州','630000','2',NULL,NULL,NULL,NULL,NULL,NULL,'-1'), ('632621','玛沁县','632600','3',NULL,NULL,NULL,NULL,NULL,NULL,'-1'), ('632622','班玛县','632600','3',NULL,NULL,NULL,NULL,NULL,NULL,'-1'), ('632623','甘德县','632600','3',NULL,NULL,NULL,NULL,NULL,NULL,'-1'), ('632624','达日县','632600','3',NULL,NULL,NULL,NULL,NULL,NULL,'-1'), ('632625','久治县','632600','3',NULL,NULL,NULL,NULL,NULL,NULL,'-1'), ('632626','玛多县','632600','3',NULL,NULL,NULL,NULL,NULL,NULL,'-1'), ('632700','玉树藏族自治州','630000','2',NULL,NULL,NULL,NULL,NULL,NULL,'-1'), ('632721','玉树县','632700','3',NULL,NULL,NULL,NULL,NULL,NULL,'-1'), ('632722','杂多县','632700','3',NULL,NULL,NULL,NULL,NULL,NULL,'-1'), ('632723','称多县','632700','3',NULL,NULL,NULL,NULL,NULL,NULL,'-1'), ('632724','治多县','632700','3',NULL,NULL,NULL,NULL,NULL,NULL,'-1'), ('632725','囊谦县','632700','3',NULL,NULL,NULL,NULL,NULL,NULL,'-1'), ('632726','曲麻莱县','632700','3',NULL,NULL,NULL,NULL,NULL,NULL,'-1'), ('632800','海西蒙古族藏族自治州','630000','2',NULL,NULL,NULL,NULL,NULL,NULL,'-1'), ('632801','格尔木市','632800','3',NULL,NULL,NULL,NULL,NULL,NULL,'-1'), ('632802','德令哈市','632800','3',NULL,NULL,NULL,NULL,NULL,NULL,'-1'), ('632821','乌兰县','632800','3',NULL,NULL,NULL,NULL,NULL,NULL,'-1'), ('632822','都兰县','632800','3',NULL,NULL,NULL,NULL,NULL,NULL,'-1'), ('632823','天峻县','632800','3',NULL,NULL,NULL,NULL,NULL,NULL,'-1'), ('640000','宁夏回族自治区','100000','1',NULL,NULL,NULL,NULL,NULL,NULL,'-1'), ('640100','银川市','640000','2',NULL,NULL,NULL,NULL,NULL,NULL,'-1'), ('640101','市辖区','640100','3',NULL,NULL,NULL,NULL,NULL,NULL,'-1'), ('640104','兴庆区','640100','3',NULL,NULL,NULL,NULL,NULL,NULL,'-1'), ('640105','西夏区','640100','3',NULL,NULL,NULL,NULL,NULL,NULL,'-1'), ('640106','金凤区','640100','3',NULL,NULL,NULL,NULL,NULL,NULL,'-1'), ('640121','永宁县','640100','3',NULL,NULL,NULL,NULL,NULL,NULL,'-1'), ('640122','贺兰县','640100','3',NULL,NULL,NULL,NULL,NULL,NULL,'-1'), ('640181','灵武市','640100','3',NULL,NULL,NULL,NULL,NULL,NULL,'-1'), ('640200','石嘴山市','640000','2',NULL,NULL,NULL,NULL,NULL,NULL,'-1'), ('640201','市辖区','640200','3',NULL,NULL,NULL,NULL,NULL,NULL,'-1'), ('640202','大武口区','640200','3',NULL,NULL,NULL,NULL,NULL,NULL,'-1'), ('640205','惠农区','640200','3',NULL,NULL,NULL,NULL,NULL,NULL,'-1'), ('640221','平罗县','640200','3',NULL,NULL,NULL,NULL,NULL,NULL,'-1'), ('640300','吴忠市','640000','2',NULL,NULL,NULL,NULL,NULL,NULL,'-1'), ('640301','市辖区','640300','3',NULL,NULL,NULL,NULL,NULL,NULL,'-1'), ('640302','利通区','640300','3',NULL,NULL,NULL,NULL,NULL,NULL,'-1'), ('640303','红寺堡区','640300','3',NULL,NULL,NULL,NULL,NULL,NULL,'-1'), ('640323','盐池县','640300','3',NULL,NULL,NULL,NULL,NULL,NULL,'-1'), ('640324','同心县','640300','3',NULL,NULL,NULL,NULL,NULL,NULL,'-1'), ('640381','青铜峡市','640300','3',NULL,NULL,NULL,NULL,NULL,NULL,'-1'), ('640400','固原市','640000','2',NULL,NULL,NULL,NULL,NULL,NULL,'-1'), ('640401','市辖区','640400','3',NULL,NULL,NULL,NULL,NULL,NULL,'-1'), ('640402','原州区','640400','3',NULL,NULL,NULL,NULL,NULL,NULL,'-1'), ('640422','西吉县','640400','3',NULL,NULL,NULL,NULL,NULL,NULL,'-1'), ('640423','隆德县','640400','3',NULL,NULL,NULL,NULL,NULL,NULL,'-1'), ('640424','泾源县','640400','3',NULL,NULL,NULL,NULL,NULL,NULL,'-1'), ('640425','彭阳县','640400','3',NULL,NULL,NULL,NULL,NULL,NULL,'-1'), ('640500','中卫市','640000','2',NULL,NULL,NULL,NULL,NULL,NULL,'-1'), ('640501','市辖区','640500','3',NULL,NULL,NULL,NULL,NULL,NULL,'-1'), ('640502','沙坡头区','640500','3',NULL,NULL,NULL,NULL,NULL,NULL,'-1'), ('640521','中宁县','640500','3',NULL,NULL,NULL,NULL,NULL,NULL,'-1'), ('640522','海原县','640500','3',NULL,NULL,NULL,NULL,NULL,NULL,'-1'), ('650000','新疆维吾尔自治区','100000','1',NULL,NULL,NULL,NULL,NULL,NULL,'-1'), ('650100','乌鲁木齐市','650000','2',NULL,NULL,NULL,NULL,NULL,NULL,'-1'), ('650101','市辖区','650100','3',NULL,NULL,NULL,NULL,NULL,NULL,'-1'), ('650102','天山区','650100','3',NULL,NULL,NULL,NULL,NULL,NULL,'-1'), ('650103','沙依巴克区','650100','3',NULL,NULL,NULL,NULL,NULL,NULL,'-1');
INSERT INTO `t_data_area` VALUES ('650104','新市区','650100','3',NULL,NULL,NULL,NULL,NULL,NULL,'-1'), ('650105','水磨沟区','650100','3',NULL,NULL,NULL,NULL,NULL,NULL,'-1'), ('650106','头屯河区','650100','3',NULL,NULL,NULL,NULL,NULL,NULL,'-1'), ('650107','达坂城区','650100','3',NULL,NULL,NULL,NULL,NULL,NULL,'-1'), ('650109','米东区','650100','3',NULL,NULL,NULL,NULL,NULL,NULL,'-1'), ('650121','乌鲁木齐县','650100','3',NULL,NULL,NULL,NULL,NULL,NULL,'-1'), ('650200','克拉玛依市','650000','2',NULL,NULL,NULL,NULL,NULL,NULL,'-1'), ('650201','市辖区','650200','3',NULL,NULL,NULL,NULL,NULL,NULL,'-1'), ('650202','独山子区','650200','3',NULL,NULL,NULL,NULL,NULL,NULL,'-1'), ('650203','克拉玛依区','650200','3',NULL,NULL,NULL,NULL,NULL,NULL,'-1'), ('650204','白碱滩区','650200','3',NULL,NULL,NULL,NULL,NULL,NULL,'-1'), ('650205','乌尔禾区','650200','3',NULL,NULL,NULL,NULL,NULL,NULL,'-1'), ('652100','吐鲁番地区','650000','2',NULL,NULL,NULL,NULL,NULL,NULL,'-1'), ('652101','吐鲁番市','652100','3',NULL,NULL,NULL,NULL,NULL,NULL,'-1'), ('652122','鄯善县','652100','3',NULL,NULL,NULL,NULL,NULL,NULL,'-1'), ('652123','托克逊县','652100','3',NULL,NULL,NULL,NULL,NULL,NULL,'-1'), ('652200','哈密地区','650000','2',NULL,NULL,NULL,NULL,NULL,NULL,'-1'), ('652201','哈密市','652200','3',NULL,NULL,NULL,NULL,NULL,NULL,'-1'), ('652222','巴里坤哈萨克自治县','652200','3',NULL,NULL,NULL,NULL,NULL,NULL,'-1'), ('652223','伊吾县','652200','3',NULL,NULL,NULL,NULL,NULL,NULL,'-1'), ('652300','昌吉回族自治州','650000','2',NULL,NULL,NULL,NULL,NULL,NULL,'-1'), ('652301','昌吉市','652300','3',NULL,NULL,NULL,NULL,NULL,NULL,'-1'), ('652302','阜康市','652300','3',NULL,NULL,NULL,NULL,NULL,NULL,'-1'), ('652323','呼图壁县','652300','3',NULL,NULL,NULL,NULL,NULL,NULL,'-1'), ('652324','玛纳斯县','652300','3',NULL,NULL,NULL,NULL,NULL,NULL,'-1'), ('652325','奇台县','652300','3',NULL,NULL,NULL,NULL,NULL,NULL,'-1'), ('652327','吉木萨尔县','652300','3',NULL,NULL,NULL,NULL,NULL,NULL,'-1'), ('652328','木垒哈萨克自治县','652300','3',NULL,NULL,NULL,NULL,NULL,NULL,'-1'), ('652700','博尔塔拉蒙古自治州','650000','2',NULL,NULL,NULL,NULL,NULL,NULL,'-1'), ('652701','博乐市','652700','3',NULL,NULL,NULL,NULL,NULL,NULL,'-1'), ('652722','精河县','652700','3',NULL,NULL,NULL,NULL,NULL,NULL,'-1'), ('652723','温泉县','652700','3',NULL,NULL,NULL,NULL,NULL,NULL,'-1'), ('652800','巴音郭楞蒙古自治州','650000','2',NULL,NULL,NULL,NULL,NULL,NULL,'-1'), ('652801','库尔勒市','652800','3',NULL,NULL,NULL,NULL,NULL,NULL,'-1'), ('652822','轮台县','652800','3',NULL,NULL,NULL,NULL,NULL,NULL,'-1'), ('652823','尉犁县','652800','3',NULL,NULL,NULL,NULL,NULL,NULL,'-1'), ('652824','若羌县','652800','3',NULL,NULL,NULL,NULL,NULL,NULL,'-1'), ('652825','且末县','652800','3',NULL,NULL,NULL,NULL,NULL,NULL,'-1'), ('652826','焉耆回族自治县','652800','3',NULL,NULL,NULL,NULL,NULL,NULL,'-1'), ('652827','和静县','652800','3',NULL,NULL,NULL,NULL,NULL,NULL,'-1'), ('652828','和硕县','652800','3',NULL,NULL,NULL,NULL,NULL,NULL,'-1'), ('652829','博湖县','652800','3',NULL,NULL,NULL,NULL,NULL,NULL,'-1'), ('652900','阿克苏地区','650000','2',NULL,NULL,NULL,NULL,NULL,NULL,'-1'), ('652901','阿克苏市','652900','3',NULL,NULL,NULL,NULL,NULL,NULL,'-1'), ('652922','温宿县','652900','3',NULL,NULL,NULL,NULL,NULL,NULL,'-1'), ('652923','库车县','652900','3',NULL,NULL,NULL,NULL,NULL,NULL,'-1'), ('652924','沙雅县','652900','3',NULL,NULL,NULL,NULL,NULL,NULL,'-1'), ('652925','新和县','652900','3',NULL,NULL,NULL,NULL,NULL,NULL,'-1'), ('652926','拜城县','652900','3',NULL,NULL,NULL,NULL,NULL,NULL,'-1'), ('652927','乌什县','652900','3',NULL,NULL,NULL,NULL,NULL,NULL,'-1'), ('652928','阿瓦提县','652900','3',NULL,NULL,NULL,NULL,NULL,NULL,'-1'), ('652929','柯坪县','652900','3',NULL,NULL,NULL,NULL,NULL,NULL,'-1'), ('653000','克孜勒苏柯尔克孜自治州','650000','2',NULL,NULL,NULL,NULL,NULL,NULL,'-1'), ('653001','阿图什市','653000','3',NULL,NULL,NULL,NULL,NULL,NULL,'-1'), ('653022','阿克陶县','653000','3',NULL,NULL,NULL,NULL,NULL,NULL,'-1'), ('653023','阿合奇县','653000','3',NULL,NULL,NULL,NULL,NULL,NULL,'-1'), ('653024','乌恰县','653000','3',NULL,NULL,NULL,NULL,NULL,NULL,'-1'), ('653100','喀什地区','650000','2',NULL,NULL,NULL,NULL,NULL,NULL,'-1'), ('653101','喀什市','653100','3',NULL,NULL,NULL,NULL,NULL,NULL,'-1'), ('653121','疏附县','653100','3',NULL,NULL,NULL,NULL,NULL,NULL,'-1'), ('653122','疏勒县','653100','3',NULL,NULL,NULL,NULL,NULL,NULL,'-1'), ('653123','英吉沙县','653100','3',NULL,NULL,NULL,NULL,NULL,NULL,'-1'), ('653124','泽普县','653100','3',NULL,NULL,NULL,NULL,NULL,NULL,'-1'), ('653125','莎车县','653100','3',NULL,NULL,NULL,NULL,NULL,NULL,'-1'), ('653126','叶城县','653100','3',NULL,NULL,NULL,NULL,NULL,NULL,'-1'), ('653127','麦盖提县','653100','3',NULL,NULL,NULL,NULL,NULL,NULL,'-1'), ('653128','岳普湖县','653100','3',NULL,NULL,NULL,NULL,NULL,NULL,'-1'), ('653129','伽师县','653100','3',NULL,NULL,NULL,NULL,NULL,NULL,'-1'), ('653130','巴楚县','653100','3',NULL,NULL,NULL,NULL,NULL,NULL,'-1'), ('653131','塔什库尔干塔吉克自治县','653100','3',NULL,NULL,NULL,NULL,NULL,NULL,'-1'), ('653200','和田地区','650000','2',NULL,NULL,NULL,NULL,NULL,NULL,'-1'), ('653201','和田市','653200','3',NULL,NULL,NULL,NULL,NULL,NULL,'-1'), ('653221','和田县','653200','3',NULL,NULL,NULL,NULL,NULL,NULL,'-1'), ('653222','墨玉县','653200','3',NULL,NULL,NULL,NULL,NULL,NULL,'-1'), ('653223','皮山县','653200','3',NULL,NULL,NULL,NULL,NULL,NULL,'-1'), ('653224','洛浦县','653200','3',NULL,NULL,NULL,NULL,NULL,NULL,'-1'), ('653225','策勒县','653200','3',NULL,NULL,NULL,NULL,NULL,NULL,'-1'), ('653226','于田县','653200','3',NULL,NULL,NULL,NULL,NULL,NULL,'-1'), ('653227','民丰县','653200','3',NULL,NULL,NULL,NULL,NULL,NULL,'-1'), ('654000','伊犁哈萨克自治州','650000','2',NULL,NULL,NULL,NULL,NULL,NULL,'-1'), ('654002','伊宁市','654000','3',NULL,NULL,NULL,NULL,NULL,NULL,'-1'), ('654003','奎屯市','654000','3',NULL,NULL,NULL,NULL,NULL,NULL,'-1'), ('654021','伊宁县','654000','3',NULL,NULL,NULL,NULL,NULL,NULL,'-1'), ('654022','察布查尔锡伯自治县','654000','3',NULL,NULL,NULL,NULL,NULL,NULL,'-1'), ('654023','霍城县','654000','3',NULL,NULL,NULL,NULL,NULL,NULL,'-1'), ('654024','巩留县','654000','3',NULL,NULL,NULL,NULL,NULL,NULL,'-1'), ('654025','新源县','654000','3',NULL,NULL,NULL,NULL,NULL,NULL,'-1'), ('654026','昭苏县','654000','3',NULL,NULL,NULL,NULL,NULL,NULL,'-1'), ('654027','特克斯县','654000','3',NULL,NULL,NULL,NULL,NULL,NULL,'-1'), ('654028','尼勒克县','654000','3',NULL,NULL,NULL,NULL,NULL,NULL,'-1'), ('654200','塔城地区','650000','2',NULL,NULL,NULL,NULL,NULL,NULL,'-1'), ('654201','塔城市','654200','3',NULL,NULL,NULL,NULL,NULL,NULL,'-1'), ('654202','乌苏市','654200','3',NULL,NULL,NULL,NULL,NULL,NULL,'-1'), ('654221','额敏县','654200','3',NULL,NULL,NULL,NULL,NULL,NULL,'-1'), ('654223','沙湾县','654200','3',NULL,NULL,NULL,NULL,NULL,NULL,'-1'), ('654224','托里县','654200','3',NULL,NULL,NULL,NULL,NULL,NULL,'-1'), ('654225','裕民县','654200','3',NULL,NULL,NULL,NULL,NULL,NULL,'-1'), ('654226','和布克赛尔蒙古自治县','654200','3',NULL,NULL,NULL,NULL,NULL,NULL,'-1'), ('654300','阿勒泰地区','650000','2',NULL,NULL,NULL,NULL,NULL,NULL,'-1'), ('654301','阿勒泰市','654300','3',NULL,NULL,NULL,NULL,NULL,NULL,'-1');
INSERT INTO `t_data_area` VALUES ('654321','布尔津县','654300','3',NULL,NULL,NULL,NULL,NULL,NULL,'-1'), ('654322','富蕴县','654300','3',NULL,NULL,NULL,NULL,NULL,NULL,'-1'), ('654323','福海县','654300','3',NULL,NULL,NULL,NULL,NULL,NULL,'-1'), ('654324','哈巴河县','654300','3',NULL,NULL,NULL,NULL,NULL,NULL,'-1'), ('654325','青河县','654300','3',NULL,NULL,NULL,NULL,NULL,NULL,'-1'), ('654326','吉木乃县','654300','3',NULL,NULL,NULL,NULL,NULL,NULL,'-1'), ('659000','自治区直辖县级行政区划','650000','2',NULL,NULL,NULL,NULL,NULL,NULL,'-1'), ('659001','石河子市','659000','3',NULL,NULL,NULL,NULL,NULL,NULL,'-1'), ('659002','阿拉尔市','659000','3',NULL,NULL,NULL,NULL,NULL,NULL,'-1'), ('659003','图木舒克市','659000','3',NULL,NULL,NULL,NULL,NULL,NULL,'-1'), ('659004','五家渠市   ','659000','3',NULL,NULL,NULL,NULL,NULL,NULL,'-1'), ('710000','台湾省','100000','1',NULL,NULL,NULL,NULL,NULL,NULL,'-1'), ('810000','香港特别行政区','100000','1',NULL,NULL,NULL,NULL,NULL,NULL,'-1'), ('820000','澳门特别行政区','100000','1',NULL,NULL,NULL,NULL,NULL,NULL,'-1');
INSERT INTO `t_data_atlas` VALUES ('1101705809693245440','1','12',NULL,NULL,NULL,'pap','2019-03-02 12:48:28','0.0.0.0','pap','2019-03-02 12:48:38',NULL,'pap');
INSERT INTO `t_data_atlas_detail` VALUES ('1101705851669839872',NULL,NULL,'1101705809693245440',NULL,'https://avatar.gitee.com/uploads/61/73661_alexgaoyh.png!avatar100?1415094407','12','pap','2019-03-02 12:48:38','0.0.0.0',NULL,NULL,NULL,'pap');
INSERT INTO `t_data_dict` VALUES ('1096776854720741376','a1','a1',NULL,NULL,'a1','pap','2019-02-16 22:22:33','0.0.0.0','pap','2019-02-16 22:23:01',NULL,'pap');
INSERT INTO `t_data_dict_detail` VALUES ('1096776854888513536','1a','1a','1096776854720741376','1a','1a','pap','2019-02-16 22:22:33','0.0.0.0','pap','2019-02-16 22:23:01',NULL,'pap'), ('1096776854917873664','2a','2a','1096776854720741376','2a','2a','pap','2019-02-16 22:22:33','0.0.0.0','pap','2019-02-16 22:23:01',NULL,'pap');
INSERT INTO `t_item_brand` VALUES ('1100728666180026368','耐克','耐克',NULL,NULL,NULL,NULL,NULL,NULL,'pap','2019-02-27 20:05:39',NULL,NULL,NULL,NULL,'pap'), ('1100728705832976384','阿迪达斯','阿迪达斯',NULL,NULL,NULL,NULL,NULL,NULL,'pap','2019-02-27 20:05:48',NULL,NULL,NULL,NULL,'pap'), ('1100728743413940224','锐步','锐步',NULL,NULL,NULL,NULL,NULL,NULL,'pap','2019-02-27 20:05:57',NULL,NULL,NULL,NULL,'pap'), ('1100728800720715776','小熊','小熊',NULL,NULL,NULL,NULL,NULL,NULL,'pap','2019-02-27 20:06:11',NULL,NULL,NULL,NULL,'pap');
INSERT INTO `t_item_category` VALUES ('1098549299479838720','衣服','衣服','-1',NULL,NULL,NULL,NULL,'pap','2019-02-21 19:45:37',NULL,NULL,NULL,NULL,'pap'), ('1098549326843478016','上衣','上衣','1098549299479838720','1098549299479838720','衣服','衣服',NULL,'pap','2019-02-21 19:45:44',NULL,NULL,NULL,NULL,'pap');
INSERT INTO `t_item_category_attr_key` VALUES ('1550751128631','单选（选项允许自定义）材质','1098549299479838720','NO','YES','NO','YES','NO','YES','NO','YES','NO','单选（选项允许自定义）',NULL,'pap','2019-02-21 20:12:40',NULL,'pap','2019-02-28 21:21:44',NULL,'pap'), ('1550751131677','单选（选项不可自定义）尺寸','1098549299479838720','YES','YES','NO','NO','YES','YES','YES','YES','YES','单选（选项不可自定义）',NULL,'pap','2019-02-21 20:12:40',NULL,'pap','2019-02-28 21:21:43',NULL,'pap'), ('1551269408882','多选（选项不可自定义）颜色','1098549299479838720','YES','YES','YES','NO','YES','YES','YES','YES','YES','多选（选项不可自定义）',NULL,NULL,NULL,NULL,'pap','2019-02-28 21:21:43',NULL,'pap'), ('1551269459269','多选（选项允许自定义）产地','1098549299479838720','YES','YES','YES','YES','YES','YES','YES','YES','YES','多选（选项允许自定义）',NULL,NULL,NULL,NULL,'pap','2019-02-28 21:21:43',NULL,'pap'), ('1551269491628','文本输入框','1098549299479838720','YES','NO','NO','YES','YES','YES','YES','NO','YES','文本输入框',NULL,NULL,NULL,NULL,'pap','2019-02-28 21:21:44',NULL,'pap');
INSERT INTO `t_item_category_attr_value` VALUES ('1098556104318648320','皮革','1550751128631','1098549299479838720',NULL,NULL,'pap','2019-02-21 20:12:40',NULL,'pap','2019-02-28 21:21:44',NULL,'pap'), ('1098556104394145792','160','1550751131677','1098549299479838720',NULL,NULL,'pap','2019-02-21 20:12:40',NULL,'pap','2019-02-28 21:21:44',NULL,'pap'), ('1098557598854021120','棉','1550751128631','1098549299479838720',NULL,NULL,'pap','2019-02-21 20:18:36',NULL,'pap','2019-02-28 21:21:44',NULL,'pap'), ('1098558097992974336','s1','1550751610318','1098549326843478016',NULL,NULL,'pap','2019-02-21 20:20:35',NULL,NULL,NULL,NULL,'pap'), ('1098558098005557248','s2','1550751610318','1098549326843478016',NULL,NULL,'pap','2019-02-21 20:20:35',NULL,NULL,NULL,NULL,'pap'), ('1098558098043305984','f3','1550751617646','1098549326843478016',NULL,NULL,'pap','2019-02-21 20:20:35',NULL,NULL,NULL,NULL,'pap'), ('1100730180927750144','165','1550751131677','1098549299479838720',NULL,NULL,'pap','2019-02-27 20:11:40',NULL,'pap','2019-02-28 21:21:44',NULL,'pap'), ('1100730180957110272','170','1550751131677','1098549299479838720',NULL,NULL,'pap','2019-02-27 20:11:40',NULL,'pap','2019-02-28 21:21:43',NULL,'pap'), ('1100730181087133696','蚕丝','1550751128631','1098549299479838720',NULL,NULL,'pap','2019-02-27 20:11:40',NULL,'pap','2019-02-28 21:21:44',NULL,'pap'), ('1100730181145853952','红','1551269408882','1098549299479838720',NULL,NULL,'pap','2019-02-27 20:11:40',NULL,'pap','2019-02-28 21:21:43',NULL,'pap'), ('1100730181166825472','紫','1551269408882','1098549299479838720',NULL,NULL,'pap','2019-02-27 20:11:40',NULL,'pap','2019-02-28 21:21:43',NULL,'pap'), ('1100730181187796992','蓝','1551269408882','1098549299479838720',NULL,NULL,'pap','2019-02-27 20:11:40',NULL,'pap','2019-02-28 21:21:43',NULL,'pap'), ('1100730181250711552','郑州富士康','1551269459269','1098549299479838720',NULL,NULL,'pap','2019-02-27 20:11:40',NULL,'pap','2019-02-28 21:21:43',NULL,'pap'), ('1100730181275877376','温州富士康','1551269459269','1098549299479838720',NULL,NULL,'pap','2019-02-27 20:11:40',NULL,'pap','2019-02-28 21:21:43',NULL,'pap'), ('1101110199881564160','许昌富士康','1551269459269','1098549299479838720',NULL,NULL,'pap','2019-02-28 21:21:43',NULL,NULL,NULL,NULL,'pap'), ('1101110200024170496','黑','1551269408882','1098549299479838720',NULL,NULL,'pap','2019-02-28 21:21:43',NULL,NULL,NULL,NULL,'pap'), ('1101110200170971136','155','1550751131677','1098549299479838720',NULL,NULL,'pap','2019-02-28 21:21:44',NULL,NULL,NULL,NULL,'pap'), ('1101110200305188864','人造皮','1550751128631','1098549299479838720',NULL,NULL,'pap','2019-02-28 21:21:44',NULL,NULL,NULL,NULL,'pap');
INSERT INTO `t_item_product` VALUES ('1100736555850399744','保暖衣','保暖衣',NULL,'小熊','1098549299479838720',NULL,NULL,NULL,'保暖衣','1','pap','2019-02-27 20:37:00',NULL,'pap','2019-02-28 21:26:47',NULL,'pap'), ('1114744125241950208','3','3',NULL,'小熊','1098549299479838720',NULL,NULL,NULL,'3','3','pap','2019-04-07 12:18:05',NULL,NULL,NULL,NULL,'pap');
INSERT INTO `t_item_product_detail` VALUES ('1101111475000311808','1100736555850399744','1551269459269','温州富士康,郑州富士康,保暖衣,许昌富士康',NULL,'pap','2019-02-28 21:26:47',NULL,'pap','2019-02-28 21:21:43',NULL,'pap'), ('1101111475029671936','1100736555850399744','1551269408882','蓝,紫,红,黑',NULL,'pap','2019-02-28 21:26:47',NULL,'pap','2019-02-28 21:21:43',NULL,'pap'), ('1101111475054837760','1100736555850399744','1550751131677','160',NULL,'pap','2019-02-28 21:26:47',NULL,'pap','2019-02-28 21:21:43',NULL,'pap'), ('1101111475071614976','1100736555850399744','1550751128631','人造皮',NULL,'pap','2019-02-28 21:26:47',NULL,'pap','2019-02-28 21:21:44',NULL,'pap'), ('1101111475088392192','1100736555850399744','1551269491628','自定义保暖衣值',NULL,'pap','2019-02-28 21:26:47',NULL,'pap','2019-02-28 21:21:44',NULL,'pap'), ('1114744125241950209','1114744125241950208','1551269459269','许昌富士康',NULL,'pap','2019-04-07 12:18:05',NULL,NULL,NULL,NULL,'pap'), ('1114744125304864768','1114744125241950208','1551269408882','蓝',NULL,'pap','2019-04-07 12:18:05',NULL,NULL,NULL,NULL,'pap'), ('1114744125304864769','1114744125241950208','1550751131677','155',NULL,'pap','2019-04-07 12:18:05',NULL,NULL,NULL,NULL,'pap'), ('1114744125304864770','1114744125241950208','1550751128631','人造皮',NULL,'pap','2019-04-07 12:18:05',NULL,NULL,NULL,NULL,'pap'), ('1114744125304864771','1114744125241950208','1551269491628','6',NULL,'pap','2019-04-07 12:18:05',NULL,NULL,NULL,NULL,'pap');
INSERT INTO `t_rbac_operation` VALUES ('CREATE','CREATE','创建','/','POST',NULL,NULL,NULL,NULL,NULL,NULL,NULL), ('DELETE','DELETE','删除','/','DELETE',NULL,NULL,NULL,NULL,NULL,NULL,NULL), ('EXPORT','EXPORT','导出','/export','POST',NULL,NULL,NULL,NULL,NULL,NULL,NULL), ('QUERY','QUERY','查询','/query','POST',NULL,NULL,NULL,NULL,NULL,NULL,NULL), ('SHOW','SHOW','详情','/{id}','GET',NULL,NULL,NULL,NULL,NULL,NULL,NULL), ('UPDATE','UPDATE','更新','/','PUT',NULL,NULL,NULL,NULL,NULL,NULL,NULL);
INSERT INTO `t_rbac_organization` VALUES ('1095493882461814784','111','111','1095493860810817536','1095493844062961664,1095493860810817536','1,11','1,11',NULL,NULL,NULL,NULL,NULL,NULL,NULL,NULL,'YES',NULL,'pap','2019-02-13 09:24:29',NULL,NULL,NULL,NULL,'pap'), ('1095493934274052096','121','121','1095493904330915840','1095493844062961664,1095493904330915840','1,12','1,12',NULL,NULL,NULL,NULL,NULL,NULL,NULL,NULL,'YES',NULL,'pap','2019-02-13 09:24:41',NULL,NULL,NULL,NULL,'pap'), ('1095494855477428224','1z','1z','-1',NULL,NULL,NULL,NULL,NULL,NULL,NULL,NULL,NULL,NULL,NULL,'YES',NULL,'pap','2019-02-13 09:28:21',NULL,NULL,NULL,NULL,'pap'), ('1095494873584238592','11','11','1095494855477428224','1095494855477428224','1z','1z',NULL,NULL,NULL,NULL,NULL,NULL,NULL,NULL,'YES',NULL,'pap','2019-02-13 09:28:25',NULL,NULL,NULL,NULL,'pap'), ('1095494895184904192','111','111','1095494873584238592','1095494855477428224,1095494873584238592','1z,11','1z,11',NULL,NULL,NULL,NULL,NULL,NULL,NULL,NULL,'YES',NULL,'pap','2019-02-13 09:28:30',NULL,NULL,NULL,NULL,'pap'), ('1095494936683347968','12','12','1095494855477428224','1095494855477428224','1z','1z',NULL,NULL,NULL,NULL,NULL,NULL,NULL,NULL,'YES',NULL,'pap','2019-02-13 09:28:40',NULL,NULL,NULL,NULL,'pap'), ('1095494955704516608','121','121','1095494936683347968','1095494855477428224,1095494936683347968','1z,12','1z,12',NULL,NULL,NULL,NULL,NULL,NULL,NULL,NULL,'YES',NULL,'pap','2019-02-13 09:28:45',NULL,NULL,NULL,NULL,'pap'), ('1095495006409457664','1211','1211','1095494955704516608','1095494855477428224,1095494936683347968,1095494955704516608','1z,12,121','1z,12,121',NULL,NULL,NULL,NULL,NULL,NULL,NULL,NULL,'YES',NULL,'pap','2019-02-13 09:28:57',NULL,NULL,NULL,NULL,'pap'), ('1095495051301093376','122','122','1095494936683347968','1095494855477428224,1095494936683347968','1z,12','1z,12',NULL,NULL,NULL,NULL,NULL,NULL,NULL,NULL,'YES',NULL,'pap','2019-02-13 09:29:08',NULL,NULL,NULL,NULL,'pap'), ('1095504262982533120','1111','1111','1095494895184904192','1095494855477428224,1095494873584238592,1095494895184904192','1z,11,111','1z,11,111',NULL,NULL,NULL,NULL,NULL,NULL,NULL,NULL,'YES',NULL,'pap','2019-02-13 10:05:44',NULL,NULL,NULL,NULL,'pap');
INSERT INTO `t_rbac_organization_user_rel` VALUES ('1095494855477428224:1095552942716485632','1095494855477428224','1095552942716485632','pap','2019-02-14 11:45:22','0.0.0.0',NULL,NULL,NULL,'pap');
INSERT INTO `t_rbac_permission` VALUES ('1096032219631190016','111z','222z','666z',NULL,NULL,NULL,NULL,NULL,NULL,NULL), ('1096033374365024256','1q','2q','6q',NULL,NULL,NULL,NULL,NULL,NULL,NULL);
INSERT INTO `t_rbac_permission_group` VALUES ('1096578717435559936','1','1','-1',NULL,NULL,NULL,NULL,'pap','2019-02-16 09:15:14',NULL,NULL,NULL,NULL,'pap'), ('1096578733319389184','11','11','1096578717435559936','1096578717435559936','1','1',NULL,'pap','2019-02-16 09:15:18',NULL,'pap','2019-02-16 09:17:04',NULL,'pap'), ('1096579205589630976','111','111','1096578733319389184','1096578717435559936,1096578733319389184','1,11','1,11',NULL,'pap','2019-02-16 09:17:10',NULL,NULL,NULL,NULL,'pap'), ('1096608129715535872','112','112','1096578733319389184','1096578717435559936,1096578733319389184','1,11','1,11',NULL,'pap','2019-02-16 11:12:06',NULL,NULL,NULL,NULL,'pap'), ('1096608152608047104','12','12','1096578717435559936','1096578717435559936','1','1',NULL,'pap','2019-02-16 11:12:12',NULL,NULL,NULL,NULL,'pap'), ('1096608178356879360','121','121','1096608152608047104','1096578717435559936,1096608152608047104','1,12','1,12',NULL,'pap','2019-02-16 11:12:18',NULL,NULL,NULL,NULL,'pap');
INSERT INTO `t_rbac_permission_group_permission_rel` VALUES ('1096579205589630976:1096033374365024256','1096579205589630976','1096033374365024256','pap','2019-02-16 09:59:43','0.0.0.0',NULL,NULL,NULL,'pap');
INSERT INTO `t_rbac_resource` VALUES ('14695338472449024','系统中心','系统中心','-1','MENU','/bus/sys','portal/common/home.vue','9999','xitongshezhi','SHOW','系统中心',NULL,NULL,NULL,NULL,NULL,NULL,'-1','2017-12-12 16:40:44','0.0.0.0','-1','2017-12-12 16:48:47','0.0.0.0','-1'), ('14695372744107008','组织机构','组织机构','14695338472449024','MENU','/bus/sys/rbac/orgation','portal/rbac/orgation.vue','9980','zuzhiguanli','SHOW','组织机构',NULL,NULL,NULL,'14695338472449024','系统中心','系统中心','-1','2017-12-12 16:49:27','0.0.0.0',NULL,NULL,NULL,'-1'), ('14695374982423552','用户管理','用户管理','14695338472449024','MENU','/bus/sys/rbac/user','portal/rbac/user.vue','9970','kehu','SHOW','用户管理',NULL,NULL,NULL,'14695338472449024','系统中心','系统中心','-1','2017-12-12 16:50:01','0.0.0.0',NULL,NULL,NULL,'-1'), ('14695377227424768','角色管理','角色管理','14695338472449024','MENU','/bus/sys/rbac/role','portal/rbac/role.vue','9960','jiaoseguanli','SHOW','角色管理',NULL,NULL,NULL,'14695338472449024','系统中心','系统中心','-1','2017-12-12 16:50:36','0.0.0.0',NULL,NULL,NULL,'-1'), ('14695379391161344','资源管理','资源管理','14695338472449024','MENU','/bus/sys/rbac/resource','portal/rbac/resource.vue','9950','ziyuanguanli','SHOW','资源管理',NULL,NULL,'','14695338472449024','系统中心','系统中心','-1','2017-12-12 16:50:36','0.0.0.0','-1','2018-07-31 11:57:05','0.0.0.0','-1'), ('15346587394909184','基础数据','基础数据','-1','MENU','/portal','portal/common/home.vue','9899','jichupeizhi','SHOW','基础数据',NULL,NULL,NULL,NULL,NULL,NULL,'-1','2018-04-06 17:01:54','0.0.0.0',NULL,NULL,NULL,'-1'), ('15346593029694464','字典管理','字典管理','15346587394909184','MENU','/portal/data/dict','portal/data/dict.vue','9870','zidianguanli','SHOW','字典管理',NULL,NULL,NULL,'15346587394909184','基础数据','基础数据','-1','2018-04-06 17:03:20','0.0.0.0',NULL,NULL,NULL,'-1'), ('15346595776701440','区域管理','区域管理','15346587394909184','MENU','/portal/data/area','portal/data/area.vue','9860','quyuguanli','SHOW','区域管理',NULL,NULL,NULL,'15346587394909184','基础数据','基础数据','-1','2018-04-06 17:04:02','0.0.0.0',NULL,NULL,NULL,'-1');
INSERT INTO `t_rbac_resource_operation_rel` VALUES ('1','14695372744107008','CREATE',NULL,NULL,'POST',NULL,NULL,NULL,NULL,NULL,NULL,NULL), ('10','14695372744107008',NULL,NULL,NULL,NULL,NULL,NULL,NULL,NULL,NULL,NULL,NULL), ('11','14695372744107008',NULL,NULL,NULL,NULL,NULL,NULL,NULL,NULL,NULL,NULL,NULL), ('12','14695372744107008',NULL,NULL,NULL,NULL,NULL,NULL,NULL,NULL,NULL,NULL,NULL), ('13','14695372744107008',NULL,NULL,NULL,NULL,NULL,NULL,NULL,NULL,NULL,NULL,NULL), ('14','14695372744107008',NULL,NULL,NULL,NULL,NULL,NULL,NULL,NULL,NULL,NULL,NULL), ('15','14695372744107008',NULL,NULL,NULL,NULL,NULL,NULL,NULL,NULL,NULL,NULL,NULL), ('16','14695372744107008',NULL,NULL,NULL,NULL,NULL,NULL,NULL,NULL,NULL,NULL,NULL), ('17','14695372744107008',NULL,NULL,NULL,NULL,NULL,NULL,NULL,NULL,NULL,NULL,NULL), ('18','14695372744107008',NULL,NULL,NULL,NULL,NULL,NULL,NULL,NULL,NULL,NULL,NULL), ('2','14695372744107008','DELETE',NULL,NULL,NULL,NULL,NULL,NULL,NULL,NULL,NULL,NULL), ('4','14695372744107008','QUERY',NULL,NULL,NULL,NULL,NULL,NULL,NULL,NULL,NULL,NULL), ('5','14695372744107008','SHOW',NULL,NULL,NULL,NULL,NULL,NULL,NULL,NULL,NULL,NULL), ('6','14695372744107008','UPDATE',NULL,NULL,NULL,NULL,NULL,NULL,NULL,NULL,NULL,NULL), ('7','14695372744107008',NULL,NULL,NULL,NULL,NULL,NULL,NULL,NULL,NULL,NULL,NULL), ('8','14695372744107008',NULL,NULL,NULL,NULL,NULL,NULL,NULL,NULL,NULL,NULL,NULL), ('9','14695372744107008',NULL,NULL,NULL,NULL,NULL,NULL,NULL,NULL,NULL,NULL,NULL);
INSERT INTO `t_rbac_resource_url` VALUES ('1096032219631190016','333z','444z','1096032219631190016',NULL,'555z','666z',NULL,NULL,NULL,NULL,NULL,NULL,NULL), ('1096033374365024256','3q','4q','1096033374365024256',NULL,'5q','6q',NULL,NULL,NULL,NULL,NULL,NULL,NULL);
INSERT INTO `t_rbac_role` VALUES ('1095514355845300224','1','1','-1',NULL,NULL,NULL,'0','YES',NULL,'pap','2019-02-13 10:45:50',NULL,NULL,NULL,NULL,'pap'), ('1095514376653242368','11','11','1095514355845300224','1095514355845300224','1','1','1','YES',NULL,'pap','2019-02-13 10:45:55',NULL,NULL,NULL,NULL,'pap'), ('1095514416301998080','12','12','1095514355845300224','1095514355845300224','1','1','1','YES',NULL,'pap','2019-02-13 10:46:05',NULL,NULL,NULL,NULL,'pap'), ('1095514443141349376','121','121','1095514416301998080','1095514355845300224,1095514416301998080','1,12','1,12','2','YES',NULL,'pap','2019-02-13 10:46:11',NULL,NULL,NULL,NULL,'pap'), ('1095515616447561728','111','111','1095514376653242368','1095514355845300224,1095514376653242368','1,11','1,11','2','YES',NULL,'pap','2019-02-13 10:50:51',NULL,NULL,NULL,NULL,'pap');
INSERT INTO `t_rbac_role_permission_rel` VALUES ('1096608322636742656','1095514355845300224','1096579205589630976',NULL,'pap','2019-02-16 11:12:52','0.0.0.0',NULL,NULL,NULL,'pap'), ('1096608322661908480','1095514355845300224','1096608152608047104',NULL,'pap','2019-02-16 11:12:52','0.0.0.0',NULL,NULL,NULL,'pap'), ('1096608322687074304','1095514355845300224','1096608178356879360',NULL,'pap','2019-02-16 11:12:52','0.0.0.0',NULL,NULL,NULL,'pap'), ('1096608416530432000','1095514416301998080','1096608129715535872',NULL,'pap','2019-02-16 11:13:15','0.0.0.0',NULL,NULL,NULL,'pap'), ('1096608423933378560','1095514443141349376','1096608152608047104',NULL,'pap','2019-02-16 11:13:16','0.0.0.0',NULL,NULL,NULL,'pap'), ('1096608423950155776','1095514443141349376','1096608178356879360',NULL,'pap','2019-02-16 11:13:16','0.0.0.0',NULL,NULL,NULL,'pap');
INSERT INTO `t_rbac_user` VALUES ('1095235730189320192','admin','admin','z@z.com','admin','admin','admin','NO','NO',NULL,NULL,NULL,NULL,'pap','2019-02-12 16:18:41',NULL,'pap','2019-02-20 15:37:13',NULL,'pap'), ('1095236684204736512','c','c','c@c.com','c','c','c','NO','NO',NULL,NULL,NULL,NULL,'pap','2019-02-12 16:22:28',NULL,NULL,NULL,NULL,'pap'), ('1095237775910764544','qq','qq','q@q.com','qq','qq','qq','NO','NO',NULL,NULL,NULL,NULL,'pap','2019-02-12 16:26:48',NULL,'pap','2019-02-12 16:26:58',NULL,'pap'), ('1095552942716485632','z','z','z@z.com','z','z','z',NULL,NULL,NULL,NULL,NULL,NULL,'pap','2019-02-13 13:19:10',NULL,NULL,NULL,NULL,'pap');
INSERT INTO `t_rbac_user_role_rel` VALUES ('admin','admin','admin',NULL,NULL,NULL,NULL,NULL,NULL,NULL,'pap');
